-- phpMyAdmin SQL Dump
-- version 4.8.3
-- https://www.phpmyadmin.net/
--
-- Host: localhost
-- Generation Time: May 01, 2019 at 10:29 AM
-- Server version: 5.6.42
-- PHP Version: 7.1.24

SET SQL_MODE = "NO_AUTO_VALUE_ON_ZERO";
SET AUTOCOMMIT = 0;
START TRANSACTION;
SET time_zone = "+00:00";


/*!40101 SET @OLD_CHARACTER_SET_CLIENT=@@CHARACTER_SET_CLIENT */;
/*!40101 SET @OLD_CHARACTER_SET_RESULTS=@@CHARACTER_SET_RESULTS */;
/*!40101 SET @OLD_COLLATION_CONNECTION=@@COLLATION_CONNECTION */;
/*!40101 SET NAMES utf8mb4 */;

--
-- Database: `eventy_splash_party`
--

-- --------------------------------------------------------

--
-- Table structure for table `agenda`
--

CREATE TABLE `agenda` (
  `id` int(11) NOT NULL,
  `created_at` datetime DEFAULT NULL,
  `updated_at` datetime DEFAULT NULL,
  `deleted_at` datetime DEFAULT NULL,
  `date` date DEFAULT NULL,
  `time_start` time DEFAULT NULL,
  `time_end` time DEFAULT NULL,
  `title` varchar(255) DEFAULT NULL,
  `location` varchar(255) DEFAULT NULL,
  `description` text
) ENGINE=InnoDB DEFAULT CHARSET=utf8;

--
-- Dumping data for table `agenda`
--

INSERT INTO `agenda` (`id`, `created_at`, `updated_at`, `deleted_at`, `date`, `time_start`, `time_end`, `title`, `location`, `description`) VALUES
(1, '2019-04-09 23:31:07', '2019-04-24 16:21:20', NULL, '2019-04-27', '06:00:00', '06:30:00', 'Breakfast', 'Bintang Bali Resort & Discovery', 'Enjoy Kuta, Bali premier location accompanied by our new modern minimalist architecture and comfortable interior design. We have 158 Deluxe Rooms a 32 sqm, which feature a King Size or Twin Bed with the option of a rollaway bed.\r\n\r\nBintang Kuta Hotel has 4 Suite Rooms a 64 sqm. Featuring with a king sized bed with a luxurious living room as well as full entertainment system to create unforgettable memories for you and your family. And also, we have 6 Family Rooms a 40sqm, which feature a king sized bed and twin bed that are comfortable and convenient for your entire family.\r\n\r\nNever leave your family behind when you come to Bali. Bintang Kuta Hotel proudly welcomes you and your family.'),
(2, '2019-04-09 23:31:07', '2019-04-14 15:20:17', '2019-04-18 11:20:54', '2019-04-27', '06:30:00', '07:00:00', 'Prepare to the beach area', 'Bintang Kuta Hotel', 'Jalan Kartika Plaza, Kuta, Kuta, Badung, Bali, Indonesia, 80361'),
(3, '2019-04-09 23:31:07', NULL, '2019-04-18 11:33:08', '2019-04-28', '06:00:00', '08:00:00', 'Breakfast', 'Discovery Kartika Plaza Hotel', ''),
(4, '2019-04-09 23:31:07', NULL, '2019-04-18 11:33:02', '2019-04-28', '08:00:00', '11:00:00', 'Free Time', 'Discovery Kartika Plaza Hotel', ''),
(5, '2019-04-18 11:13:41', NULL, '2019-04-18 11:20:49', '2019-04-27', '06:00:00', '06:30:00', 'Breakfast', 'Bintang Bali Resort / DKPH', 'Breakfast'),
(6, '2019-04-18 11:13:41', NULL, NULL, '2019-04-27', '06:30:00', '06:45:00', 'Check Out & Collect the Luggages', 'Lobby Bintang Bali Resort', 'Check Out & Collect the Luggages'),
(7, '2019-04-18 11:13:41', NULL, NULL, '2019-04-27', '06:45:00', '07:00:00', 'Move to the beach area', 'Pantai Bintang Bali Resort', 'Move to the beach area'),
(8, '2019-04-18 11:13:41', NULL, NULL, '2019-04-27', '07:00:00', '07:05:00', 'CSR: Distribution of equipments', 'Pantai Bintang Bali Resort', 'CSR: Distribution of equipments'),
(9, '2019-04-18 11:13:41', NULL, NULL, '2019-04-27', '07:05:00', '07:10:00', 'CSR: Opening by MC', 'Pantai Bintang Bali Resort', 'CSR: Opening by MC'),
(10, '2019-04-18 11:13:41', '2019-04-19 18:18:16', NULL, '2019-04-27', '07:10:00', '07:15:00', 'CSR: Opening Speech by CEO of Tiket.com', 'Pantai Bintang Bali Resort', 'CSR: Opening Speech by CEO of Tiket.com'),
(11, '2019-04-18 11:13:41', NULL, NULL, '2019-04-27', '07:15:00', '07:25:00', 'CSR: Trash Hero Presentation', 'Pantai Bintang Bali Resort', 'CSR: Trash Hero Presentation'),
(12, '2019-04-18 11:13:41', NULL, NULL, '2019-04-27', '07:25:00', '07:30:00', 'CSR: Event briefing by Trash Hero', 'Pantai Bintang Bali Resort', 'CSR: Event briefing by Trash Hero'),
(13, '2019-04-18 11:13:41', NULL, NULL, '2019-04-27', '07:30:00', '08:00:00', 'CSR: Garbage Collection', 'Pantai Bintang Bali Resort', 'CSR: Garbage Collection'),
(14, '2019-04-18 11:13:41', NULL, NULL, '2019-04-27', '08:00:00', '08:10:00', 'CSR: Collected Garbage Quick Count', 'Pantai Bintang Bali Resort', 'CSR: Collected Garbage Quick Count'),
(15, '2019-04-18 11:13:41', NULL, NULL, '2019-04-27', '08:10:00', '08:15:00', 'CSR: Gift Exchange by CEO Tiket.com &\nPresident of Trash Hero', 'Pantai Bintang Bali Resort', 'CSR: Gift Exchange by CEO Tiket.com &\nPresident of Trash Hero'),
(16, '2019-04-18 11:13:41', NULL, NULL, '2019-04-27', '08:15:00', '08:20:00', 'CSR: Briefing for Turtle Releasement', 'Pantai Bintang Bali Resort', 'CSR: Briefing for Turtle Releasement'),
(17, '2019-04-18 11:13:41', NULL, NULL, '2019-04-27', '08:20:00', '08:40:00', 'CSR: Releasement of Turtles', 'Pantai Bintang Bali Resort', 'CSR: Releasement of Turtles'),
(18, '2019-04-18 11:13:41', NULL, NULL, '2019-04-27', '08:40:00', '09:00:00', 'Water Break', 'Pantai Bintang Bali Resort', 'Water Break'),
(19, '2019-04-18 11:13:41', NULL, NULL, '2019-04-27', '09:00:00', '09:30:00', 'Participants Move to Outbound Area', 'Transfer To Pantai Kuta Bali', 'Participants Move to Outbound Area'),
(20, '2019-04-18 11:13:41', NULL, NULL, '2019-04-27', '09:30:00', '10:30:00', 'Outbound Session: Ice Breaking', 'Pantai Kuta Bali', 'Outbound Session: Ice Breaking'),
(21, '2019-04-18 11:13:41', NULL, NULL, '2019-04-27', '10:30:00', '12:30:00', 'Outbound Session: Games', 'Pantai Kuta Bali', 'Outbound Session: Games'),
(22, '2019-04-18 11:13:41', NULL, NULL, '2019-04-27', '12:30:00', '14:30:00', 'Lunch', 'Discovery Kartika Plaza Hotel', 'Lunch'),
(23, '2019-04-18 11:13:41', NULL, NULL, '2019-04-27', '14:30:00', '18:30:00', 'Free Time', 'Discovery Kartika Plaza Hotel', 'Free Time'),
(24, '2019-04-18 11:13:41', NULL, NULL, '2019-04-27', '18:30:00', '18:35:00', 'Gala Dinner: Opening Dinner by MC', 'HeliPad Area DKPH', 'Gala Dinner: Opening Dinner by MC'),
(25, '2019-04-18 11:13:41', NULL, NULL, '2019-04-27', '18:35:00', '18:40:00', 'Gala Dinner: MC Chit Chat with', 'HeliPad Area DKPH', 'Gala Dinner: MC Chit Chat with'),
(26, '2019-04-18 11:13:41', NULL, NULL, '2019-04-27', '18:40:00', '19:00:00', 'Gala Dinner: Music Playback', 'HeliPad Area DKPH', 'Gala Dinner: Music Playback'),
(27, '2019-04-18 11:13:41', NULL, NULL, '2019-04-27', '19:00:00', '20:00:00', 'Gala Dinner: TIX Band Performance', 'HeliPad Area DKPH', 'Gala Dinner: TIX Band Performance'),
(28, '2019-04-18 11:13:41', NULL, NULL, '2019-04-27', '20:00:00', '20:30:00', 'Participants Move to Ballroom', 'Transfer To Kharisma Ballroo', 'Participants Move to Ballroom'),
(29, '2019-04-18 11:13:41', NULL, NULL, '2019-04-27', '20:30:00', '20:35:00', 'Party: Opening Video - Event Highlight', 'Kharisma Ballroom DKPH', 'Party: Opening Video - Event Highlight'),
(30, '2019-04-18 11:13:41', NULL, NULL, '2019-04-27', '20:35:00', '20:40:00', 'Party: Opening by MC', 'Kharisma Ballroom DKPH', 'Party: Opening by MC'),
(31, '2019-04-18 11:13:41', '2019-04-22 13:36:00', NULL, '2019-04-27', '20:40:00', '20:45:00', 'Party: Opening Speech by CEO of Tiket.com', 'Kharisma Ballroom DKPH', 'Party: Opening Speech by CEO of Tiket.com'),
(32, '2019-04-18 11:13:41', NULL, NULL, '2019-04-27', '20:45:00', '21:15:00', 'Party: Outbound Winner Awards', 'Kharisma Ballroom DKPH', 'Party: Outbound Winner Awards'),
(33, '2019-04-18 11:13:41', '2019-04-23 08:46:26', NULL, '2019-04-27', '21:15:00', '21:30:00', 'Party: Launching of New Employee Bene', 'Kharisma Ballroom DKPH', 'Party: Launching of New Employee Bene'),
(34, '2019-04-18 11:13:41', NULL, NULL, '2019-04-27', '21:30:00', '22:30:00', 'Party: Project Pop Perfomance', 'Kharisma Ballroom DKPH', 'Party: Project Pop Perfomance'),
(35, '2019-04-18 11:13:41', NULL, NULL, '2019-04-27', '22:30:00', '22:35:00', 'Party: Closing by MC', 'Kharisma Ballroom DKPH', 'Party: Closing by MC'),
(36, '2019-04-18 11:13:41', NULL, NULL, '2019-04-27', '22:35:00', '00:00:00', 'Party: DJ RBA ft. Nindi Performance', 'Kharisma Ballroom DKPH', 'Party: DJ RBA ft. Nindi Performance'),
(37, '2019-04-18 11:34:27', NULL, NULL, '2019-04-28', '06:00:00', '08:00:00', 'Breakfast', 'Bintang Bali Resort / DKPH', 'Breakfast'),
(38, '2019-04-18 11:34:27', NULL, NULL, '2019-04-28', '08:00:00', '11:00:00', 'Free Time', 'Bintang Bali Resort / DKPH', 'Free Time'),
(39, '2019-04-18 11:34:27', NULL, NULL, '2019-04-28', '11:00:00', '11:15:00', 'Check Out & Gather at the Hotel Lobby', 'Lobby DKPH', 'Check Out & Gather at the Hotel Lobby'),
(40, '2019-04-18 11:34:27', NULL, NULL, '2019-04-28', '11:15:00', '11:45:00', 'Bus Transfer to Wanaku Restaurant', 'Transfer to Wanaku\nRestaurant', 'Bus Transfer to Wanaku Restaurant'),
(41, '2019-04-18 11:34:27', NULL, NULL, '2019-04-28', '11:45:00', '12:00:00', 'Arrival on Wanaku Restaurant', 'Wanaku Restaurant', 'Arrival on Wanaku Restaurant'),
(42, '2019-04-18 11:34:27', NULL, NULL, '2019-04-28', '12:00:00', '14:00:00', 'Lunch', 'Wanaku Restaurant', 'Lunch'),
(43, '2019-04-18 11:34:27', '2019-04-18 11:35:02', NULL, '2019-04-28', '14:00:00', '14:00:00', 'Closing', 'Wanaku Restaurant', 'Closing'),
(44, '2019-04-19 11:40:55', NULL, NULL, '2019-04-26', '12:00:00', '23:00:00', 'Arrival', 'Bintang Bali Resort', 'Arrival On Bintang Bali Resort');

-- --------------------------------------------------------

--
-- Table structure for table `agenda_document`
--

CREATE TABLE `agenda_document` (
  `id` int(11) NOT NULL,
  `created_at` datetime DEFAULT NULL,
  `updated_at` datetime DEFAULT NULL,
  `deleted_at` datetime DEFAULT NULL,
  `id_agenda` int(11) DEFAULT NULL,
  `id_document` int(11) DEFAULT NULL
) ENGINE=InnoDB DEFAULT CHARSET=utf8;

--
-- Dumping data for table `agenda_document`
--

INSERT INTO `agenda_document` (`id`, `created_at`, `updated_at`, `deleted_at`, `id_agenda`, `id_document`) VALUES
(1, NULL, NULL, NULL, 2, 1),
(3, NULL, NULL, NULL, 43, NULL),
(5, NULL, NULL, NULL, 44, NULL),
(6, NULL, NULL, NULL, 10, NULL),
(7, NULL, NULL, NULL, 31, NULL),
(8, NULL, NULL, NULL, 33, NULL),
(9, NULL, NULL, NULL, 1, 1);

-- --------------------------------------------------------

--
-- Table structure for table `agenda_speaker`
--

CREATE TABLE `agenda_speaker` (
  `id` int(11) NOT NULL,
  `created_at` datetime DEFAULT NULL,
  `updated_at` datetime DEFAULT NULL,
  `deleted_at` datetime DEFAULT NULL,
  `id_agenda` int(11) DEFAULT NULL,
  `id_speaker` int(11) DEFAULT NULL
) ENGINE=InnoDB DEFAULT CHARSET=utf8;

--
-- Dumping data for table `agenda_speaker`
--

INSERT INTO `agenda_speaker` (`id`, `created_at`, `updated_at`, `deleted_at`, `id_agenda`, `id_speaker`) VALUES
(1, NULL, NULL, NULL, 2, 1),
(3, NULL, NULL, NULL, 43, NULL),
(5, NULL, NULL, NULL, 44, NULL),
(6, NULL, NULL, NULL, 10, NULL),
(7, NULL, NULL, NULL, 31, NULL),
(8, NULL, NULL, NULL, 33, NULL),
(9, NULL, NULL, NULL, 1, 1);

-- --------------------------------------------------------

--
-- Table structure for table `auth`
--

CREATE TABLE `auth` (
  `id` int(11) NOT NULL,
  `created_at` datetime DEFAULT NULL,
  `updated_at` datetime DEFAULT NULL,
  `deleted_at` datetime DEFAULT NULL,
  `type` varchar(50) DEFAULT NULL,
  `value` varchar(255) DEFAULT NULL
) ENGINE=InnoDB DEFAULT CHARSET=utf8;

--
-- Dumping data for table `auth`
--

INSERT INTO `auth` (`id`, `created_at`, `updated_at`, `deleted_at`, `type`, `value`) VALUES
(1, '2018-12-09 11:11:23', '2019-04-17 22:53:20', NULL, 'splashscreen', 'uploads/setting/4644c749e3a8ace14862ee707602f58a.png'),
(2, '2018-12-09 11:11:23', '2019-04-17 19:34:56', NULL, 'logo', 'uploads/setting/099e11d90b1be05208a5618199dbf5b7.png'),
(3, '2018-12-09 11:11:23', NULL, NULL, 'background_color', '#0064D2'),
(4, '2018-12-09 11:11:23', NULL, NULL, 'button_color', '#FDAB03'),
(5, '2018-12-09 11:11:23', NULL, NULL, 'icon_color_primary', '#0064D2'),
(6, '2018-12-09 11:11:23', NULL, NULL, 'icon_color_secondary', '#FEDD00'),
(7, '2018-12-09 11:11:23', '2019-02-22 10:28:16', NULL, 'event_name', 'Splash Party'),
(8, '2018-12-09 11:11:23', '2019-04-18 12:46:59', NULL, 'event_date_start', '2019-04-26'),
(9, '2018-12-09 11:11:23', '2019-02-22 10:28:16', NULL, 'event_date_end', '2019-04-28');

-- --------------------------------------------------------

--
-- Table structure for table `cms_apicustom`
--

CREATE TABLE `cms_apicustom` (
  `id` int(10) UNSIGNED NOT NULL,
  `permalink` varchar(255) COLLATE utf8mb4_unicode_ci DEFAULT NULL,
  `tabel` varchar(255) COLLATE utf8mb4_unicode_ci DEFAULT NULL,
  `aksi` varchar(255) COLLATE utf8mb4_unicode_ci DEFAULT NULL,
  `kolom` varchar(255) COLLATE utf8mb4_unicode_ci DEFAULT NULL,
  `orderby` varchar(255) COLLATE utf8mb4_unicode_ci DEFAULT NULL,
  `sub_query_1` varchar(255) COLLATE utf8mb4_unicode_ci DEFAULT NULL,
  `sql_where` varchar(255) COLLATE utf8mb4_unicode_ci DEFAULT NULL,
  `nama` varchar(255) COLLATE utf8mb4_unicode_ci DEFAULT NULL,
  `keterangan` varchar(255) COLLATE utf8mb4_unicode_ci DEFAULT NULL,
  `parameter` varchar(255) COLLATE utf8mb4_unicode_ci DEFAULT NULL,
  `created_at` timestamp NULL DEFAULT NULL,
  `updated_at` timestamp NULL DEFAULT NULL,
  `method_type` varchar(25) COLLATE utf8mb4_unicode_ci DEFAULT NULL,
  `parameters` longtext COLLATE utf8mb4_unicode_ci,
  `responses` longtext COLLATE utf8mb4_unicode_ci
) ENGINE=InnoDB DEFAULT CHARSET=utf8mb4 COLLATE=utf8mb4_unicode_ci;

-- --------------------------------------------------------

--
-- Table structure for table `cms_apikey`
--

CREATE TABLE `cms_apikey` (
  `id` int(10) UNSIGNED NOT NULL,
  `screetkey` varchar(255) COLLATE utf8mb4_unicode_ci DEFAULT NULL,
  `hit` int(11) DEFAULT NULL,
  `status` varchar(25) COLLATE utf8mb4_unicode_ci NOT NULL DEFAULT 'active',
  `created_at` timestamp NULL DEFAULT NULL,
  `updated_at` timestamp NULL DEFAULT NULL
) ENGINE=InnoDB DEFAULT CHARSET=utf8mb4 COLLATE=utf8mb4_unicode_ci;

-- --------------------------------------------------------

--
-- Table structure for table `cms_dashboard`
--

CREATE TABLE `cms_dashboard` (
  `id` int(10) UNSIGNED NOT NULL,
  `name` varchar(255) COLLATE utf8mb4_unicode_ci DEFAULT NULL,
  `id_cms_privileges` int(11) DEFAULT NULL,
  `content` longtext COLLATE utf8mb4_unicode_ci,
  `created_at` timestamp NULL DEFAULT NULL,
  `updated_at` timestamp NULL DEFAULT NULL
) ENGINE=InnoDB DEFAULT CHARSET=utf8mb4 COLLATE=utf8mb4_unicode_ci;

-- --------------------------------------------------------

--
-- Table structure for table `cms_email_queues`
--

CREATE TABLE `cms_email_queues` (
  `id` int(10) UNSIGNED NOT NULL,
  `send_at` datetime DEFAULT NULL,
  `email_recipient` varchar(255) COLLATE utf8mb4_unicode_ci DEFAULT NULL,
  `email_from_email` varchar(255) COLLATE utf8mb4_unicode_ci DEFAULT NULL,
  `email_from_name` varchar(255) COLLATE utf8mb4_unicode_ci DEFAULT NULL,
  `email_cc_email` varchar(255) COLLATE utf8mb4_unicode_ci DEFAULT NULL,
  `email_subject` varchar(255) COLLATE utf8mb4_unicode_ci DEFAULT NULL,
  `email_content` text COLLATE utf8mb4_unicode_ci,
  `email_attachments` text COLLATE utf8mb4_unicode_ci,
  `is_sent` tinyint(1) DEFAULT NULL,
  `created_at` timestamp NULL DEFAULT NULL,
  `updated_at` timestamp NULL DEFAULT NULL
) ENGINE=InnoDB DEFAULT CHARSET=utf8mb4 COLLATE=utf8mb4_unicode_ci;

-- --------------------------------------------------------

--
-- Table structure for table `cms_email_templates`
--

CREATE TABLE `cms_email_templates` (
  `id` int(10) UNSIGNED NOT NULL,
  `name` varchar(255) COLLATE utf8mb4_unicode_ci DEFAULT NULL,
  `slug` varchar(255) COLLATE utf8mb4_unicode_ci DEFAULT NULL,
  `subject` varchar(255) COLLATE utf8mb4_unicode_ci DEFAULT NULL,
  `content` longtext COLLATE utf8mb4_unicode_ci,
  `description` varchar(255) COLLATE utf8mb4_unicode_ci DEFAULT NULL,
  `from_name` varchar(255) COLLATE utf8mb4_unicode_ci DEFAULT NULL,
  `from_email` varchar(255) COLLATE utf8mb4_unicode_ci DEFAULT NULL,
  `cc_email` varchar(255) COLLATE utf8mb4_unicode_ci DEFAULT NULL,
  `created_at` timestamp NULL DEFAULT NULL,
  `updated_at` timestamp NULL DEFAULT NULL
) ENGINE=InnoDB DEFAULT CHARSET=utf8mb4 COLLATE=utf8mb4_unicode_ci;

--
-- Dumping data for table `cms_email_templates`
--

INSERT INTO `cms_email_templates` (`id`, `name`, `slug`, `subject`, `content`, `description`, `from_name`, `from_email`, `cc_email`, `created_at`, `updated_at`) VALUES
(1, 'Email Template Forgot Password Backend', 'forgot_password_backend', NULL, '<p>Hi,</p><p>Someone requested forgot password, here is your new password : </p><p>[password]</p><p><br></p><p>--</p><p>Regards,</p><p>Admin</p>', '[password]', 'System', 'system@crudbooster.com', NULL, '2019-02-22 03:21:17', NULL),
(2, 'Email Template Forgot Password Apps', 'forgot_password_apps', 'Forgot Password Splash Party', '<h4><font face=\"Arial\"><b>Hello!</b></font></h4>\r\n<p><font face=\"Arial\">You are receiving this email because we received a password request for your account.\r\nPlease login with your new password in app.</font></p>\r\n<p><font face=\"Arial\"><br></font></p>\r\n<p style=\"text-align: center;\"><font face=\"Arial\">\r\n</font>\r\n<span style=\"\r\nbackground-color: #3c8dbc;\r\ncursor: default;\r\ncolor: white;\r\npadding: 15px 32px;\r\ntext-align: center;\r\nfont-size: 16px;\r\ntext-decoration: none;\r\ndisplay: inline-block;\r\nmargin: 4px 2px;\">\r\n<font face=\"Arial\">[password]\r\n</font></span>\r\n<font face=\"Arial\"><font face=\"Arial\">\r\n</font></font></p><font face=\"Arial\">\r\n<p><font face=\"Arial\"><br></font></p>\r\n<p><font face=\"Arial\">If you did not request a password reset, no further action is request.</font>\r\n<br><br><font face=\"Arial\">Regards,</font>\r\n<br><font face=\"Arial\">Admin</font></p></font>', '[password]', 'Splash Party', 'system@mail.eventy.id', NULL, '2019-02-22 03:21:17', '2019-04-14 05:05:09'),
(3, 'Send Password User', 'send_password_user', 'User Account', '<p>Hi [name],</p><p><br></p><p>The default login password to your account is [password].</p><p>We recommend for changing the default login password in order to protect your account from unauthorized access on your application.</p><p>Please do not reply to this email.</p><p><br></p><p>Thank you.&nbsp;</p>', '[password]', 'Splash Party', 'system@mail.eventy.id', NULL, '2019-02-22 10:21:17', '2019-04-22 18:05:21');

-- --------------------------------------------------------

--
-- Table structure for table `cms_logs`
--

CREATE TABLE `cms_logs` (
  `id` int(10) UNSIGNED NOT NULL,
  `ipaddress` varchar(50) COLLATE utf8mb4_unicode_ci DEFAULT NULL,
  `useragent` varchar(255) COLLATE utf8mb4_unicode_ci DEFAULT NULL,
  `url` varchar(255) COLLATE utf8mb4_unicode_ci DEFAULT NULL,
  `description` varchar(255) COLLATE utf8mb4_unicode_ci DEFAULT NULL,
  `details` text COLLATE utf8mb4_unicode_ci,
  `id_cms_users` int(11) DEFAULT NULL,
  `created_at` timestamp NULL DEFAULT NULL,
  `updated_at` timestamp NULL DEFAULT NULL
) ENGINE=InnoDB DEFAULT CHARSET=utf8mb4 COLLATE=utf8mb4_unicode_ci;

--
-- Dumping data for table `cms_logs`
--

INSERT INTO `cms_logs` (`id`, `ipaddress`, `useragent`, `url`, `description`, `details`, `id_cms_users`, `created_at`, `updated_at`) VALUES
(1, '127.0.0.1', 'Mozilla/5.0 (Macintosh; Intel Mac OS X 10_14_4) AppleWebKit/537.36 (KHTML, like Gecko) Chrome/73.0.3683.103 Safari/537.36', 'http://eventy_splash.test/admin/login', 'admin@crudbooster.com login with IP Address 127.0.0.1', '', 1, '2019-04-27 11:19:34', NULL),
(2, '127.0.0.1', 'Mozilla/5.0 (Macintosh; Intel Mac OS X 10_14_4) AppleWebKit/537.36 (KHTML, like Gecko) Chrome/73.0.3683.103 Safari/537.36', 'http://eventy_splash.test/admin/login', 'admin@crudbooster.com login with IP Address 127.0.0.1', '', 1, '2019-04-30 11:02:24', NULL);

-- --------------------------------------------------------

--
-- Table structure for table `cms_menus`
--

CREATE TABLE `cms_menus` (
  `id` int(10) UNSIGNED NOT NULL,
  `name` varchar(255) COLLATE utf8mb4_unicode_ci DEFAULT NULL,
  `type` varchar(255) COLLATE utf8mb4_unicode_ci NOT NULL DEFAULT 'url',
  `path` varchar(255) COLLATE utf8mb4_unicode_ci DEFAULT NULL,
  `color` varchar(255) COLLATE utf8mb4_unicode_ci DEFAULT NULL,
  `icon` varchar(255) COLLATE utf8mb4_unicode_ci DEFAULT NULL,
  `parent_id` int(11) DEFAULT NULL,
  `is_active` tinyint(1) NOT NULL DEFAULT '1',
  `is_dashboard` tinyint(1) NOT NULL DEFAULT '0',
  `id_cms_privileges` int(11) DEFAULT NULL,
  `sorting` int(11) DEFAULT NULL,
  `created_at` timestamp NULL DEFAULT NULL,
  `updated_at` timestamp NULL DEFAULT NULL
) ENGINE=InnoDB DEFAULT CHARSET=utf8mb4 COLLATE=utf8mb4_unicode_ci;

--
-- Dumping data for table `cms_menus`
--

INSERT INTO `cms_menus` (`id`, `name`, `type`, `path`, `color`, `icon`, `parent_id`, `is_active`, `is_dashboard`, `id_cms_privileges`, `sorting`, `created_at`, `updated_at`) VALUES
(1, 'Preference', 'Route', 'AdminSettingControllerGetIndex', 'normal', 'fa fa-circle-o', 26, 1, 0, 1, 3, '2019-02-22 03:27:10', '2019-04-15 01:13:45'),
(2, 'Participant', 'Route', 'AdminParticipantControllerGetIndex', 'normal', 'fa fa-users', 0, 1, 0, 1, 4, '2019-02-22 04:02:33', '2019-02-25 00:07:46'),
(3, 'Banner', 'Route', 'AdminBannerControllerGetIndex', 'normal', 'fa fa-circle-o', 26, 1, 0, 1, 1, '2019-02-22 05:16:33', '2019-02-25 00:09:47'),
(4, 'Setting', 'URL', 'javascript:void(0)', 'normal', 'fa fa-gears', 0, 1, 0, 1, 8, '2019-02-22 05:17:08', '2019-02-25 00:08:36'),
(5, 'Document', 'Route', 'AdminDocumentControllerGetIndex', 'normal', 'fa fa-file-excel-o', 0, 1, 0, 1, 13, '2019-02-22 05:42:00', '2019-02-25 00:07:58'),
(6, 'Module', 'Route', 'AdminModuleControllerGetIndex', 'normal', 'fa fa-circle-o', 26, 1, 0, 1, 2, '2019-02-22 07:11:22', '2019-02-25 00:09:22'),
(7, 'Agenda', 'Route', 'AdminAgendaControllerGetIndex', 'normal', 'fa fa-calendar', 0, 1, 0, 1, 9, '2019-02-22 20:32:42', '2019-02-25 00:06:10'),
(8, 'Speaker', 'Route', 'AdminSpeakerControllerGetIndex', 'normal', 'fa fa-user-md', 0, 1, 0, 1, 5, '2019-02-22 21:00:52', '2019-02-25 00:08:14'),
(9, 'Survey', 'URL', 'javascript:void(0)', 'normal', 'fa fa-file-text-o', 0, 1, 0, 1, 15, '2019-02-22 21:15:08', '2019-02-25 00:06:47'),
(10, 'Survey Question', 'Route', 'AdminSurveyQuestionControllerGetIndex', 'normal', 'fa fa-circle-o', 9, 1, 0, 1, 2, '2019-02-22 21:16:55', '2019-02-25 00:07:10'),
(11, 'Survey Answer', 'Route', 'AdminSurveyAnswerControllerGetIndex', 'normal', 'fa fa-circle-o', 9, 1, 0, 1, 1, '2019-02-22 21:49:56', '2019-02-25 00:06:59'),
(13, 'QnA', 'Route', 'AdminQnaControllerGetIndex', 'normal', 'fa fa-question-circle', 0, 1, 0, 1, 10, '2019-02-23 02:13:46', '2019-02-25 00:06:25'),
(15, 'Feedback', 'Route', 'AdminFeedbackControllerGetIndex', 'normal', 'fa fa-star-o', 0, 1, 0, 1, 14, '2019-02-23 02:52:11', '2019-02-25 00:06:37'),
(17, 'Index', 'Route', 'AdminIndexControllerGetIndex', 'normal', 'fa fa-dashboard', 0, 1, 1, 1, 1, '2019-02-23 03:09:29', '2019-02-25 00:04:43'),
(18, 'Notification', 'Route', 'AdminNotificationControllerGetIndex', 'normal', 'fa fa-bullhorn', 0, 1, 0, 1, 3, '2019-02-23 03:15:28', '2019-02-25 00:06:01'),
(19, 'Report', 'URL', 'javascript:void(0)', 'normal', 'fa fa-file-excel-o', 0, 1, 0, 1, 7, '2019-02-23 03:16:34', '2019-02-25 13:39:07'),
(20, 'Check In', 'Route', 'AdminCheckInControllerGetIndex', 'normal', 'fa fa-qrcode', 0, 1, 0, 1, 2, '2019-02-23 10:48:57', '2019-02-25 00:04:54'),
(21, 'Check In Location', 'Route', 'AdminScanTypeControllerGetIndex', 'normal', 'fa fa-circle-o', 4, 1, 0, 1, 1, '2019-02-24 13:35:41', '2019-04-17 12:41:52'),
(23, 'Data Survey', 'Route', 'AdminReportSurveyControllerGetIndex', 'normal', 'fa fa-circle-o', 19, 1, 0, 1, 5, '2019-02-25 12:03:23', '2019-04-15 01:32:07'),
(25, 'Data Participant', 'Route', 'AdminReportParticipantControllerGetIndex', 'normal', 'fa fa-circle-o', 19, 1, 0, 1, 1, '2019-02-25 13:10:25', '2019-04-15 01:31:48'),
(26, 'Layout', 'URL', 'javascript:void(0)', 'normal', 'fa fa-mobile-phone', 0, 1, 0, 1, 6, '2019-04-15 01:05:36', '2019-04-17 19:36:03'),
(27, 'Maps', 'Route', 'AdminMapsControllerGetIndex', 'normal', 'fa fa-map-o', 0, 1, 0, 1, 11, '2019-04-15 01:17:15', '2019-04-15 01:23:41'),
(28, 'Gallery', 'Route', 'AdminGalleryControllerGetIndex', 'normal', 'fa fa-image', 0, 1, 0, 1, 12, '2019-04-15 01:19:19', '2019-04-17 19:37:58'),
(29, 'Quiz', 'URL', 'javascript:void(0)', 'normal', 'fa fa-clock-o', 0, 0, 0, 1, 3, '2019-04-15 01:20:32', '2019-04-15 01:20:44'),
(30, 'Question', 'Route', 'AdminQuizQuestionControllerGetIndex', 'normal', 'fa fa-circle-o', 29, 0, 0, 1, 2, '2019-04-15 01:21:52', '2019-04-15 01:23:33'),
(31, 'Answer', 'Route', 'AdminQuizAnswerControllerGetIndex', 'normal', 'fa fa-circle-o', 29, 0, 0, 1, 1, '2019-04-15 01:22:43', '2019-04-15 01:23:25'),
(32, 'Voucher', 'Route', 'AdminVoucherControllerGetIndex', NULL, 'fa fa-shopping-bag', 0, 0, 0, 1, 4, '2019-04-15 01:25:16', NULL),
(33, 'About', 'Route', 'AdminAboutControllerGetIndex', 'normal', 'fa fa-question-circle', 0, 1, 0, 1, 17, '2019-04-15 01:26:40', '2019-04-17 19:38:11'),
(34, 'Help', 'Route', 'AdminHelpControllerGetIndex', 'normal', 'fa fa-question-circle', 0, 1, 0, 1, 18, '2019-04-15 01:27:08', '2019-04-17 19:38:18'),
(35, 'Data Check In', 'Route', 'AdminReportCheckinControllerGetIndex', 'normal', 'fa fa-circle-o', 19, 1, 0, 1, 2, '2019-04-15 01:33:18', '2019-04-17 13:29:24'),
(36, 'Data Voucher', 'Route', 'AdminReportVoucherControllerGetIndex', 'normal', 'fa fa-circle-o', 0, 0, 0, 1, 2, '2019-04-15 01:34:01', '2019-04-17 19:36:18'),
(37, 'Data QnA', 'Route', 'AdminReportQnaControllerGetIndex', 'normal', 'fa fa-circle-o', 19, 1, 0, 1, 3, '2019-04-15 01:34:45', '2019-04-17 19:36:29'),
(38, 'Data Quiz', 'Route', 'AdminReportQuizControllerGetIndex', 'normal', 'fa fa-circle-o', 0, 0, 0, 1, 1, '2019-04-15 01:35:24', '2019-04-17 19:36:45'),
(39, 'Data Feedback', 'Route', 'AdminReportFeedbackControllerGetIndex', 'normal', 'fa fa-circle-o', 19, 1, 0, 1, 4, '2019-04-15 01:36:08', '2019-04-17 19:37:09'),
(40, 'Backup Database', 'Route', 'AdminBackupDatabaseControllerGetIndex', NULL, 'fa fa-circle-o', 4, 1, 0, 1, 3, '2019-04-15 01:37:52', NULL),
(41, 'Downlaod File', 'Route', 'AdminDownloadFileGalleryControllerGetIndex', 'normal', 'fa fa-circle-o', 4, 1, 0, 1, 2, '2019-04-15 01:38:31', '2019-04-17 19:37:46'),
(42, 'Gallery Image', 'Route', 'AdminGalleryImageControllerGetIndex', NULL, 'fa fa-image', 0, 0, 0, 1, 5, '2019-04-17 16:22:22', NULL),
(43, 'Survey Option', 'Route', 'AdminSurveyOptionControllerGetIndex', NULL, 'fa fa-file-o', 0, 0, 0, 1, 6, '2019-04-17 19:58:09', NULL);

-- --------------------------------------------------------

--
-- Table structure for table `cms_menus_privileges`
--

CREATE TABLE `cms_menus_privileges` (
  `id` int(10) UNSIGNED NOT NULL,
  `id_cms_menus` int(11) DEFAULT NULL,
  `id_cms_privileges` int(11) DEFAULT NULL
) ENGINE=InnoDB DEFAULT CHARSET=utf8mb4 COLLATE=utf8mb4_unicode_ci;

--
-- Dumping data for table `cms_menus_privileges`
--

INSERT INTO `cms_menus_privileges` (`id`, `id_cms_menus`, `id_cms_privileges`) VALUES
(18, 12, 1),
(21, 14, 1),
(34, 17, 2),
(35, 17, 1),
(36, 20, 2),
(37, 20, 1),
(38, 18, 2),
(39, 18, 1),
(40, 7, 2),
(41, 7, 1),
(42, 13, 2),
(43, 13, 1),
(44, 15, 2),
(45, 15, 1),
(46, 9, 2),
(47, 9, 1),
(48, 11, 2),
(49, 11, 1),
(50, 10, 2),
(51, 10, 1),
(54, 2, 2),
(55, 2, 1),
(56, 5, 2),
(57, 5, 1),
(58, 8, 2),
(59, 8, 1),
(60, 4, 2),
(61, 4, 1),
(64, 6, 2),
(65, 6, 1),
(66, 3, 2),
(67, 3, 1),
(68, 22, 2),
(69, 22, 1),
(75, 19, 2),
(76, 19, 1),
(79, 24, 2),
(80, 24, 1),
(84, 16, 2),
(85, 16, 1),
(86, 1, 2),
(87, 1, 1),
(94, 29, 2),
(95, 29, 1),
(101, 31, 2),
(102, 31, 1),
(103, 30, 2),
(104, 30, 1),
(105, 27, 2),
(106, 27, 1),
(107, 32, 1),
(110, 25, 2),
(111, 25, 1),
(112, 23, 2),
(113, 23, 1),
(120, 40, 1),
(122, 21, 2),
(123, 21, 1),
(125, 35, 2),
(126, 35, 1),
(127, 42, 1),
(128, 26, 2),
(129, 26, 1),
(130, 36, 2),
(131, 36, 1),
(132, 37, 2),
(133, 37, 1),
(134, 38, 2),
(135, 38, 1),
(136, 39, 2),
(137, 39, 1),
(139, 41, 2),
(140, 41, 1),
(141, 28, 2),
(142, 28, 1),
(143, 33, 2),
(144, 33, 1),
(145, 34, 2),
(146, 34, 1),
(147, 43, 1);

-- --------------------------------------------------------

--
-- Table structure for table `cms_moduls`
--

CREATE TABLE `cms_moduls` (
  `id` int(10) UNSIGNED NOT NULL,
  `name` varchar(255) COLLATE utf8mb4_unicode_ci DEFAULT NULL,
  `icon` varchar(255) COLLATE utf8mb4_unicode_ci DEFAULT NULL,
  `path` varchar(255) COLLATE utf8mb4_unicode_ci DEFAULT NULL,
  `table_name` varchar(255) COLLATE utf8mb4_unicode_ci DEFAULT NULL,
  `controller` varchar(255) COLLATE utf8mb4_unicode_ci DEFAULT NULL,
  `is_protected` tinyint(1) NOT NULL DEFAULT '0',
  `is_active` tinyint(1) NOT NULL DEFAULT '0',
  `created_at` timestamp NULL DEFAULT NULL,
  `updated_at` timestamp NULL DEFAULT NULL,
  `deleted_at` timestamp NULL DEFAULT NULL
) ENGINE=InnoDB DEFAULT CHARSET=utf8mb4 COLLATE=utf8mb4_unicode_ci;

--
-- Dumping data for table `cms_moduls`
--

INSERT INTO `cms_moduls` (`id`, `name`, `icon`, `path`, `table_name`, `controller`, `is_protected`, `is_active`, `created_at`, `updated_at`, `deleted_at`) VALUES
(1, 'Notifications', 'fa fa-cog', 'notifications', 'cms_notifications', 'NotificationsController', 1, 1, '2019-02-22 03:21:17', NULL, NULL),
(2, 'Privileges', 'fa fa-cog', 'privileges', 'cms_privileges', 'PrivilegesController', 1, 1, '2019-02-22 03:21:17', NULL, NULL),
(3, 'Privileges Roles', 'fa fa-cog', 'privileges_roles', 'cms_privileges_roles', 'PrivilegesRolesController', 1, 1, '2019-02-22 03:21:17', NULL, NULL),
(4, 'Users Management', 'fa fa-users', 'users', 'cms_users', 'AdminCmsUsersController', 0, 1, '2019-02-22 03:21:17', NULL, NULL),
(5, 'Settings', 'fa fa-cog', 'settings', 'cms_settings', 'SettingsController', 1, 1, '2019-02-22 03:21:17', NULL, NULL),
(6, 'Module Generator', 'fa fa-database', 'module_generator', 'cms_moduls', 'ModulsController', 1, 1, '2019-02-22 03:21:17', NULL, NULL),
(7, 'Menu Management', 'fa fa-bars', 'menu_management', 'cms_menus', 'MenusController', 1, 1, '2019-02-22 03:21:17', NULL, NULL),
(8, 'Email Templates', 'fa fa-envelope-o', 'email_templates', 'cms_email_templates', 'EmailTemplatesController', 1, 1, '2019-02-22 03:21:17', NULL, NULL),
(9, 'Statistic Builder', 'fa fa-dashboard', 'statistic_builder', 'cms_statistics', 'StatisticBuilderController', 1, 1, '2019-02-22 03:21:17', NULL, NULL),
(10, 'API Generator', 'fa fa-cloud-download', 'api_generator', '', 'ApiCustomController', 1, 1, '2019-02-22 03:21:17', NULL, NULL),
(11, 'Log User Access', 'fa fa-flag-o', 'logs', 'cms_logs', 'LogsController', 1, 1, '2019-02-22 03:21:17', NULL, NULL),
(12, 'Setting', 'fa fa-gear', 'setting', 'auth', 'AdminSettingController', 0, 0, '2019-02-22 03:27:09', NULL, NULL),
(13, 'Participant', 'fa fa-users', 'participant', 'member', 'AdminParticipantController', 0, 0, '2019-02-22 04:02:33', NULL, NULL),
(14, 'Banner', 'fa fa-image', 'banner', 'slider', 'AdminBannerController', 0, 0, '2019-02-22 05:16:33', NULL, NULL),
(15, 'Document', 'fa fa-file-excel-o', 'document', 'document', 'AdminDocumentController', 0, 0, '2019-02-22 05:42:00', NULL, NULL),
(16, 'Module', 'fa fa-th', 'module', 'module', 'AdminModuleController', 0, 0, '2019-02-22 07:11:17', NULL, NULL),
(17, 'Agenda', 'fa fa-calendar-o', 'agenda', 'agenda', 'AdminAgendaController', 0, 0, '2019-02-22 20:32:42', NULL, NULL),
(18, 'Speaker', 'fa fa-user-md', 'speaker', 'speaker', 'AdminSpeakerController', 0, 0, '2019-02-22 21:00:52', NULL, NULL),
(19, 'Survey Question', 'fa fa-file-text-o', 'survey_question', 'survey_question', 'AdminSurveyQuestionController', 0, 0, '2019-02-22 21:16:55', NULL, NULL),
(20, 'Survey Answer', 'fa fa-file-text-o', 'survey_answer', 'survey_answer', 'AdminSurveyAnswerController', 0, 0, '2019-02-22 21:49:56', NULL, NULL),
(21, 'QnA', 'fa fa-question-circle', 'question', 'question', 'AdminQuestionController', 0, 0, '2019-02-22 22:33:01', NULL, '2019-02-23 02:12:23'),
(22, 'QnA', 'fa fa-question-circle', 'qna', 'qna', 'AdminQnaController', 0, 0, '2019-02-23 02:13:46', NULL, NULL),
(23, 'QnA Detail', 'fa fa-question-circle', 'qna_detail', 'qna_detail', 'AdminQnaDetailController', 0, 0, '2019-02-23 02:15:36', NULL, '2019-02-23 02:17:08'),
(24, 'Feedback', 'fa fa-star-o', 'feedback', 'feedback', 'AdminFeedbackController', 0, 0, '2019-02-23 02:52:11', NULL, NULL),
(25, 'Index', 'fa fa-dashboard', 'index', 'cms_users', 'AdminIndexController', 0, 0, '2019-02-23 03:09:29', NULL, NULL),
(26, 'Notification', 'fa fa-bullhorn', 'notification', 'notification', 'AdminNotificationController', 0, 0, '2019-02-23 03:15:28', NULL, NULL),
(27, 'Check In', 'fa fa-qrcode', 'check-in', 'scan_member', 'AdminCheckInController', 0, 0, '2019-02-23 10:48:56', NULL, NULL),
(28, 'Scan Type', 'fa fa-gear', 'scan_type', 'scan_type', 'AdminScanTypeController', 0, 0, '2019-02-24 13:35:41', NULL, NULL),
(29, 'Preference', 'fa fa-gear', 'preference', 'setting', 'AdminPreferenceController', 0, 0, '2019-02-24 13:48:23', NULL, NULL),
(30, 'Report Survey', 'fa fa-file-excel-o', 'report-survey', 'survey_answer', 'AdminReportSurveyController', 0, 0, '2019-02-25 12:03:23', NULL, NULL),
(31, 'Report Scan', 'fa fa-file-excel-o', 'report-scan', 'scan_member', 'AdminReportScanController', 0, 0, '2019-02-25 12:52:24', NULL, NULL),
(32, 'Report Participant', 'fa fa-file-excel-o', 'report-participant', 'member', 'AdminReportParticipantController', 0, 0, '2019-02-25 13:10:24', NULL, NULL),
(33, 'Maps', 'fa fa-map-o', 'maps', 'maps', 'AdminMapsController', 0, 0, '2019-04-15 01:17:15', NULL, NULL),
(34, 'Gallery', 'fa fa-image', 'gallery', 'gallery_date', 'AdminGalleryController', 0, 0, '2019-04-15 01:19:19', NULL, NULL),
(35, 'Quiz Question', 'fa fa-clock-o', 'quiz-question', 'quiz', 'AdminQuizQuestionController', 0, 0, '2019-04-15 01:21:52', NULL, NULL),
(36, 'Quiz Answer', 'fa fa-clock-o', 'quiz-answer', 'quiz_answer', 'AdminQuizAnswerController', 0, 0, '2019-04-15 01:22:42', NULL, NULL),
(37, 'Voucher', 'fa fa-shopping-bag', 'voucher', 'voucher', 'AdminVoucherController', 0, 0, '2019-04-15 01:25:15', NULL, NULL),
(38, 'About', 'fa fa-question-circle', 'about', 'auth', 'AdminAboutController', 0, 0, '2019-04-15 01:26:40', NULL, NULL),
(39, 'Help', 'fa fa-circle-o', 'help', 'committee', 'AdminHelpController', 0, 0, '2019-04-15 01:27:08', NULL, NULL),
(40, 'Report Check In', 'fa fa-file-excel-o', 'report-checkin', 'scan_member', 'AdminReportCheckinController', 0, 0, '2019-04-15 01:33:18', NULL, NULL),
(41, 'Report Voucher', 'fa fa-file-excel-o', 'report-voucher', 'voucher_member', 'AdminReportVoucherController', 0, 0, '2019-04-15 01:34:01', NULL, NULL),
(42, 'Report QnA', 'fa fa-file-excel-o', 'report-qna', 'qna', 'AdminReportQnaController', 0, 0, '2019-04-15 01:34:44', NULL, NULL),
(43, 'Report Quiz', 'fa fa-file-excel-o', 'report-quiz', 'quiz', 'AdminReportQuizController', 0, 0, '2019-04-15 01:35:24', NULL, NULL),
(44, 'Report Feedback', 'fa fa-file-excel-o', 'report-feedback', 'feedback', 'AdminReportFeedbackController', 0, 0, '2019-04-15 01:36:08', NULL, NULL),
(45, 'Backup Database', 'fa fa-database', 'backup-database', 'cms_users', 'AdminBackupDatabaseController', 0, 0, '2019-04-15 01:37:51', NULL, NULL),
(46, 'Downlaod File & Gallery', 'fa fa-download', 'download-file-gallery', 'cms_users', 'AdminDownloadFileGalleryController', 0, 0, '2019-04-15 01:38:31', NULL, NULL),
(47, 'Gallery Image', 'fa fa-image', 'gallery-image', 'gallery_image', 'AdminGalleryImageController', 0, 0, '2019-04-17 16:22:22', NULL, NULL),
(48, 'Survey Option', 'fa fa-file-o', 'survey-option', 'survey_option', 'AdminSurveyOptionController', 0, 0, '2019-04-17 19:58:09', NULL, NULL);

-- --------------------------------------------------------

--
-- Table structure for table `cms_notifications`
--

CREATE TABLE `cms_notifications` (
  `id` int(10) UNSIGNED NOT NULL,
  `id_cms_users` int(11) DEFAULT NULL,
  `content` varchar(255) COLLATE utf8mb4_unicode_ci DEFAULT NULL,
  `url` varchar(255) COLLATE utf8mb4_unicode_ci DEFAULT NULL,
  `is_read` tinyint(1) DEFAULT NULL,
  `created_at` timestamp NULL DEFAULT NULL,
  `updated_at` timestamp NULL DEFAULT NULL
) ENGINE=InnoDB DEFAULT CHARSET=utf8mb4 COLLATE=utf8mb4_unicode_ci;

--
-- Dumping data for table `cms_notifications`
--

INSERT INTO `cms_notifications` (`id`, `id_cms_users`, `content`, `url`, `is_read`, `created_at`, `updated_at`) VALUES
(1, 1, 'Demo Eventy', 'http://portal.eventy.id/splash_party/public/admin/qna/detail/1', 1, '2019-04-27 00:32:41', NULL),
(2, 2, 'Demo Eventy', 'http://portal.eventy.id/splash_party/public/admin/qna/detail/1', 0, '2019-04-27 00:32:41', NULL),
(3, 1, 'Dwi Wicaksono - maap ini yg di bintang bali resort pd checkout smu', 'http://portal.eventy.id/splash_party/public/admin/qna/detail/22', 1, '2019-04-27 05:38:16', '2019-04-27 07:28:15'),
(4, 2, 'Dwi Wicaksono - maap ini yg di bintang bali resort pd checkout smu', 'http://portal.eventy.id/splash_party/public/admin/qna/detail/22', 0, '2019-04-27 05:38:16', NULL),
(5, 1, 'Firdaus Farisqi - tas nya lgsg dibawa turun atau gmn?', 'http://portal.eventy.id/splash_party/public/admin/qna/detail/23', 1, '2019-04-27 05:56:33', '2019-04-27 07:27:38'),
(6, 2, 'Firdaus Farisqi - tas nya lgsg dibawa turun atau gmn?', 'http://portal.eventy.id/splash_party/public/admin/qna/detail/23', 0, '2019-04-27 05:56:33', NULL),
(7, 1, 'I Gusti Ngurah Oka Prinarjaya - Kamar 2029 msh blom dapat extra bed', 'http://portal.eventy.id/splash_party/public/admin/qna/detail/25', 0, '2019-04-27 14:59:57', NULL),
(8, 2, 'I Gusti Ngurah Oka Prinarjaya - Kamar 2029 msh blom dapat extra bed', 'http://portal.eventy.id/splash_party/public/admin/qna/detail/25', 0, '2019-04-27 14:59:57', NULL),
(9, 1, 'I Gusti Ngurah Oka Prinarjaya - Halo Admin,\nkamar kami, kamar nomer 2029 blom dapa', 'http://portal.eventy.id/splash_party/public/admin/qna/detail/25', 0, '2019-04-27 15:01:07', NULL),
(10, 2, 'I Gusti Ngurah Oka Prinarjaya - Halo Admin,\nkamar kami, kamar nomer 2029 blom dapa', 'http://portal.eventy.id/splash_party/public/admin/qna/detail/25', 0, '2019-04-27 15:01:07', NULL),
(11, 1, 'I Gusti Ngurah Oka Prinarjaya - Jadi baru ada 2 bed. kami 3 orang. gede2 badan sem', 'http://portal.eventy.id/splash_party/public/admin/qna/detail/25', 0, '2019-04-27 15:01:54', NULL),
(12, 2, 'I Gusti Ngurah Oka Prinarjaya - Jadi baru ada 2 bed. kami 3 orang. gede2 badan sem', 'http://portal.eventy.id/splash_party/public/admin/qna/detail/25', 0, '2019-04-27 15:01:54', NULL);

-- --------------------------------------------------------

--
-- Table structure for table `cms_privileges`
--

CREATE TABLE `cms_privileges` (
  `id` int(10) UNSIGNED NOT NULL,
  `name` varchar(255) COLLATE utf8mb4_unicode_ci DEFAULT NULL,
  `is_superadmin` tinyint(1) DEFAULT NULL,
  `theme_color` varchar(255) COLLATE utf8mb4_unicode_ci DEFAULT NULL,
  `created_at` timestamp NULL DEFAULT NULL,
  `updated_at` timestamp NULL DEFAULT NULL
) ENGINE=InnoDB DEFAULT CHARSET=utf8mb4 COLLATE=utf8mb4_unicode_ci;

--
-- Dumping data for table `cms_privileges`
--

INSERT INTO `cms_privileges` (`id`, `name`, `is_superadmin`, `theme_color`, `created_at`, `updated_at`) VALUES
(1, 'Super Administrator', 1, 'skin-black-light', '2019-02-22 03:21:17', NULL),
(2, 'Admin', 0, 'skin-black-light', NULL, NULL);

-- --------------------------------------------------------

--
-- Table structure for table `cms_privileges_roles`
--

CREATE TABLE `cms_privileges_roles` (
  `id` int(10) UNSIGNED NOT NULL,
  `is_visible` tinyint(1) DEFAULT NULL,
  `is_create` tinyint(1) DEFAULT NULL,
  `is_read` tinyint(1) DEFAULT NULL,
  `is_edit` tinyint(1) DEFAULT NULL,
  `is_delete` tinyint(1) DEFAULT NULL,
  `id_cms_privileges` int(11) DEFAULT NULL,
  `id_cms_moduls` int(11) DEFAULT NULL,
  `created_at` timestamp NULL DEFAULT NULL,
  `updated_at` timestamp NULL DEFAULT NULL
) ENGINE=InnoDB DEFAULT CHARSET=utf8mb4 COLLATE=utf8mb4_unicode_ci;

--
-- Dumping data for table `cms_privileges_roles`
--

INSERT INTO `cms_privileges_roles` (`id`, `is_visible`, `is_create`, `is_read`, `is_edit`, `is_delete`, `id_cms_privileges`, `id_cms_moduls`, `created_at`, `updated_at`) VALUES
(1, 1, 1, 1, 1, 1, 1, 4, NULL, NULL),
(2, 1, 1, 1, 1, 1, 1, 12, NULL, NULL),
(3, 1, 1, 1, 1, 1, 1, 13, NULL, NULL),
(4, 1, 1, 1, 1, 1, 1, 14, NULL, NULL),
(5, 1, 1, 1, 1, 1, 1, 15, NULL, NULL),
(6, 1, 1, 1, 1, 1, 1, 16, NULL, NULL),
(7, 1, 1, 1, 1, 1, 1, 17, NULL, NULL),
(8, 1, 1, 1, 1, 1, 1, 18, NULL, NULL),
(9, 1, 1, 1, 1, 1, 1, 19, NULL, NULL),
(10, 1, 1, 1, 1, 1, 1, 20, NULL, NULL),
(11, 1, 1, 1, 1, 1, 1, 21, NULL, NULL),
(12, 1, 1, 1, 1, 1, 1, 22, NULL, NULL),
(13, 1, 1, 1, 1, 1, 1, 23, NULL, NULL),
(14, 1, 1, 1, 1, 1, 1, 24, NULL, NULL),
(15, 1, 1, 1, 1, 1, 1, 25, NULL, NULL),
(16, 1, 1, 1, 1, 1, 1, 26, NULL, NULL),
(17, 1, 1, 1, 1, 1, 1, 27, NULL, NULL),
(18, 1, 1, 1, 1, 1, 1, 28, NULL, NULL),
(19, 1, 1, 1, 1, 1, 1, 29, NULL, NULL),
(40, 1, 1, 1, 1, 1, 1, 33, NULL, NULL),
(41, 1, 1, 1, 1, 1, 1, 34, NULL, NULL),
(42, 1, 1, 1, 1, 1, 1, 35, NULL, NULL),
(43, 1, 1, 1, 1, 1, 1, 36, NULL, NULL),
(44, 1, 1, 1, 1, 1, 1, 37, NULL, NULL),
(45, 1, 1, 1, 1, 1, 1, 38, NULL, NULL),
(46, 1, 1, 1, 1, 1, 1, 39, NULL, NULL),
(47, 1, 1, 1, 1, 1, 1, 40, NULL, NULL),
(48, 1, 1, 1, 1, 1, 1, 41, NULL, NULL),
(49, 1, 1, 1, 1, 1, 1, 42, NULL, NULL),
(50, 1, 1, 1, 1, 1, 1, 43, NULL, NULL),
(51, 1, 1, 1, 1, 1, 1, 44, NULL, NULL),
(52, 1, 1, 1, 1, 1, 1, 45, NULL, NULL),
(53, 1, 1, 1, 1, 1, 1, 46, NULL, NULL),
(54, 1, 1, 1, 1, 1, 1, 47, NULL, NULL),
(89, 1, 1, 1, 1, 1, 1, 48, NULL, NULL),
(90, 1, 1, 1, 1, 1, 2, 38, NULL, NULL),
(91, 1, 1, 1, 1, 1, 2, 17, NULL, NULL),
(92, 1, 1, 1, 1, 1, 2, 14, NULL, NULL),
(93, 1, 1, 1, 1, 1, 2, 27, NULL, NULL),
(94, 1, 1, 1, 1, 1, 2, 15, NULL, NULL),
(95, 1, 1, 1, 1, 1, 2, 46, NULL, NULL),
(96, 1, 1, 1, 1, 1, 2, 24, NULL, NULL),
(97, 1, 1, 1, 1, 1, 2, 34, NULL, NULL),
(98, 1, 1, 1, 1, 1, 2, 47, NULL, NULL),
(99, 1, 1, 1, 1, 1, 2, 39, NULL, NULL),
(100, 1, 1, 1, 1, 1, 2, 25, NULL, NULL),
(101, 1, 1, 1, 1, 1, 2, 33, NULL, NULL),
(102, 1, 1, 1, 1, 1, 2, 16, NULL, NULL),
(103, 1, 1, 1, 1, 1, 2, 26, NULL, NULL),
(104, 1, 1, 1, 1, 1, 2, 13, NULL, NULL),
(105, 1, 1, 1, 1, 1, 2, 29, NULL, NULL),
(106, 1, 1, 1, 1, 1, 2, 22, NULL, NULL),
(107, 1, 1, 1, 1, 1, 2, 36, NULL, NULL),
(108, 1, 1, 1, 1, 1, 2, 35, NULL, NULL),
(109, 1, 1, 1, 1, 1, 2, 40, NULL, NULL),
(110, 1, 1, 1, 1, 1, 2, 44, NULL, NULL),
(111, 1, 1, 1, 1, 1, 2, 32, NULL, NULL),
(112, 1, 1, 1, 1, 1, 2, 42, NULL, NULL),
(113, 1, 1, 1, 1, 1, 2, 43, NULL, NULL),
(114, 1, 1, 1, 1, 1, 2, 31, NULL, NULL),
(115, 1, 1, 1, 1, 1, 2, 30, NULL, NULL),
(116, 1, 1, 1, 1, 1, 2, 41, NULL, NULL),
(117, 1, 1, 1, 1, 1, 2, 28, NULL, NULL),
(118, 1, 1, 1, 1, 1, 2, 12, NULL, NULL),
(119, 1, 1, 1, 1, 1, 2, 18, NULL, NULL),
(120, 1, 1, 1, 1, 1, 2, 20, NULL, NULL),
(121, 1, 1, 1, 1, 1, 2, 48, NULL, NULL),
(122, 1, 1, 1, 1, 1, 2, 19, NULL, NULL),
(123, 1, 1, 1, 1, 1, 2, 4, NULL, NULL),
(124, 1, 1, 1, 1, 1, 2, 37, NULL, NULL);

-- --------------------------------------------------------

--
-- Table structure for table `cms_settings`
--

CREATE TABLE `cms_settings` (
  `id` int(10) UNSIGNED NOT NULL,
  `name` varchar(255) COLLATE utf8mb4_unicode_ci DEFAULT NULL,
  `content` text COLLATE utf8mb4_unicode_ci,
  `content_input_type` varchar(255) COLLATE utf8mb4_unicode_ci DEFAULT NULL,
  `dataenum` varchar(255) COLLATE utf8mb4_unicode_ci DEFAULT NULL,
  `helper` varchar(255) COLLATE utf8mb4_unicode_ci DEFAULT NULL,
  `created_at` timestamp NULL DEFAULT NULL,
  `updated_at` timestamp NULL DEFAULT NULL,
  `group_setting` varchar(255) COLLATE utf8mb4_unicode_ci DEFAULT NULL,
  `label` varchar(255) COLLATE utf8mb4_unicode_ci DEFAULT NULL
) ENGINE=InnoDB DEFAULT CHARSET=utf8mb4 COLLATE=utf8mb4_unicode_ci;

--
-- Dumping data for table `cms_settings`
--

INSERT INTO `cms_settings` (`id`, `name`, `content`, `content_input_type`, `dataenum`, `helper`, `created_at`, `updated_at`, `group_setting`, `label`) VALUES
(1, 'login_background_color', NULL, 'text', NULL, 'Input hexacode', '2019-02-22 03:21:17', NULL, 'Login Register Style', 'Login Background Color'),
(2, 'login_font_color', NULL, 'text', NULL, 'Input hexacode', '2019-02-22 03:21:17', NULL, 'Login Register Style', 'Login Font Color'),
(3, 'login_background_image', 'uploads/default/backend/bg_white.jpg', 'upload_image', NULL, NULL, '2019-02-22 03:21:17', NULL, 'Login Register Style', 'Login Background Image'),
(4, 'email_sender', 'system@mail.eventy.id', 'text', NULL, NULL, '2019-02-22 03:21:17', NULL, 'Email Setting', 'Email Sender'),
(5, 'smtp_driver', 'smtp', 'select', 'smtp,mail,sendmail', NULL, '2019-02-22 03:21:17', NULL, 'Email Setting', 'Mail Driver'),
(6, 'smtp_host', 'smtp.mailgun.org', 'text', NULL, NULL, '2019-02-22 03:21:17', NULL, 'Email Setting', 'SMTP Host'),
(7, 'smtp_port', '587', 'text', NULL, 'default 25', '2019-02-22 03:21:17', NULL, 'Email Setting', 'SMTP Port'),
(8, 'smtp_username', 'system@mail.eventy.id', 'text', NULL, NULL, '2019-02-22 03:21:17', NULL, 'Email Setting', 'SMTP Username'),
(9, 'smtp_password', 'akuanakevent', 'text', NULL, NULL, '2019-02-22 03:21:17', NULL, 'Email Setting', 'SMTP Password'),
(10, 'appname', 'Splash Party', 'text', NULL, NULL, '2019-02-22 03:21:17', NULL, 'Application Setting', 'Application Name'),
(11, 'default_paper_size', 'Legal', 'text', NULL, 'Paper size, ex : A4, Legal, etc', '2019-02-22 03:21:17', NULL, 'Application Setting', 'Default Paper Print Size'),
(12, 'logo', 'uploads/default/backend/logo_blue.png', 'upload_image', NULL, NULL, '2019-02-22 03:21:17', NULL, 'Application Setting', 'Logo'),
(13, 'favicon', 'uploads/default/backend/logo.jpg', 'upload_image', NULL, NULL, '2019-02-22 03:21:17', NULL, 'Application Setting', 'Favicon'),
(14, 'api_debug_mode', 'true', 'select', 'true,false', NULL, '2019-02-22 03:21:17', NULL, 'Application Setting', 'API Debug Mode'),
(15, 'google_api_key', 'AIzaSyDnBs51n9XBhgJIpMvx0KTXFdHBjOVdNOw', 'text', NULL, NULL, '2019-02-22 03:21:17', NULL, 'Application Setting', 'Google API Key'),
(16, 'google_fcm_key', 'AAAAo2UF2lY:APA91bFnvNWog4_hvRDQj83yGm89JrlMHbYgPsOG9RT6zpTcl2YIuqkymLJMd1G-y1RBSMP6nb8ujxe6NVAIL7oAZzByNMIDiYWal-ts9f-J6QPBKEKNcTZjxjxM1ECutvWTMZClNxp7', 'text', NULL, NULL, '2019-02-22 03:21:17', NULL, 'Application Setting', 'Google FCM Key');

-- --------------------------------------------------------

--
-- Table structure for table `cms_statistics`
--

CREATE TABLE `cms_statistics` (
  `id` int(10) UNSIGNED NOT NULL,
  `name` varchar(255) COLLATE utf8mb4_unicode_ci DEFAULT NULL,
  `slug` varchar(255) COLLATE utf8mb4_unicode_ci DEFAULT NULL,
  `created_at` timestamp NULL DEFAULT NULL,
  `updated_at` timestamp NULL DEFAULT NULL
) ENGINE=InnoDB DEFAULT CHARSET=utf8mb4 COLLATE=utf8mb4_unicode_ci;

-- --------------------------------------------------------

--
-- Table structure for table `cms_statistic_components`
--

CREATE TABLE `cms_statistic_components` (
  `id` int(10) UNSIGNED NOT NULL,
  `id_cms_statistics` int(11) DEFAULT NULL,
  `componentID` varchar(255) COLLATE utf8mb4_unicode_ci DEFAULT NULL,
  `component_name` varchar(255) COLLATE utf8mb4_unicode_ci DEFAULT NULL,
  `area_name` varchar(55) COLLATE utf8mb4_unicode_ci DEFAULT NULL,
  `sorting` int(11) DEFAULT NULL,
  `name` varchar(255) COLLATE utf8mb4_unicode_ci DEFAULT NULL,
  `config` longtext COLLATE utf8mb4_unicode_ci,
  `created_at` timestamp NULL DEFAULT NULL,
  `updated_at` timestamp NULL DEFAULT NULL
) ENGINE=InnoDB DEFAULT CHARSET=utf8mb4 COLLATE=utf8mb4_unicode_ci;

-- --------------------------------------------------------

--
-- Table structure for table `cms_users`
--

CREATE TABLE `cms_users` (
  `id` int(10) UNSIGNED NOT NULL,
  `name` varchar(255) COLLATE utf8mb4_unicode_ci DEFAULT NULL,
  `photo` varchar(255) COLLATE utf8mb4_unicode_ci DEFAULT NULL,
  `email` varchar(255) COLLATE utf8mb4_unicode_ci DEFAULT NULL,
  `password` varchar(255) COLLATE utf8mb4_unicode_ci DEFAULT NULL,
  `id_cms_privileges` int(11) DEFAULT NULL,
  `created_at` timestamp NULL DEFAULT NULL,
  `updated_at` timestamp NULL DEFAULT NULL,
  `status` varchar(50) COLLATE utf8mb4_unicode_ci DEFAULT NULL
) ENGINE=InnoDB DEFAULT CHARSET=utf8mb4 COLLATE=utf8mb4_unicode_ci;

--
-- Dumping data for table `cms_users`
--

INSERT INTO `cms_users` (`id`, `name`, `photo`, `email`, `password`, `id_cms_privileges`, `created_at`, `updated_at`, `status`) VALUES
(1, 'Super Admin', NULL, 'admin@crudbooster.com', '$2y$10$buPtGUCdsz0iZzGOhZveIOcLvoEuhzyb3ODlsEcte1lsnn.tzGP32', 1, '2019-02-22 03:21:17', NULL, 'Active'),
(2, 'Admin', NULL, 'admin@eventy.id', '$2y$10$XVSh6k8f0pQpssNSXsDTn.SsGxqg.HtuzS5Io15FRdJMHR7It2WF.', 2, '2019-02-25 00:11:33', NULL, NULL);

-- --------------------------------------------------------

--
-- Table structure for table `committee`
--

CREATE TABLE `committee` (
  `id` int(11) NOT NULL,
  `created_at` datetime DEFAULT NULL,
  `updated_at` datetime DEFAULT NULL,
  `deleted_at` datetime DEFAULT NULL,
  `name` varchar(100) DEFAULT NULL,
  `job_title` varchar(100) DEFAULT NULL,
  `phone` varchar(20) DEFAULT NULL,
  `email` varchar(100) DEFAULT NULL,
  `sort` int(11) DEFAULT NULL
) ENGINE=InnoDB DEFAULT CHARSET=utf8;

--
-- Dumping data for table `committee`
--

INSERT INTO `committee` (`id`, `created_at`, `updated_at`, `deleted_at`, `name`, `job_title`, `phone`, `email`, `sort`) VALUES
(1, '2019-04-03 00:29:11', '2019-04-18 03:32:46', '2019-04-18 18:11:58', 'Annastalia', 'Public Relation', '08123456789', 'annastalia@crocodic.com', 1),
(2, '2019-04-03 00:29:11', '2019-04-18 03:32:46', '2019-04-18 16:41:10', 'Putra Arin', 'Documentation', '08987654321', 'putra@crocodic.com', 2),
(4, '2019-04-18 18:12:29', NULL, NULL, 'Dudi Arisandi', 'Commissioner', '08118080030', 'dudi.arisandi@tiket.com', 1),
(5, '2019-04-18 18:12:55', NULL, NULL, 'Yosie Rifayani', 'Event Lead', '08111848777', 'yosie.rifayani@tiket.com', 2),
(6, '2019-04-18 18:13:24', NULL, NULL, 'Anastasia Julinurlita', 'Finance Advisor', '081281817015', 'anastasia@tiket.com', 3),
(7, '2019-04-18 18:13:49', NULL, NULL, 'Ratna Suminar', 'Finance Officer', '08813595068', 'ratna@tiket.com', 4),
(8, '2019-04-18 18:14:44', NULL, NULL, 'Leni Juwita', 'GA Lead', '081387552592', 'lenju@tiket.com', 5),
(9, '2019-04-18 18:15:08', NULL, NULL, 'Rifqi Satya Adhyasa', 'CSR Lead', '081246541156', 'rifqi.adhyasa@tiket.com', 6),
(10, '2019-04-18 18:15:44', NULL, NULL, 'Anne Adyawardhani', 'Tactical Team', '08119445833', 'anne@tiket.com', 7),
(11, '2019-04-18 18:17:10', NULL, NULL, 'Lina', 'Tactical Team', '081212793311', 'lina@tiket.com', 8),
(12, '2019-04-18 18:17:38', NULL, NULL, 'Tri Susanti', 'Tactical Team', '081389595345', 'tri.susanti@tiket.com', 9),
(13, '2019-04-18 18:18:06', NULL, NULL, 'Retma Prastika', 'Tactical Team', '081286887595', 'tika@tiket.com', 10),
(14, '2019-04-18 18:18:26', NULL, NULL, 'Tengku Rasdisyah', 'Transportation Lead', '08111560191', 'tengku.rasdisyah@tiket.com', 11),
(15, '2019-04-18 18:18:46', NULL, NULL, 'Mohamad Rifky', 'Luggage Transfer Officer', '087877642000', 'rifky@tiket.com', 12),
(16, '2019-04-18 18:19:07', NULL, NULL, 'Felix Ferdi Fernandus', 'Luggage Transfer Officer', '082227738598', 'felix@tiket.com', 13),
(17, '2019-04-18 18:19:25', NULL, NULL, 'Frans Damanik', 'Luggage Transfer Officer', '081219190449', 'frans.damanik@tiket.com', 14),
(18, '2019-04-18 18:19:45', NULL, NULL, 'Jumadi', 'Luggage Transfer Officer', '083863293575', 'jumadi@tiket.com', 15);

-- --------------------------------------------------------

--
-- Table structure for table `daily_backup`
--

CREATE TABLE `daily_backup` (
  `id` int(11) NOT NULL,
  `created_at` datetime NOT NULL,
  `date` date NOT NULL
) ENGINE=InnoDB DEFAULT CHARSET=utf8;

--
-- Dumping data for table `daily_backup`
--

INSERT INTO `daily_backup` (`id`, `created_at`, `date`) VALUES
(1, '2019-04-27 18:29:55', '2019-04-27'),
(2, '2019-04-27 18:30:04', '2019-04-27');

-- --------------------------------------------------------

--
-- Table structure for table `document`
--

CREATE TABLE `document` (
  `id` int(11) NOT NULL,
  `created_at` datetime DEFAULT NULL,
  `updated_at` datetime DEFAULT NULL,
  `deleted_at` datetime DEFAULT NULL,
  `file` varchar(255) DEFAULT NULL,
  `filename` varchar(255) DEFAULT NULL,
  `filesize` float DEFAULT NULL,
  `extension` varchar(5) DEFAULT NULL,
  `sort` int(11) DEFAULT NULL
) ENGINE=InnoDB DEFAULT CHARSET=utf8;

--
-- Dumping data for table `document`
--

INSERT INTO `document` (`id`, `created_at`, `updated_at`, `deleted_at`, `file`, `filename`, `filesize`, `extension`, `sort`) VALUES
(1, '2019-04-09 23:31:07', NULL, '2019-04-19 12:25:47', 'document/document1.docx', 'document1.docx', 34217, 'docx', NULL),
(2, '2019-04-09 23:31:07', NULL, '2019-04-19 12:25:51', 'document/document2.pdf', 'document2.pdf', 34217, 'pdf', NULL),
(3, '2019-04-09 23:31:07', NULL, '2019-04-19 12:25:54', 'document/document3.pptx', 'document3.pptx', 34217, 'pptx', NULL),
(4, '2019-04-09 23:31:07', NULL, '2019-04-19 12:25:58', 'document/document4.xlsx', 'document4.xlsx', 34217, 'xlsx', NULL),
(6, '2019-04-19 12:18:43', '2019-04-19 12:18:43', '2019-04-24 15:39:08', 'uploads/document/ceb2420d0f4abd4a446dd13272d3238c.xlsx', 'BBR 26-27 April 2019.xlsx', 95092, 'xlsx', NULL),
(7, '2019-04-19 12:18:55', '2019-04-19 12:18:55', '2019-04-24 15:39:04', 'uploads/document/545f8aa15c40e8c720f2f2b61fd39115.xlsx', 'BBR 27-28 April 2019.xlsx', 28594, 'xlsx', NULL),
(8, '2019-04-19 12:19:20', '2019-04-19 12:19:20', NULL, 'uploads/document/b78c833622ac28867b628313217f8cd5.xlsx', 'DKPH 27-28 April 2019.xlsx', 62476, 'xlsx', NULL),
(9, '2019-04-19 12:19:33', '2019-04-19 12:19:33', NULL, 'uploads/document/d89179911c069f19a23259861c3fbbfa.xlsx', 'DKPH Manager 26-27 & 27-28 April 2019.xlsx', 29749, 'xlsx', NULL),
(10, '2019-04-19 12:20:02', '2019-04-19 12:20:02', NULL, 'uploads/document/85183848873f667f4e2d3a1e8ce71a81.xlsx', 'DKPH Committee 25-28 April 2019.xlsx', 30426, 'xlsx', NULL),
(11, '2019-04-19 12:25:42', '2019-04-19 12:25:42', '2019-04-23 13:11:56', 'uploads/document/92394db8ca202610c5b3419c9a3f48af.xlsx', 'Data Flight (Keberangkatan) - Outing 2019.xlsx', 167347, 'xlsx', NULL),
(12, '2019-04-21 22:53:38', '2019-04-21 22:53:38', '2019-04-24 15:40:56', 'uploads/document/b1bed07949053ea3aba367b48197c601.xlsx', 'Team Building - Group A.xlsx', 20889, 'xlsx', NULL),
(13, '2019-04-21 22:53:53', '2019-04-21 22:53:53', '2019-04-26 14:24:04', 'uploads/document/9d74a91a6097e0b62fbe528ef6fea666.xlsx', 'Team Building - Group B.xlsx', 20706, 'xlsx', NULL),
(14, '2019-04-21 22:54:04', '2019-04-21 22:54:04', '2019-04-24 15:41:00', 'uploads/document/31248fcdb53660c42955144fb31bdb1f.xlsx', 'Team Building - Group C.xlsx', 20638, 'xlsx', NULL),
(15, '2019-04-21 22:54:18', '2019-04-21 22:54:18', '2019-04-24 15:41:06', 'uploads/document/fdda71ba79a210ec3c3f8aae79c8d7df.xlsx', 'Team Building - Group D.xlsx', 20795, 'xlsx', NULL),
(16, '2019-04-21 22:54:32', '2019-04-21 22:54:32', '2019-04-26 14:24:29', 'uploads/document/06fe14cffc6533824f68a54801639f71.xlsx', 'Team Building - Group E.xlsx', 20780, 'xlsx', NULL),
(17, '2019-04-22 14:00:09', '2019-04-22 14:00:09', '2019-04-22 17:54:20', 'uploads/document/e21371355cb957d4c243a2d80d48f7b4.pdf', 'Splash Party Guidebook.pdf', 1289960, 'pdf', NULL),
(18, '2019-04-22 17:59:32', '2019-04-22 17:59:32', '2019-04-22 22:39:02', 'uploads/document/2e6f2130f1653ff082663e85fd9be548.pdf', 'Splash Party Guidebook_English.pdf', 1296160, 'pdf', NULL),
(19, '2019-04-22 22:28:21', '2019-04-22 22:28:21', NULL, 'uploads/document/4e40f4938e9b6009e8567ae25e0ff4b1.pdf', 'CHECK MY BOOKINGS.pdf', 413425, 'pdf', NULL),
(20, '2019-04-22 22:39:40', '2019-04-22 22:39:40', NULL, 'uploads/document/5e934496f9a7b419e8d69379d0fbb4c3.pdf', 'Splash Party Guidebook 2019.pdf', 1498960, 'pdf', NULL),
(21, '2019-04-23 08:42:28', '2019-04-23 08:42:28', '2019-04-24 15:39:58', 'uploads/document/607fcd181a3171c105cb725a58df2cd2.xlsx', 'Flight Schedule DPS to Area (HR).xlsx', 89194, 'xlsx', NULL),
(22, '2019-04-23 08:42:42', '2019-04-23 08:42:42', '2019-04-24 15:39:54', 'uploads/document/3708395257176d6e56c9ff570946bc90.xlsx', 'Flight Schedule Area to DPS (HR).xlsx', 34330, 'xlsx', NULL),
(23, '2019-04-24 15:41:26', '2019-04-24 15:41:26', '2019-04-26 14:24:23', 'uploads/document/c02f4153582e00c07e29b8996f7ae996.xlsx', 'Team Bulding - Group D (Rev).xlsx', 14829, 'xlsx', NULL),
(24, '2019-04-24 15:41:34', '2019-04-24 15:41:34', '2019-04-26 14:24:16', 'uploads/document/d8e764245d9b28c5c43e6dd2314d1d21.xlsx', 'Team Bulding - Group C (Rev).xlsx', 14649, 'xlsx', NULL),
(25, '2019-04-24 15:41:48', '2019-04-24 15:41:48', '2019-04-26 14:24:10', 'uploads/document/21e7a2ee7a7fbf485149d9c7ccb5314d.xlsx', 'Team Bulding - Group A (Rev).xlsx', 14924, 'xlsx', NULL),
(26, '2019-04-24 15:42:44', '2019-04-24 15:42:44', NULL, 'uploads/document/2c66aa9b01ab7e505a0baf7784f98cfc.xlsx', 'Bintang_Bali_Resort_Rooming_List.xlsx', 21829, 'xlsx', NULL),
(27, '2019-04-24 15:42:52', '2019-04-24 15:42:52', NULL, 'uploads/document/7f1f6aedef800d10b5626db83cefcab3.xlsx', 'Bintang_Bali_Resort_Rooming_List (2).xlsx', 63615, 'xlsx', NULL),
(28, '2019-04-24 15:43:12', '2019-04-24 15:43:12', '2019-04-25 12:04:23', 'uploads/document/95fdf697cdc9304bfa367780cd8e76c6.xlsx', 'Data Flight DPS-JKT - Outing 2019 (HR) v.2.xlsx', 89391, 'xlsx', NULL),
(29, '2019-04-24 15:43:20', '2019-04-24 15:43:20', NULL, 'uploads/document/8c74672df8007690c2bef72bc78cde6b.xlsx', 'Data Flight JKT-DPS - Outing 2019 (HR) v.2.xlsx', 39028, 'xlsx', NULL),
(30, '2019-04-25 12:04:36', '2019-04-25 12:04:36', NULL, 'uploads/document/c00d567b0bb60f2e51a53c28408d1dbf.xlsx', 'Data Flight DPS-JKT - Outing 2019 (HR) v.3.xlsx', 89383, 'xlsx', NULL),
(31, '2019-04-26 14:25:06', '2019-04-26 14:25:06', NULL, 'uploads/document/631ae27ff91a2e9a102efcc3e29e0f27.xlsx', 'Team Bulding - Group A (rev.2).xlsx', 21122, 'xlsx', NULL),
(32, '2019-04-26 14:25:16', '2019-04-26 14:25:16', NULL, 'uploads/document/a95c71422a9efe8e3c3d7de0726f0fb8.xlsx', 'Team Bulding - Group B (rev.2).xlsx', 20842, 'xlsx', NULL),
(33, '2019-04-26 14:25:26', '2019-04-26 14:25:26', NULL, 'uploads/document/84ea1e6a815bbd0f8a5a008ac69fd875.xlsx', 'Team Bulding - Group C (rev.2).xlsx', 20822, 'xlsx', NULL),
(34, '2019-04-26 14:25:38', '2019-04-26 14:25:38', NULL, 'uploads/document/363b670cb2eeea930f0e9c705aeb8bd5.xlsx', 'Team Bulding - Group D (rev.2).xlsx', 20984, 'xlsx', NULL),
(35, '2019-04-26 14:25:45', '2019-04-26 14:25:45', NULL, 'uploads/document/4ef80e0cd1753975292fc0ff9a04b4eb.xlsx', 'Team Bulding - Group E (rev.2).xlsx', 20871, 'xlsx', NULL);

-- --------------------------------------------------------

--
-- Table structure for table `feedback`
--

CREATE TABLE `feedback` (
  `id` int(11) NOT NULL,
  `created_at` datetime DEFAULT NULL,
  `updated_at` datetime DEFAULT NULL,
  `deleted_at` datetime DEFAULT NULL,
  `id_member` int(11) DEFAULT NULL,
  `ratting` int(1) DEFAULT NULL,
  `description` text
) ENGINE=InnoDB DEFAULT CHARSET=utf8;

--
-- Dumping data for table `feedback`
--

INSERT INTO `feedback` (`id`, `created_at`, `updated_at`, `deleted_at`, `id_member`, `ratting`, `description`) VALUES
(1, '2019-04-15 03:31:55', NULL, NULL, 1, 5, 'Lorem ipsum');

-- --------------------------------------------------------

--
-- Table structure for table `gallery_date`
--

CREATE TABLE `gallery_date` (
  `id` int(11) NOT NULL,
  `created_at` datetime DEFAULT NULL,
  `updated_at` datetime DEFAULT NULL,
  `deleted_at` datetime DEFAULT NULL,
  `date` date DEFAULT NULL
) ENGINE=InnoDB DEFAULT CHARSET=utf8;

--
-- Dumping data for table `gallery_date`
--

INSERT INTO `gallery_date` (`id`, `created_at`, `updated_at`, `deleted_at`, `date`) VALUES
(1, '2019-02-09 06:14:12', NULL, NULL, '2019-04-27'),
(2, '2019-02-09 06:14:12', NULL, NULL, '2019-04-28'),
(3, '2019-04-23 09:16:19', NULL, NULL, '2019-04-26');

-- --------------------------------------------------------

--
-- Table structure for table `gallery_image`
--

CREATE TABLE `gallery_image` (
  `id` int(11) NOT NULL,
  `created_at` datetime DEFAULT NULL,
  `updated_at` datetime DEFAULT NULL,
  `deleted_at` datetime DEFAULT NULL,
  `id_gallery_panel` int(11) DEFAULT NULL,
  `file` varchar(255) DEFAULT NULL,
  `filename` varchar(255) DEFAULT NULL,
  `type` varchar(5) DEFAULT NULL,
  `placeholder` varchar(255) DEFAULT NULL
) ENGINE=InnoDB DEFAULT CHARSET=utf8;

--
-- Dumping data for table `gallery_image`
--

INSERT INTO `gallery_image` (`id`, `created_at`, `updated_at`, `deleted_at`, `id_gallery_panel`, `file`, `filename`, `type`, `placeholder`) VALUES
(1, '2019-04-27 00:18:39', NULL, NULL, 8, 'gallery/2019-04-26/arrival/SPLASHPARTY_DAY1_PHOTO-10.jpg', 'SPLASHPARTY_DAY1_PHOTO-10.jpg', 'image', 'gallery/2019-04-26/arrival/SPLASHPARTY_DAY1_PHOTO-10.jpg'),
(2, '2019-04-27 00:18:39', NULL, NULL, 8, 'gallery/2019-04-26/arrival/SPLASHPARTY_DAY1_PHOTO-11.jpg', 'SPLASHPARTY_DAY1_PHOTO-11.jpg', 'image', 'gallery/2019-04-26/arrival/SPLASHPARTY_DAY1_PHOTO-11.jpg'),
(3, '2019-04-27 00:18:39', NULL, NULL, 8, 'gallery/2019-04-26/arrival/SPLASHPARTY_DAY1_PHOTO-13.jpg', 'SPLASHPARTY_DAY1_PHOTO-13.jpg', 'image', 'gallery/2019-04-26/arrival/SPLASHPARTY_DAY1_PHOTO-13.jpg'),
(4, '2019-04-27 00:18:39', NULL, NULL, 8, 'gallery/2019-04-26/arrival/SPLASHPARTY_DAY1_PHOTO-14.jpg', 'SPLASHPARTY_DAY1_PHOTO-14.jpg', 'image', 'gallery/2019-04-26/arrival/SPLASHPARTY_DAY1_PHOTO-14.jpg'),
(5, '2019-04-27 00:18:39', NULL, NULL, 8, 'gallery/2019-04-26/arrival/SPLASHPARTY_DAY1_PHOTO-15.jpg', 'SPLASHPARTY_DAY1_PHOTO-15.jpg', 'image', 'gallery/2019-04-26/arrival/SPLASHPARTY_DAY1_PHOTO-15.jpg'),
(6, '2019-04-27 00:18:39', NULL, NULL, 8, 'gallery/2019-04-26/arrival/SPLASHPARTY_DAY1_PHOTO-16.jpg', 'SPLASHPARTY_DAY1_PHOTO-16.jpg', 'image', 'gallery/2019-04-26/arrival/SPLASHPARTY_DAY1_PHOTO-16.jpg'),
(7, '2019-04-27 00:18:39', NULL, NULL, 8, 'gallery/2019-04-26/arrival/SPLASHPARTY_DAY1_PHOTO-17.jpg', 'SPLASHPARTY_DAY1_PHOTO-17.jpg', 'image', 'gallery/2019-04-26/arrival/SPLASHPARTY_DAY1_PHOTO-17.jpg'),
(8, '2019-04-27 00:18:39', NULL, NULL, 8, 'gallery/2019-04-26/arrival/SPLASHPARTY_DAY1_PHOTO-18.jpg', 'SPLASHPARTY_DAY1_PHOTO-18.jpg', 'image', 'gallery/2019-04-26/arrival/SPLASHPARTY_DAY1_PHOTO-18.jpg'),
(9, '2019-04-27 00:18:39', NULL, NULL, 8, 'gallery/2019-04-26/arrival/SPLASHPARTY_DAY1_PHOTO-19.jpg', 'SPLASHPARTY_DAY1_PHOTO-19.jpg', 'image', 'gallery/2019-04-26/arrival/SPLASHPARTY_DAY1_PHOTO-19.jpg'),
(10, '2019-04-27 00:18:39', NULL, NULL, 8, 'gallery/2019-04-26/arrival/SPLASHPARTY_DAY1_PHOTO-2.jpg', 'SPLASHPARTY_DAY1_PHOTO-2.jpg', 'image', 'gallery/2019-04-26/arrival/SPLASHPARTY_DAY1_PHOTO-2.jpg'),
(11, '2019-04-27 00:18:39', NULL, NULL, 8, 'gallery/2019-04-26/arrival/SPLASHPARTY_DAY1_PHOTO-21.jpg', 'SPLASHPARTY_DAY1_PHOTO-21.jpg', 'image', 'gallery/2019-04-26/arrival/SPLASHPARTY_DAY1_PHOTO-21.jpg'),
(12, '2019-04-27 00:18:39', NULL, NULL, 8, 'gallery/2019-04-26/arrival/SPLASHPARTY_DAY1_PHOTO-22.jpg', 'SPLASHPARTY_DAY1_PHOTO-22.jpg', 'image', 'gallery/2019-04-26/arrival/SPLASHPARTY_DAY1_PHOTO-22.jpg'),
(13, '2019-04-27 00:18:39', NULL, NULL, 8, 'gallery/2019-04-26/arrival/SPLASHPARTY_DAY1_PHOTO-23.jpg', 'SPLASHPARTY_DAY1_PHOTO-23.jpg', 'image', 'gallery/2019-04-26/arrival/SPLASHPARTY_DAY1_PHOTO-23.jpg'),
(14, '2019-04-27 00:18:39', NULL, NULL, 8, 'gallery/2019-04-26/arrival/SPLASHPARTY_DAY1_PHOTO-24.jpg', 'SPLASHPARTY_DAY1_PHOTO-24.jpg', 'image', 'gallery/2019-04-26/arrival/SPLASHPARTY_DAY1_PHOTO-24.jpg'),
(15, '2019-04-27 00:18:39', NULL, NULL, 8, 'gallery/2019-04-26/arrival/SPLASHPARTY_DAY1_PHOTO-25.jpg', 'SPLASHPARTY_DAY1_PHOTO-25.jpg', 'image', 'gallery/2019-04-26/arrival/SPLASHPARTY_DAY1_PHOTO-25.jpg'),
(16, '2019-04-27 00:18:39', NULL, NULL, 8, 'gallery/2019-04-26/arrival/SPLASHPARTY_DAY1_PHOTO-26.jpg', 'SPLASHPARTY_DAY1_PHOTO-26.jpg', 'image', 'gallery/2019-04-26/arrival/SPLASHPARTY_DAY1_PHOTO-26.jpg'),
(17, '2019-04-27 00:18:39', NULL, NULL, 8, 'gallery/2019-04-26/arrival/SPLASHPARTY_DAY1_PHOTO-27.jpg', 'SPLASHPARTY_DAY1_PHOTO-27.jpg', 'image', 'gallery/2019-04-26/arrival/SPLASHPARTY_DAY1_PHOTO-27.jpg'),
(18, '2019-04-27 00:18:39', NULL, NULL, 8, 'gallery/2019-04-26/arrival/SPLASHPARTY_DAY1_PHOTO-29.jpg', 'SPLASHPARTY_DAY1_PHOTO-29.jpg', 'image', 'gallery/2019-04-26/arrival/SPLASHPARTY_DAY1_PHOTO-29.jpg'),
(19, '2019-04-27 00:18:39', NULL, NULL, 8, 'gallery/2019-04-26/arrival/SPLASHPARTY_DAY1_PHOTO-30.jpg', 'SPLASHPARTY_DAY1_PHOTO-30.jpg', 'image', 'gallery/2019-04-26/arrival/SPLASHPARTY_DAY1_PHOTO-30.jpg'),
(20, '2019-04-27 00:18:39', NULL, NULL, 8, 'gallery/2019-04-26/arrival/SPLASHPARTY_DAY1_PHOTO-31.jpg', 'SPLASHPARTY_DAY1_PHOTO-31.jpg', 'image', 'gallery/2019-04-26/arrival/SPLASHPARTY_DAY1_PHOTO-31.jpg'),
(21, '2019-04-27 00:18:39', NULL, NULL, 8, 'gallery/2019-04-26/arrival/SPLASHPARTY_DAY1_PHOTO-32.jpg', 'SPLASHPARTY_DAY1_PHOTO-32.jpg', 'image', 'gallery/2019-04-26/arrival/SPLASHPARTY_DAY1_PHOTO-32.jpg'),
(22, '2019-04-27 00:18:39', NULL, NULL, 8, 'gallery/2019-04-26/arrival/SPLASHPARTY_DAY1_PHOTO-35.jpg', 'SPLASHPARTY_DAY1_PHOTO-35.jpg', 'image', 'gallery/2019-04-26/arrival/SPLASHPARTY_DAY1_PHOTO-35.jpg'),
(23, '2019-04-27 00:18:39', NULL, NULL, 8, 'gallery/2019-04-26/arrival/SPLASHPARTY_DAY1_PHOTO-36.jpg', 'SPLASHPARTY_DAY1_PHOTO-36.jpg', 'image', 'gallery/2019-04-26/arrival/SPLASHPARTY_DAY1_PHOTO-36.jpg'),
(24, '2019-04-27 00:18:39', NULL, NULL, 8, 'gallery/2019-04-26/arrival/SPLASHPARTY_DAY1_PHOTO-37.jpg', 'SPLASHPARTY_DAY1_PHOTO-37.jpg', 'image', 'gallery/2019-04-26/arrival/SPLASHPARTY_DAY1_PHOTO-37.jpg'),
(25, '2019-04-27 00:18:39', NULL, NULL, 8, 'gallery/2019-04-26/arrival/SPLASHPARTY_DAY1_PHOTO-38.jpg', 'SPLASHPARTY_DAY1_PHOTO-38.jpg', 'image', 'gallery/2019-04-26/arrival/SPLASHPARTY_DAY1_PHOTO-38.jpg'),
(26, '2019-04-27 00:18:39', NULL, NULL, 8, 'gallery/2019-04-26/arrival/SPLASHPARTY_DAY1_PHOTO-39.jpg', 'SPLASHPARTY_DAY1_PHOTO-39.jpg', 'image', 'gallery/2019-04-26/arrival/SPLASHPARTY_DAY1_PHOTO-39.jpg'),
(27, '2019-04-27 00:18:39', NULL, NULL, 8, 'gallery/2019-04-26/arrival/SPLASHPARTY_DAY1_PHOTO-4.jpg', 'SPLASHPARTY_DAY1_PHOTO-4.jpg', 'image', 'gallery/2019-04-26/arrival/SPLASHPARTY_DAY1_PHOTO-4.jpg'),
(28, '2019-04-27 00:18:39', NULL, NULL, 8, 'gallery/2019-04-26/arrival/SPLASHPARTY_DAY1_PHOTO-40.jpg', 'SPLASHPARTY_DAY1_PHOTO-40.jpg', 'image', 'gallery/2019-04-26/arrival/SPLASHPARTY_DAY1_PHOTO-40.jpg'),
(29, '2019-04-27 00:18:39', NULL, NULL, 8, 'gallery/2019-04-26/arrival/SPLASHPARTY_DAY1_PHOTO-41.jpg', 'SPLASHPARTY_DAY1_PHOTO-41.jpg', 'image', 'gallery/2019-04-26/arrival/SPLASHPARTY_DAY1_PHOTO-41.jpg'),
(30, '2019-04-27 00:18:39', NULL, NULL, 8, 'gallery/2019-04-26/arrival/SPLASHPARTY_DAY1_PHOTO-42.jpg', 'SPLASHPARTY_DAY1_PHOTO-42.jpg', 'image', 'gallery/2019-04-26/arrival/SPLASHPARTY_DAY1_PHOTO-42.jpg'),
(31, '2019-04-27 00:18:39', NULL, NULL, 8, 'gallery/2019-04-26/arrival/SPLASHPARTY_DAY1_PHOTO-43.jpg', 'SPLASHPARTY_DAY1_PHOTO-43.jpg', 'image', 'gallery/2019-04-26/arrival/SPLASHPARTY_DAY1_PHOTO-43.jpg'),
(32, '2019-04-27 00:18:39', NULL, NULL, 8, 'gallery/2019-04-26/arrival/SPLASHPARTY_DAY1_PHOTO-44.jpg', 'SPLASHPARTY_DAY1_PHOTO-44.jpg', 'image', 'gallery/2019-04-26/arrival/SPLASHPARTY_DAY1_PHOTO-44.jpg'),
(33, '2019-04-27 00:18:39', NULL, NULL, 8, 'gallery/2019-04-26/arrival/SPLASHPARTY_DAY1_PHOTO-46.jpg', 'SPLASHPARTY_DAY1_PHOTO-46.jpg', 'image', 'gallery/2019-04-26/arrival/SPLASHPARTY_DAY1_PHOTO-46.jpg'),
(34, '2019-04-27 00:18:39', NULL, NULL, 8, 'gallery/2019-04-26/arrival/SPLASHPARTY_DAY1_PHOTO-48.jpg', 'SPLASHPARTY_DAY1_PHOTO-48.jpg', 'image', 'gallery/2019-04-26/arrival/SPLASHPARTY_DAY1_PHOTO-48.jpg'),
(35, '2019-04-27 00:18:39', NULL, NULL, 8, 'gallery/2019-04-26/arrival/SPLASHPARTY_DAY1_PHOTO-49.jpg', 'SPLASHPARTY_DAY1_PHOTO-49.jpg', 'image', 'gallery/2019-04-26/arrival/SPLASHPARTY_DAY1_PHOTO-49.jpg'),
(36, '2019-04-27 00:18:39', NULL, NULL, 8, 'gallery/2019-04-26/arrival/SPLASHPARTY_DAY1_PHOTO-5.jpg', 'SPLASHPARTY_DAY1_PHOTO-5.jpg', 'image', 'gallery/2019-04-26/arrival/SPLASHPARTY_DAY1_PHOTO-5.jpg'),
(37, '2019-04-27 00:18:39', NULL, NULL, 8, 'gallery/2019-04-26/arrival/SPLASHPARTY_DAY1_PHOTO-50.jpg', 'SPLASHPARTY_DAY1_PHOTO-50.jpg', 'image', 'gallery/2019-04-26/arrival/SPLASHPARTY_DAY1_PHOTO-50.jpg'),
(38, '2019-04-27 00:18:39', NULL, NULL, 8, 'gallery/2019-04-26/arrival/SPLASHPARTY_DAY1_PHOTO-51.jpg', 'SPLASHPARTY_DAY1_PHOTO-51.jpg', 'image', 'gallery/2019-04-26/arrival/SPLASHPARTY_DAY1_PHOTO-51.jpg'),
(39, '2019-04-27 00:18:39', NULL, NULL, 8, 'gallery/2019-04-26/arrival/SPLASHPARTY_DAY1_PHOTO-52.jpg', 'SPLASHPARTY_DAY1_PHOTO-52.jpg', 'image', 'gallery/2019-04-26/arrival/SPLASHPARTY_DAY1_PHOTO-52.jpg'),
(40, '2019-04-27 00:18:39', NULL, NULL, 8, 'gallery/2019-04-26/arrival/SPLASHPARTY_DAY1_PHOTO-53.jpg', 'SPLASHPARTY_DAY1_PHOTO-53.jpg', 'image', 'gallery/2019-04-26/arrival/SPLASHPARTY_DAY1_PHOTO-53.jpg'),
(41, '2019-04-27 00:18:39', NULL, NULL, 8, 'gallery/2019-04-26/arrival/SPLASHPARTY_DAY1_PHOTO-6.jpg', 'SPLASHPARTY_DAY1_PHOTO-6.jpg', 'image', 'gallery/2019-04-26/arrival/SPLASHPARTY_DAY1_PHOTO-6.jpg'),
(42, '2019-04-27 00:18:39', NULL, NULL, 8, 'gallery/2019-04-26/arrival/SPLASHPARTY_DAY1_PHOTO-8.jpg', 'SPLASHPARTY_DAY1_PHOTO-8.jpg', 'image', 'gallery/2019-04-26/arrival/SPLASHPARTY_DAY1_PHOTO-8.jpg');

-- --------------------------------------------------------

--
-- Table structure for table `gallery_panel`
--

CREATE TABLE `gallery_panel` (
  `id` int(11) NOT NULL,
  `created_at` datetime DEFAULT NULL,
  `updated_at` datetime DEFAULT NULL,
  `deleted_at` datetime DEFAULT NULL,
  `id_gallery_date` int(11) DEFAULT NULL,
  `date` date DEFAULT NULL,
  `name` varchar(255) DEFAULT NULL,
  `sort` int(11) DEFAULT NULL
) ENGINE=InnoDB DEFAULT CHARSET=utf8;

--
-- Dumping data for table `gallery_panel`
--

INSERT INTO `gallery_panel` (`id`, `created_at`, `updated_at`, `deleted_at`, `id_gallery_date`, `date`, `name`, `sort`) VALUES
(1, '2019-02-09 06:14:12', '2019-04-23 09:16:19', '2019-04-23 18:24:03', 3, '2019-04-26', 'Arrival', 1),
(2, '2019-02-09 06:14:12', '2019-04-21 22:56:17', '2019-04-23 18:24:07', 1, '2019-04-27', 'CSR', 2),
(3, '2019-02-09 06:14:12', '2019-04-21 22:57:44', '2019-04-23 18:24:31', 2, '2019-04-28', 'Closing', 1),
(4, '2019-02-09 06:14:12', '2019-04-21 22:57:22', '2019-04-23 18:24:28', 1, '2019-04-27', 'Splash Party', 2),
(5, '2019-04-21 22:56:54', '2019-04-23 09:16:26', '2019-04-23 18:24:20', 1, '2019-04-27', 'Gala Dinner', NULL),
(6, '2019-04-23 17:06:12', NULL, '2019-04-23 18:24:24', 1, '2019-04-27', 'Outbound', NULL),
(7, '2019-04-23 17:06:40', NULL, '2019-04-23 18:24:35', 2, '2019-04-28', 'Gala Lunch', NULL),
(8, '2019-04-23 18:24:56', NULL, NULL, 3, '2019-04-26', 'Arrival', NULL),
(9, '2019-04-23 18:25:27', NULL, NULL, 1, '2019-04-27', 'CSR', NULL),
(10, '2019-04-23 18:26:00', NULL, NULL, 1, '2019-04-27', 'Outbound', NULL),
(11, '2019-04-23 18:26:14', NULL, NULL, 1, '2019-04-27', 'Gala Dinner', NULL),
(12, '2019-04-23 18:26:33', '2019-04-23 18:28:34', NULL, 1, '2019-04-27', 'Splash Party', NULL),
(13, '2019-04-23 18:27:51', NULL, '2019-04-24 11:10:26', 2, '2019-04-28', 'Closing', NULL),
(14, '2019-04-23 18:49:25', NULL, '2019-04-24 11:10:58', 2, '2019-04-28', 'Gala Lunch', NULL),
(15, '2019-04-24 11:10:37', NULL, '2019-04-24 11:10:54', 2, '2019-04-28', 'Closing', NULL),
(16, '2019-04-24 11:11:08', NULL, NULL, 2, '2019-04-28', 'Gala Lunch', NULL),
(17, '2019-04-24 11:11:20', NULL, NULL, 2, '2019-04-28', 'Closing', NULL);

-- --------------------------------------------------------

--
-- Table structure for table `maps`
--

CREATE TABLE `maps` (
  `id` int(11) NOT NULL,
  `created_at` datetime DEFAULT NULL,
  `updated_at` datetime DEFAULT NULL,
  `deleted_at` datetime DEFAULT NULL,
  `name` varchar(255) COLLATE utf8mb4_unicode_ci DEFAULT NULL,
  `image` varchar(255) COLLATE utf8mb4_unicode_ci DEFAULT NULL,
  `location` text COLLATE utf8mb4_unicode_ci,
  `latitude` varchar(255) COLLATE utf8mb4_unicode_ci DEFAULT NULL,
  `longitude` varchar(255) COLLATE utf8mb4_unicode_ci DEFAULT NULL
) ENGINE=InnoDB DEFAULT CHARSET=utf8mb4 COLLATE=utf8mb4_unicode_ci;

--
-- Dumping data for table `maps`
--

INSERT INTO `maps` (`id`, `created_at`, `updated_at`, `deleted_at`, `name`, `image`, `location`, `latitude`, `longitude`) VALUES
(1, '2019-04-09 08:21:21', '2019-04-21 22:59:36', NULL, 'Bintang Bali Resort', 'uploads/maps/5ca0527c807f42c76728c921e09c5894.jpeg', 'Kuta Kuta Kabupaten Badung', '-8.7337241', '115.16694200000006'),
(2, '2019-04-09 08:21:21', '2019-04-17 22:59:57', '2019-04-21 22:59:56', 'Pantai Bintang Kuta Hotel', 'uploads/maps/12bd66c41eb1a2f01b21a36afa490215.jpg', 'Kuta Kuta Kabupaten Badung', '-8.7202498', '115.16917620000004'),
(3, '2019-04-09 08:21:21', '2019-04-17 22:59:17', NULL, 'Discovery Kartika Plaza Hotel', 'uploads/maps/0b540c8368e39b8518c5848c504a00f5.jpg', 'Jl. Kartika Kuta Kuta', '-8.7295305', '115.16697959999999'),
(4, '2019-04-09 08:21:21', '2019-04-17 22:58:57', '2019-04-21 22:59:47', 'Wanaku Resto', 'uploads/maps/2baeb7fe441968aabeab01f5d36db0df.jpg', 'No.45A Jl. Kediri Tuban', '-8.7386838', '115.17255780000005');

-- --------------------------------------------------------

--
-- Table structure for table `member`
--

CREATE TABLE `member` (
  `id` int(11) NOT NULL,
  `created_at` datetime DEFAULT NULL,
  `updated_at` datetime DEFAULT NULL,
  `deleted_at` datetime DEFAULT NULL,
  `code` varchar(20) COLLATE utf8mb4_unicode_ci DEFAULT NULL,
  `image` varchar(255) COLLATE utf8mb4_unicode_ci DEFAULT NULL,
  `name` varchar(255) COLLATE utf8mb4_unicode_ci DEFAULT NULL,
  `email` varchar(255) COLLATE utf8mb4_unicode_ci DEFAULT NULL,
  `phone` varchar(20) COLLATE utf8mb4_unicode_ci DEFAULT NULL,
  `password` varchar(255) COLLATE utf8mb4_unicode_ci DEFAULT NULL,
  `forgot_password` varchar(6) COLLATE utf8mb4_unicode_ci DEFAULT NULL,
  `company` varchar(255) COLLATE utf8mb4_unicode_ci DEFAULT NULL,
  `departement` varchar(255) COLLATE utf8mb4_unicode_ci DEFAULT NULL,
  `id_number` varchar(50) COLLATE utf8mb4_unicode_ci DEFAULT NULL,
  `last_login` datetime DEFAULT NULL,
  `send_email` int(11) DEFAULT NULL,
  `last_send_email` datetime DEFAULT NULL
) ENGINE=InnoDB DEFAULT CHARSET=utf8mb4 COLLATE=utf8mb4_unicode_ci;

--
-- Dumping data for table `member`
--

INSERT INTO `member` (`id`, `created_at`, `updated_at`, `deleted_at`, `code`, `image`, `name`, `email`, `phone`, `password`, `forgot_password`, `company`, `departement`, `id_number`, `last_login`, `send_email`, `last_send_email`) VALUES
(1, '2018-08-25 06:03:15', '2019-04-27 12:26:08', NULL, 'EVENTYID', 'uploads/image_profile/1-1555496902.jpg', 'Demo Eventy', 'demo@eventy.id', '08123456789', '$2y$10$1Bv9lqkvPxq/aNE45yDMwukEFTsNPI6KyvLO4Wbd/ZFJvsB7s/Z/.', 'n5zc74', 'Eventy', 'Management', 'EVT-0001', '2019-04-27 12:26:08', 0, NULL),
(2, '2019-04-17 17:44:06', '2019-04-24 15:39:35', NULL, '2GWSWJ', 'uploads/image_profile/2-2ea5b23e2d789901781ecd452cca1d09.png', 'Atika', 'niwang@crocodic.com', '085693065343', '$2y$10$Us/ZLU/edMAghsA2ISy2FuXHa8LSdf7bqEezToMCSD5XMfPPO5542', NULL, 'PT Taman Media Indonesia', 'Analis', NULL, '2019-04-23 12:51:35', 0, NULL),
(3, '2019-04-22 19:53:49', '2019-04-22 20:06:49', NULL, 'JDT3G2', NULL, 'Nicolas', 'nicolas@crocodic.com', NULL, '$2y$10$E1R79Nw9nOYUCOgqX1QDXOMzHcM9YslVCA1xgDpTats0oyPgVcgL6', NULL, NULL, NULL, NULL, '2019-04-22 20:06:49', 0, NULL),
(4, '2019-04-23 09:18:09', '2019-04-23 17:37:46', NULL, '8L6704', NULL, 'Aam Latifah Pauziah', 'aam.pauziah@tiket.com', NULL, '$2y$10$qIyybLQSKVdiXQyGhWqvOeO9RIytWb1lrlz/D3V7nLrkzsVuKcWTO', NULL, 'Finance Accounting', 'Accounting Staff', NULL, '2019-04-23 17:37:46', 1, '2019-04-23 09:26:50'),
(5, '2019-04-23 09:18:09', '2019-04-23 17:40:54', NULL, 'CDPAVM', 'uploads/image_profile/5-1556012454.jpg', 'Abdurohman Abdurohman', 'abdurohman@tiket.com', NULL, '$2y$10$zJc8fkkDGT33evCoogxk2.Dxw9aAk/ZFIMqoAyaxbjQE3P6vnlyva', NULL, 'Technology', 'Backend Engineer', NULL, '2019-04-23 17:38:55', 1, '2019-04-23 09:26:50'),
(6, '2019-04-23 09:18:09', '2019-04-23 14:18:55', NULL, 'HUADPQ', 'uploads/image_profile/6-1555992860.jpg', 'Abyan Juang Kecci', 'abyan.kecci@tiket.com', NULL, '$2y$10$1dGTLUVUpUgvg8qAJUPNo.ZE1p2FEkTaQ.NSttYFKl2MLzzW5L3y2', 'HUADPQ', 'Developer', 'Jr. Backend Engineer', NULL, '2019-04-23 14:18:55', 1, '2019-04-23 09:26:50'),
(7, '2019-04-23 09:18:09', '2019-04-23 15:51:34', NULL, 'SQSCX2', NULL, 'Achmad Afriansyah', 'achmad.afriansyah@tiket.com', NULL, '$2y$10$av.NmCLy1TjhmEgV.83qqeKPkoffrvWDI3alrbwVMC70ac.kniRGO', NULL, 'Transportation', 'Car Rental Executive', NULL, '2019-04-23 15:51:34', 1, '2019-04-23 09:26:50'),
(8, '2019-04-23 09:18:09', '2019-04-23 14:39:11', NULL, 'GVKXQU', NULL, 'Adi Sulistiyo', 'adi@tiket.com', NULL, '$2y$10$48ia0R7Xks80pbNT7uGqDOs/MeC8r2bFpsLfOjxwOD1eipxw0T5wK', NULL, 'Customer Care', 'Team Leader Customer Care', NULL, '2019-04-23 14:39:11', 1, '2019-04-23 09:26:50'),
(9, '2019-04-23 09:18:09', '2019-04-26 16:59:47', NULL, 'ULF2SW', NULL, 'Adi Wibowo', 'adi.wibowo@tiket.com', NULL, '$2y$10$vJXtegqZ1jgEEDzeCtoz0.6M6YWalAx0fYqrAi29nhfQiAAWYFyba', NULL, 'Technology', 'SQA', NULL, '2019-04-26 16:59:47', 1, '2019-04-23 09:26:50'),
(10, '2019-04-23 09:18:09', '2019-04-23 14:51:07', NULL, 'B5UXET', NULL, 'Adisty Noorsyifa', 'adisty.noorsyifa@tiket.com', NULL, '$2y$10$Sq530J6Yn1dCNaCk4pRvm.VIE2CQgmVTiSv3YA9l8gUMzUxdExyb6', NULL, 'Finance Accounting', 'Admin OPEX/Finance', NULL, '2019-04-23 14:51:07', 1, '2019-04-23 09:26:50'),
(11, '2019-04-23 09:18:09', '2019-04-23 21:58:37', NULL, 'AF70DQ', NULL, 'Adit Septian', 'adit.septian@tiket.com', NULL, '$2y$10$lJwlJYlZ8y.32lZuoOkTouexKdcNK2F5nsv9.H451GjpcKZHPpTF6', NULL, 'Product', 'UX Designer', NULL, '2019-04-23 21:58:16', 1, '2019-04-23 09:26:50'),
(12, '2019-04-23 09:18:09', '2019-04-23 14:42:50', NULL, '26RTV2', NULL, 'Aditya Satrio Nugroho', 'aditya.satrio@tiket.com', NULL, '$2y$10$J0sbjsv9IPd4mGan0vhGFe3L8tlchbIJR69rSMNrD/L/uE/dfLJRK', NULL, 'Technology', 'Sr. Java Engineer', NULL, '2019-04-23 14:42:50', 1, '2019-04-23 09:26:50'),
(13, '2019-04-23 09:18:09', '2019-04-23 09:26:50', NULL, 'SLKVKS', NULL, 'Adiyanti Dwiastuti Arumsari', 'adiyanti.arumsari@tiket.com', NULL, NULL, 'SLKVKS', 'Technology', 'Frontend Engineer', NULL, NULL, 1, '2019-04-23 09:26:50'),
(14, '2019-04-23 09:18:09', '2019-04-23 15:32:11', NULL, 'GQ5PPG', NULL, 'Adrian Eka Fikri', 'adrian.fikri@tiket.com', NULL, '$2y$10$XBmDzDzGqeynMhzJWoCBB.67kFJ9erXDPrWKosONH5NiDXxXyjoPu', NULL, 'Developer', 'Jr. Android Developer', NULL, '2019-04-23 15:31:36', 1, '2019-04-23 09:26:50'),
(15, '2019-04-23 09:18:09', '2019-04-23 14:38:55', NULL, '5LG6RV', NULL, 'Affi Ibrahim', 'afif.ibrahim@tiket.com', NULL, '$2y$10$BYFwDugmI6Oz8sb4pIMpLecRo4XroFX4uaOuJtk0WbGeO.PYVcsaq', NULL, 'Technology', 'Intern - Software Quality Assurance', NULL, '2019-04-23 14:38:55', 1, '2019-04-23 09:26:50'),
(16, '2019-04-23 09:18:09', '2019-04-24 00:42:08', NULL, '0ULKEH', NULL, 'Afif Ridho Kamal Putra', 'afif.putra@tiket.com', NULL, '$2y$10$KsjkNlaB8SO/EipAObOqN.1euS/s79t2/xEcQ0El9c2FSypglFC36', NULL, 'Developer', 'DevOps', NULL, '2019-04-24 00:42:08', 1, '2019-04-23 09:26:50'),
(17, '2019-04-23 09:18:09', '2019-04-23 14:25:12', NULL, 'COY0VY', NULL, 'Afriyanti Eka Sari ', 'afriyanti.sari@tiket.com', NULL, '$2y$10$sUCCcWaq.MparONd5inbi.U9CxAAC5gHwuFOs.nRqfv2MNa/UZihm', NULL, 'Commercial', 'Market Manager Chain', NULL, '2019-04-23 14:25:12', 1, '2019-04-23 09:26:50'),
(18, '2019-04-23 09:18:09', '2019-04-24 07:48:48', NULL, 'Z2NDDK', NULL, 'Agnes Marselly', 'agnes.marselly@tiket.com', NULL, '$2y$10$sPMhULkb4pwnrc8HZXMyQeV4QbHnuRSb25GVTvGfYAaZsbkJiXJsO', NULL, 'Operational Technology', 'Project Administrator', NULL, '2019-04-23 14:57:26', 1, '2019-04-23 09:26:50'),
(19, '2019-04-23 09:18:09', '2019-04-23 16:00:33', NULL, '7T8DS6', 'uploads/image_profile/19-1556006429.jpg', 'Agnes Theresia', 'agnes.theresia@tiket.com', '081807803820', '$2y$10$T4VWyFTsjfeUQjexqQr4QO0ua6/UdkviyGFsanCvayl.H9FUTwqLi', NULL, 'Commercial', 'Partnership Manager', 'EVT-0001', '2019-04-23 15:58:30', 1, '2019-04-23 09:26:50'),
(20, '2019-04-23 09:18:09', '2019-04-24 11:49:10', NULL, 'I0VQQB', NULL, 'Agung Nugroho Hutomo', 'agung.nugroho@tiket.com', NULL, '$2y$10$QPazCiRb9J0ozPXVzqZXcuzYmyPvv.uOEhup/D4LP8bBrav7KFPEC', 'I0VQQB', 'Product', 'Sr. Illustrator', NULL, '2019-04-24 11:49:10', 1, '2019-04-23 09:26:50'),
(21, '2019-04-23 09:18:09', '2019-04-23 14:25:20', NULL, 'QGFWVE', NULL, 'Agung Puji Hartanto', 'agung.hartanto@tiket.com', NULL, '$2y$10$SuwOZRBBoktl4StEFb92auoN07Xh3XWrn0QZwUtHi1eZWJI.KG4PG', NULL, 'Communication', 'Graphic Designer', NULL, '2019-04-23 14:25:20', 1, '2019-04-23 09:26:50'),
(22, '2019-04-23 09:18:09', '2019-04-23 14:14:18', NULL, 'U3DIO6', NULL, 'Agus Dani Awaludin Ramdani', 'dani.awaludin@tiket.com', NULL, '$2y$10$ZmP1vj8.yRZXpbpN1XU.e.cosYKhdUgIAUlvv9yY1iFHx9gSS59GC', NULL, 'Developer', 'Backend Engineer', NULL, '2019-04-23 14:14:18', 1, '2019-04-23 09:26:50'),
(23, '2019-04-23 09:18:09', '2019-04-23 14:20:03', NULL, 'GXJKXW', NULL, 'Agus Novianto', 'agus.novianto@tiket.com', NULL, '$2y$10$ZgnMPKVVZ8pPcelQeom11O3KR5n1WYCYvH2ObtDwNfLB/kDTbPFpy', 'GXJKXW', 'Technology', 'Frontend Engineer', NULL, '2019-04-23 14:20:03', 1, '2019-04-23 09:26:50'),
(24, '2019-04-23 09:18:09', '2019-04-23 09:26:50', NULL, '7UTK3N', NULL, 'Agus Nursalam Kitono', 'agus.kitono@tiket.com', NULL, NULL, '7UTK3N', 'Operational Technology', 'Developer Operations', NULL, NULL, 1, '2019-04-23 09:26:50'),
(25, '2019-04-23 09:18:09', '2019-04-23 14:41:52', NULL, 'P5ULPF', NULL, 'Agustinus Anton Tribawanto', 'agustinus.anton@tiket.com', NULL, '$2y$10$FIHhQRThZ1Vd2WVW.Gtwo.NGtlLGEAZaaJHPoco7L2TA6LyTWjIvm', NULL, 'Development', 'Sr. Frontend Engineer', NULL, '2019-04-23 14:40:52', 1, '2019-04-23 09:26:50'),
(26, '2019-04-23 09:18:09', '2019-04-23 09:26:50', NULL, '5OBU3W', NULL, 'Agustri Ramadani', 'agustri.ramadani@tiket.com', NULL, NULL, '5OBU3W', 'Commercial', 'Ass Manager International Flight', NULL, NULL, 1, '2019-04-23 09:26:50'),
(27, '2019-04-23 09:18:09', '2019-04-23 16:51:28', NULL, 'S1SQ1R', NULL, 'Ahmad Ghifari', 'ahmad.ghifari@tiket.com', NULL, '$2y$10$nnknkbpWcd9p7GQkjK9M5u5.0uTEIRtqaIRa5Q8nkYRWhEQ23MgO6', NULL, 'Product', 'Sr. UX Designer', NULL, '2019-04-23 16:51:28', 1, '2019-04-23 09:26:50'),
(28, '2019-04-23 09:18:09', '2019-04-23 09:26:50', NULL, 'WUHVAV', NULL, 'Ahmad Mudzakkir  Amal', 'ahmad.amal@tiket.com', NULL, NULL, 'WUHVAV', 'Developer', 'Sr. Backend Engineer', NULL, NULL, 1, '2019-04-23 09:26:50'),
(29, '2019-04-23 09:18:09', '2019-04-23 14:19:33', NULL, 'EMXOPM', NULL, 'Akira Wahyu Putra', 'akira.putra@tiket.com', NULL, '$2y$10$E906kNEmI6wY8OojytCJ/eoYGqo6HZzkdaLYzvH9lbW0H7oliaTRi', NULL, 'Technology', 'Intern - Software Quality Assurance', NULL, '2019-04-23 14:19:33', 1, '2019-04-23 09:26:50'),
(30, '2019-04-23 09:18:09', '2019-04-23 14:44:03', NULL, '4QSTYD', NULL, 'Aldi Rhomadona', 'aldi.rhomadona@tiket.com', NULL, '$2y$10$bU/vfDODpG1nlY5SeRrwoOLSiTxxchsvaIDJgDnCHtovYMvnucK6G', NULL, 'General Affair', 'Maintenance Staff', NULL, '2019-04-23 14:43:18', 1, '2019-04-23 09:26:50'),
(31, '2019-04-23 09:18:09', '2019-04-23 14:24:21', NULL, 'XTIRXW', 'uploads/image_profile/31-1555992646.jpg', 'Aldi Solihin', 'aldi.solihin@tiket.com', NULL, '$2y$10$y8y39Hy3.yCD7HGfluLbpumDykzr01O/85zurhZbrscP4NC6CIxKm', 'XTIRXW', 'Product', 'Jr Illustrator Designer', NULL, '2019-04-23 14:24:21', 1, '2019-04-23 09:26:50'),
(32, '2019-04-23 09:18:09', '2019-04-24 10:10:02', NULL, 'ZAOGTD', NULL, 'Alfabet Setiawan', 'alfabet.setiawan@tiket.com', NULL, '$2y$10$3lYXxfE7ikNy9T/yMYhsTOx4LeWcA0AZfCf1sAjyzu6mQwmB1N04e', NULL, 'Technology', 'Jr. Backend Engineer', NULL, '2019-04-24 10:09:15', 1, '2019-04-23 09:26:50'),
(33, '2019-04-23 09:18:09', '2019-04-25 02:55:30', NULL, 'NRJCSJ', NULL, 'Allen Wijaya', 'allen@tiket.com', NULL, '$2y$10$KpIXQ9k/CSHmRL/3NznQWeYU4K6bWJU5p9P42hfXjLvvRnJozkwY6', NULL, 'Mobile Development', 'IOS Engineer', NULL, '2019-04-25 02:55:30', 1, '2019-04-23 09:26:50'),
(34, '2019-04-23 09:18:09', '2019-04-23 09:26:50', NULL, 'QJDG4R', NULL, 'Allima Steffiana Insani', 'allima.insani@tiket.com', NULL, NULL, 'QJDG4R', 'Product', 'Data Analyst', NULL, NULL, 1, '2019-04-23 09:26:50'),
(35, '2019-04-23 09:18:09', '2019-04-23 09:26:50', NULL, '8MOS3Z', NULL, 'Allisa Anintya', 'allisa.anintya@tiket.com', NULL, NULL, '8MOS3Z', 'Public Relations', 'Internship', NULL, NULL, 1, '2019-04-23 09:26:50'),
(36, '2019-04-23 09:18:09', '2019-04-23 18:47:10', NULL, 'OM14QL', NULL, 'Alvin Setiawan', 'alvin.setiawan@tiket.com', NULL, '$2y$10$gFZxUEoSHRsATIS55IgsBOmhdxUy8s5v6Eym7RWcqlUHzHrSp5NE6', NULL, 'Technology', 'Sr. Backend Engineer', NULL, '2019-04-23 18:45:59', 1, '2019-04-23 09:26:50'),
(37, '2019-04-23 09:18:09', '2019-04-23 14:22:17', NULL, '2ZPLLD', NULL, 'Alwan M Ubaidillah', 'alwan.mubaidillah@tiket.com', NULL, '$2y$10$U9dKVEq6gcOqhTgtxGIguuvY0irk6q9xQq7488INfTtS1FIF7EU8W', NULL, 'Product', 'Associate Product Manager', NULL, '2019-04-23 14:22:17', 1, '2019-04-23 09:26:50'),
(38, '2019-04-23 09:18:09', '2019-04-23 09:26:50', NULL, 'GMJMVK', NULL, 'Amalia', 'amalia@tiket.com', NULL, NULL, 'GMJMVK', 'Transportation', 'Transportation Administrator', NULL, NULL, 1, '2019-04-23 09:26:50'),
(39, '2019-04-23 09:18:09', '2019-04-23 09:26:50', NULL, '4AJ4FO', NULL, 'Amanda Ariesta Aprilia', 'amanda.aprilia@tiket.com', NULL, NULL, '4AJ4FO', 'Commercial', 'Event & Attraction Staff', NULL, NULL, 1, '2019-04-23 09:26:50'),
(40, '2019-04-23 09:18:09', '2019-04-23 22:56:48', NULL, 'D66B22', NULL, 'Amril Abdullah', 'amril@tiket.com', NULL, '$2y$10$EllmCLUTFUghw5bV4860FumqWrvIiwRvAreIBXZBp5kSza77ETBNi', NULL, 'Accounting', 'Cash Flow & Budget Staff', NULL, '2019-04-23 22:56:48', 1, '2019-04-23 09:26:50'),
(41, '2019-04-23 09:18:09', '2019-04-23 19:07:22', NULL, 'MGNMBK', NULL, 'Anastasia Julinurlita', 'anastasia@tiket.com', NULL, '$2y$10$OTturv6EGCdfEN.m78v2seiXkDr0f3mr5Krls0wA6I73FEEZzuIY6', NULL, 'Finance & Accounting', 'Sr. Finance & Accounting Manager', NULL, '2019-04-23 19:06:47', 1, '2019-04-23 09:26:50'),
(42, '2019-04-23 09:18:09', '2019-04-23 20:49:36', NULL, 'YG4KMO', NULL, 'Anastasia Pascaliany Benchrist Tjunaidi', 'anastasia.pascaliany@tiket.com', NULL, '$2y$10$RpJo.F2a7OBuhfpT1NFxmOLYLZ7J3zpiKoQZE0afNQGEchVmrH6Bq', NULL, 'Product', 'Graphic Designer', NULL, '2019-04-23 20:49:36', 1, '2019-04-23 09:26:50'),
(43, '2019-04-23 09:18:09', '2019-04-23 09:26:50', NULL, 'BSFIAC', NULL, 'Anatri Hayuningtyas', 'ana@tiket.com', NULL, NULL, 'BSFIAC', 'Accounting', 'Accounting Manager', NULL, NULL, 1, '2019-04-23 09:26:50'),
(44, '2019-04-23 09:18:09', '2019-04-24 17:00:30', NULL, '6CAIRQ', NULL, 'Andena Hanintamas Rafli', 'andena.rafli@tiket.com', NULL, '$2y$10$Amv4gO0NhYfR2olVO0wss.pGxMS.scTvG40m67LVKmmUtOhZ49fde', NULL, 'Communication', 'Social Media Specialist', NULL, '2019-04-24 17:00:05', 1, '2019-04-23 09:26:50'),
(45, '2019-04-23 09:18:09', '2019-04-23 16:41:14', NULL, 'EKMBWA', NULL, 'Andhita Nurul Ainun', 'andhita.ainun@tiket.com', NULL, '$2y$10$OiwpcinapdeKz0l8jJbP4eK9wUMtiqmMved8IzXRnqw6nOnhG3y2C', 'EKMBWA', 'Product', 'Jr. UX Designer', NULL, '2019-04-23 16:41:14', 1, '2019-04-23 09:26:50'),
(46, '2019-04-23 09:18:09', '2019-04-23 09:26:50', NULL, 'ECOYZY', NULL, 'Andi Hendrawan', 'andi.hendrawan@tiket.com', NULL, NULL, 'ECOYZY', 'Transportation', 'Head of Transport & Entertainment', NULL, NULL, 1, '2019-04-23 09:26:50'),
(47, '2019-04-23 09:18:09', '2019-04-23 09:26:50', NULL, 'DLRZ00', NULL, 'Andiana', 'andiana@tiket.com', NULL, NULL, 'DLRZ00', 'Customer Care', 'Team Leader Customer Care', NULL, NULL, 1, '2019-04-23 09:26:50'),
(48, '2019-04-23 09:18:09', '2019-04-23 14:53:05', NULL, '6ETSBI', NULL, 'Andida Syahendar', 'andida.syahendar@tiket.com', NULL, '$2y$10$mZRgp8TEkKiliKELgHpRFuOGFLaZ3pZFN9MGAfbruxIrU45qvHLiq', NULL, 'Developer', 'Site Reliability Engineer', NULL, '2019-04-23 14:53:05', 1, '2019-04-23 09:26:50'),
(49, '2019-04-23 09:18:09', '2019-04-24 19:00:27', NULL, 'X2ZYL4', NULL, 'Andina Kamilah', 'intern.people@tiket.com', NULL, '$2y$10$j0SU8aQRdqL1h5.hPW2k/./7sr0tbCNtvSOT6tfX8pg0uNAT4Fb0O', NULL, 'People', 'Intern - People', NULL, '2019-04-23 15:25:56', 1, '2019-04-23 09:26:50'),
(50, '2019-04-23 09:18:09', '2019-04-23 14:17:17', NULL, 'V3CGCY', NULL, 'Andreas Budiman', 'andreas.budiman@tiket.com', NULL, '$2y$10$B8y/QRpRWjFjqbUeU/DoBeKKEgpHpuVQ7u356QMVM.cU6Mi.hUuNW', 'V3CGCY', 'Communication', 'Consultan SEO', NULL, '2019-04-23 14:17:17', 1, '2019-04-23 09:26:50'),
(51, '2019-04-23 09:18:09', '2019-04-23 14:52:48', NULL, 'VPC6ZN', NULL, 'Andreas Nurcahya', 'andreas.nurcahya@tiket.com', NULL, '$2y$10$K17d2FgXUFF.1yGn1LkW.Ow8rYgBBgZuxeHiTCt9zn4S7K6X7BAUu', NULL, 'Finance Accounting', 'Accounting Staff', NULL, '2019-04-23 14:52:48', 1, '2019-04-23 09:26:50'),
(52, '2019-04-23 09:18:09', '2019-04-23 14:13:01', NULL, 'XPGBUI', NULL, 'Andree Japutra', 'andree.japutra@tiket.com', NULL, '$2y$10$PDtKvfJKhLgjlW.jgLBOA.ogS2u3wXUyz7wia9.dxBWcMEo9cMlbe', NULL, 'Mobile Development', 'Backend Engineer', NULL, '2019-04-23 14:13:01', 1, '2019-04-23 09:26:50'),
(53, '2019-04-23 09:18:09', '2019-04-23 18:38:48', NULL, 'JGOQRF', NULL, 'Andri Riana Putra', 'andri@tiket.com', NULL, '$2y$10$OIybjs752vDUSzNfr3swheDKIHy9Xc7dF0faoYDNPDh9oYGnXP/3W', NULL, 'Finance', 'Bank Confirmation Staff', NULL, '2019-04-23 18:38:10', 1, '2019-04-23 09:26:50'),
(54, '2019-04-23 09:18:09', '2019-04-23 14:42:59', NULL, 'XDDOTF', NULL, 'Andri Susanto', 'andri.susanto@tiket.com', NULL, '$2y$10$grazr4MvYlZY7x3rku/.BOz.AExdygYYQPe9gj0n2obr12C42nqXm', NULL, 'Technology', 'Backend Engineer', NULL, '2019-04-23 14:42:59', 1, '2019-04-23 09:26:50'),
(55, '2019-04-23 09:18:09', '2019-04-26 14:38:51', NULL, 'RLMKCU', NULL, 'Andrian Riyadhi', 'andrian.riyadhi@tiket.com', NULL, '$2y$10$049r3xuLTRzEYLjfK.d40.MU4MtGEY3Mfj4v84qF.ukKmacbn8Ddi', NULL, 'Hotel', 'Market Manager', NULL, '2019-04-26 14:38:51', 1, '2019-04-23 09:26:50'),
(56, '2019-04-23 09:18:09', '2019-04-23 20:01:33', NULL, '6KAHR8', NULL, 'Angela', 'angela@tiket.com', NULL, '$2y$10$RULvDg9Tex01OTsIrfFjb.hnUKoA7TH4lXjK5PtCvzXjNw.gyL82y', NULL, 'Technology', 'Java Engineer', NULL, '2019-04-23 20:01:33', 1, '2019-04-23 09:26:50'),
(57, '2019-04-23 09:18:09', '2019-04-23 17:39:16', NULL, 'GNLTEW', NULL, 'Angga Prayudhatama', 'angga.prayudhatama@tiket.com', NULL, '$2y$10$Qo4yd5sNTEwcVqPOPsi.zugMoIyJAgfPdtsscukjKXvPtFolqniCu', 'GNLTEW', 'Communication', 'SEO Specialist (Flight)', NULL, '2019-04-23 17:39:16', 1, '2019-04-23 09:26:51'),
(58, '2019-04-23 09:18:09', '2019-04-23 14:23:54', NULL, 'OEPXHZ', NULL, 'Anggi Anggara', 'anggi.anggara@tiket.com', NULL, '$2y$10$yvRGSC09A5SA6dGT.XDsue7/sgEysvZvzRZFN6QCH5QFgs2eMVZdy', 'OEPXHZ', 'EDP', 'EDP Specialist', NULL, '2019-04-23 14:23:54', 1, '2019-04-23 09:26:51'),
(59, '2019-04-23 09:18:09', '2019-04-27 06:52:44', NULL, 'MEYYDX', NULL, 'Anggie Bratadinata', 'anggie.bratadinata@tiket.com', NULL, '$2y$10$5aAlceqMVWgj2vazFEnIHuUWX7/aNAT//7h8TLGNpqGYHCilSm.Yq', NULL, 'Development', 'Sr. Principal Frontend Engineer', NULL, '2019-04-27 06:52:44', 1, '2019-04-23 09:26:51'),
(60, '2019-04-23 09:18:09', '2019-04-23 09:26:51', NULL, 'SKX0RY', NULL, 'Ani Wahyuni', 'ani.wahyuni@tiket.com', NULL, NULL, 'SKX0RY', 'Customer Care', 'Customer Care Administrator', NULL, NULL, 1, '2019-04-23 09:26:51'),
(61, '2019-04-23 09:18:09', '2019-04-23 09:26:51', NULL, 'YJMNVG', NULL, 'Ani Wahyuni', 'ani@tiket.com', NULL, NULL, 'YJMNVG', 'Customer Care', 'Customer Care Administrator', NULL, NULL, 1, '2019-04-23 09:26:51'),
(62, '2019-04-23 09:18:09', '2019-04-23 14:32:52', NULL, 'BH8C0V', NULL, 'Ani Wijaya', 'ani.wijaya@tiket.com', NULL, '$2y$10$.ZtQ01C8SaHdaKnDx1D8IO3oBc7596dTjlFyTrucu1zfRA1W.5/FO', NULL, 'Human Resources and General Affair', 'Compensation and Benefit Admin', NULL, '2019-04-23 14:32:52', 1, '2019-04-23 09:26:51'),
(63, '2019-04-23 09:18:09', '2019-04-23 18:20:55', NULL, 'AS8JOT', NULL, 'Anissa Juliyana', 'anissa.juliyana@tiket.com', NULL, '$2y$10$EjpVDTCpVW8YsHCfb/jyDOgU/P.ZXqbevLz5fgnugaO4dqAmflSF6', NULL, 'Finance Accounting', 'Finance Staff', NULL, '2019-04-23 18:20:55', 1, '2019-04-23 09:26:51'),
(64, '2019-04-23 09:18:09', '2019-04-24 16:39:22', NULL, 'JZXOSA', NULL, 'Anne Adyawardhani', 'anne@tiket.com', NULL, '$2y$10$MyCPVkuFUd/7n8yW6xdsM.aGIGI9OXCqmz7KlZEa0gGfPsg52Rr2q', NULL, 'Internal Control', 'Internal Control Supervisor', NULL, '2019-04-24 16:39:22', 2, '2019-04-24 15:47:13'),
(65, '2019-04-23 09:18:09', '2019-04-23 18:37:17', NULL, '03IPBB', NULL, 'Annisa Putri Saniah', 'annisa.putri@tiket.com', NULL, '$2y$10$EKsmUoOKgNWAEvHWl31iKuYTqRKI/MvbBMsPHkqwdTNQfUKjTZo/e', NULL, 'Commercial', 'Temporary Transportation Admin', NULL, '2019-04-23 18:35:44', 1, '2019-04-23 09:26:51'),
(66, '2019-04-23 09:18:09', '2019-04-23 14:16:58', NULL, 'PIDSJL', NULL, 'Annisa Safitri Suhanda', 'annisa.suhanda@tiket.com', NULL, '$2y$10$VClnUGK.0.XTDhGv9vl.AOhghIoQy3M5l.AmRcdarDGXsuHMmv2U2', NULL, 'Legal', 'Legal Supervisor', NULL, '2019-04-23 14:16:58', 1, '2019-04-23 09:26:51'),
(67, '2019-04-23 09:18:09', '2019-04-23 20:39:05', NULL, 'OEUAGE', NULL, 'Anthony Kevin', 'anthony.kevin@tiket.com', NULL, '$2y$10$KHeq/T3nFMl1UBsP1frL8eKwuVNaeNFARjAkEBYls9ybFauP.zDge', NULL, 'Product', 'Senior Product Manager', NULL, '2019-04-23 20:39:05', 1, '2019-04-23 09:26:51'),
(68, '2019-04-23 09:18:09', '2019-04-23 17:53:07', NULL, 'P7ZUM7', NULL, 'Anton Ramadhan', 'anton.ramadhan@tiket.com', NULL, '$2y$10$DwJDtvO35iM892H/0fSFM.xpUdENZCDdgr1uKeeZzAJaevcdUgHx.', NULL, 'Commercial', 'Associate Market Manager, Bandung', NULL, '2019-04-23 17:53:07', 1, '2019-04-23 09:26:51'),
(69, '2019-04-23 09:18:09', '2019-04-23 14:19:54', NULL, '8IGFNM', NULL, 'Antoni Dja\'far', 'antoni.djafar@tiket.com', NULL, '$2y$10$8.vUs3xe9lH9HW.xdfqEFuttww7KZNCjvldO7kqBiMGbksWfhX/YG', NULL, 'Communication', 'Motion Graphic Designer', NULL, '2019-04-23 14:19:54', 1, '2019-04-23 09:26:51'),
(70, '2019-04-23 09:18:09', '2019-04-26 19:59:20', NULL, 'GRR78S', NULL, 'Antoni Tirta Riadi', 'antoni@tiket.com', NULL, '$2y$10$OHlSEqUqmBm3WJpvGdcy0e1nwIytsp/dvkMh1MJaTOAlJ4cSz1QdK', 'GRR78S', 'Mobile Development', 'IOS Principal Engineer', NULL, '2019-04-26 19:59:20', 1, '2019-04-23 09:26:51'),
(71, '2019-04-23 09:18:09', '2019-04-24 17:11:40', NULL, 'MLECPZ', NULL, 'Apriantoni Purba', 'apriantoni@tiket.com', NULL, '$2y$10$SM6Yq8oPrVYTetTbi8JOi.DurL.A0HH8qKGhNThs54T14NaRHpALK', NULL, 'Accounting', 'Revenue & Refund Staff', NULL, '2019-04-24 17:11:40', 1, '2019-04-23 09:26:51'),
(72, '2019-04-23 09:18:09', '2019-04-23 15:34:53', NULL, 'OJHVSH', NULL, 'Arbi Juniar Setiawan', 'arbi.setiawan@tiket.com', NULL, '$2y$10$l5QkPwOvBKxi6FUo1iNd3eVJXsCNsGvctswU4xxK6JAk1Ysi6KFCC', NULL, 'Technology', 'SQA', NULL, '2019-04-23 15:34:53', 1, '2019-04-23 09:26:51'),
(73, '2019-04-23 09:18:09', '2019-04-24 14:45:30', NULL, 'UZXHQA', NULL, 'Ardisa Dwi Lestari', 'ardisa.lestari@tiket.com', NULL, '$2y$10$456bB.kFCLkCq3CxMJC5xubZMz23NRMqSC9uW4ZCtgqkenwU3YFNG', NULL, 'Hotel', 'Associate Market Manager', NULL, '2019-04-24 14:45:30', 1, '2019-04-23 09:26:51'),
(74, '2019-04-23 09:18:09', '2019-04-23 09:26:51', NULL, 'FVYEKY', NULL, 'Arfan Fudyar Tanto Dwi Nugroho', 'arfan.fudyartanto@tiket.com', NULL, NULL, 'FVYEKY', 'Technology', 'Tech Lead', NULL, NULL, 1, '2019-04-23 09:26:51'),
(75, '2019-04-23 09:18:09', '2019-04-24 12:52:34', NULL, '78ANWW', 'uploads/image_profile/75-1556081541.jpg', 'Arga Padan David', 'arga@tiket.com', '081382877456', '$2y$10$Y3U4jSnE5DLafXsc/CGkx.Ebpmc.x9t/qKyvb6xrSppcTuYQXML8y', '78ANWW', 'Development', 'Backend Engineer', 'EVT-0001', '2019-04-23 14:40:45', 1, '2019-04-23 09:26:51'),
(76, '2019-04-23 09:18:09', '2019-04-23 17:16:25', NULL, 'CGEHPY', NULL, 'Ari Apridana', 'ari.apridana@tiket.com', NULL, '$2y$10$AO4KAU0e4hFLYwquciFEVucHowbF.kA0Wnagg9KBTakenQYwaGEzK', NULL, 'Technology', 'IT Security Engineer', NULL, '2019-04-23 17:16:25', 1, '2019-04-23 09:26:51'),
(77, '2019-04-23 09:18:09', '2019-04-23 14:32:16', NULL, 'Y3HBPO', NULL, 'Ari Ramandini', 'ari.ramandini@tiket.com', NULL, '$2y$10$b4Q1tGuRAnoaKmmxqD9RY.CQrOW03mjDvyVbq.Qc1geHIxjOyStAq', NULL, 'Customer Relationship Management', 'Customer Relationship Management Executive', NULL, '2019-04-23 14:32:16', 1, '2019-04-23 09:26:51'),
(78, '2019-04-23 09:18:09', '2019-04-23 15:33:48', NULL, 'QUL9JO', NULL, 'Arif Gunawan', 'arif.gunawan@tiket.com', NULL, '$2y$10$TPxNw3mnf192tRDw.Tz8lOzHzrv5jlNqqEIQj.5.OKWAXTnpNYAPK', NULL, 'Operational Technology', 'Technical Support for Customer Services', NULL, '2019-04-23 15:33:48', 1, '2019-04-23 09:26:51'),
(79, '2019-04-23 09:18:09', '2019-04-26 23:33:00', NULL, 'RK4RLX', NULL, 'Arin Karina Ambasari', 'arin.karina@tiket.com', NULL, '$2y$10$X2Qo10hrWKyVcJqzktCrXuJwb52NZPwoLJlFhBSBvyAOE9zU9H/0K', NULL, 'Hotel', 'Market Manager', NULL, '2019-04-26 23:33:00', 1, '2019-04-23 09:26:51'),
(80, '2019-04-23 09:18:09', '2019-04-26 16:30:41', NULL, 'XKHSVL', NULL, 'Arini Tri Harnaningsih', 'arini.harnaningsih@tiket.com', NULL, '$2y$10$fRIaJEzcGc9hNuAvsaStbO1MMhqOaJ7.pqpfTL/hQnQymzel.Dh22', NULL, 'Commercial', 'Market Executive, East Java', NULL, '2019-04-26 16:30:41', 1, '2019-04-23 09:26:51'),
(81, '2019-04-23 09:18:09', '2019-04-23 09:26:51', NULL, '1H7NMI', NULL, 'Ariyanto', 'ariyanto@tiket.com', NULL, NULL, '1H7NMI', 'Entertainment', 'Event Staff', NULL, NULL, 1, '2019-04-23 09:26:51'),
(82, '2019-04-23 09:18:09', '2019-04-26 14:43:51', NULL, 'IDATXB', NULL, 'Ariyanto Mardi Wibowo', 'ariyanto.wibowo@tiket.com', NULL, '$2y$10$ZC0APWYvC0Qq/UTRVCW3DezZWDf47vcYIhGaOrQME4.1JsqyzeRr2', 'IDATXB', 'Technology', 'Frontend Engineer', NULL, '2019-04-26 14:43:51', 1, '2019-04-23 09:26:51'),
(83, '2019-04-23 09:18:09', '2019-04-24 11:43:16', NULL, 'SP5QNM', NULL, 'Arlyn Ardelia', 'arlyn@tiket.com', NULL, '$2y$10$dTMmiFzM3nCFcO6excv8Du43F7Qmlo/Arej.Z0LIj2CONc1sXaXK.', NULL, 'Product', 'Jr. Product Manager', NULL, '2019-04-24 11:43:16', 1, '2019-04-23 09:26:51'),
(84, '2019-04-23 09:18:09', '2019-04-23 14:59:24', NULL, 'U4ZP6N', NULL, 'Arman Hendra Harnanda', 'arman.harnanda@tiket.com', NULL, '$2y$10$z7HB4KeJsvGtxtWZIpAQOezMSA6qKAhlcZCEvh4YeUlOg1YWAutaG', NULL, 'Developer', 'Sr. Android Developer', NULL, '2019-04-23 14:59:24', 1, '2019-04-23 09:26:51'),
(85, '2019-04-23 09:18:09', '2019-04-26 08:35:48', NULL, '0LJEWK', NULL, 'Arnusani Rohmatika', 'arnusani@tiket.com', NULL, '$2y$10$enwMk4eYqeNGonpIhW7W/.OdOZ.H421S2tqueJqXjosP7YSPlDDZm', NULL, 'Hotel', 'Sales Executive', NULL, '2019-04-26 08:35:48', 1, '2019-04-23 09:26:51'),
(86, '2019-04-23 09:18:09', '2019-04-26 17:39:03', NULL, 'BBSZMO', NULL, 'Asih Kurnia', 'asih.kurnia@tiket.com', NULL, '$2y$10$YOUo9vwUemsVihkN0hQVAuHvZO/Baj5CXPB804ec12oN5ZgiyLJd6', NULL, 'Communication', 'Contact Center Team Leader', NULL, '2019-04-26 17:39:03', 1, '2019-04-23 09:26:51'),
(87, '2019-04-23 09:18:09', '2019-04-23 14:13:13', NULL, 'WDNAKB', NULL, 'Astrid Annisa', 'astrid.annisa@tiket.com', NULL, '$2y$10$c5/c9lGZHsAwEImS7udfWe5pOCyYPTfovy9VQsQjMZwRBmosz3mQq', NULL, 'Developer', 'Scrum Master', NULL, '2019-04-23 14:13:13', 1, '2019-04-23 09:26:51'),
(88, '2019-04-23 09:18:09', '2019-04-23 17:47:09', NULL, 'RGEQDJ', 'uploads/image_profile/88-1556012816.jpg', 'Bayu Ichsan Pratomo', 'bayu.ichsan@tiket.com', '085714080967', '$2y$10$8sCTi9UHkAoAaoob4uH.zOOrMe9Ybxf/uZmCnzjprgrMC7OjDOpAO', NULL, 'Brand Marketing', 'Social Media Specialist', 'EVT-0001', '2019-04-23 17:44:43', 1, '2019-04-23 09:26:51'),
(89, '2019-04-23 09:18:09', '2019-04-23 14:11:48', NULL, 'YVDCB9', NULL, 'Bayu Prayudha', 'bayu.prayudha@tiket.com', NULL, '$2y$10$Pv0GWebuQ95huoDJOxpgl.6rwX1Ee9entcSYFCq49nxcRx5JYMLIG', NULL, 'Technology', 'Site Reliability Engineer', NULL, '2019-04-23 14:11:48', 1, '2019-04-23 09:26:51'),
(90, '2019-04-23 09:18:09', '2019-04-23 15:13:12', NULL, 'KO72AY', NULL, 'Bayu Rizki Rahmadi', 'bayu.rizki@tiket.com', NULL, '$2y$10$sIUIZqFazNBz2tg4fGcBwecGPnI1Tt.mpC2P.u8SC1Q5F5aszPaJe', 'KO72AY', 'Development', 'Frontend Developer', NULL, '2019-04-23 15:11:59', 1, '2019-04-23 09:26:51'),
(91, '2019-04-23 09:18:09', '2019-04-23 17:23:44', NULL, 'ZKXICV', NULL, 'Beatrix Ari Retno', 'beatrix.utami@tiket.com', NULL, '$2y$10$8pXZffFcCgF/Ii2tzAVcwup31dnjTXwsuKvHAoASxLt9GlS60Z8ZO', NULL, 'Communication', 'International Ticketing Staff', NULL, '2019-04-23 17:23:44', 1, '2019-04-23 09:26:51'),
(92, '2019-04-23 09:18:09', '2019-04-23 22:42:36', NULL, 'QPMN3D', NULL, 'Bella Susilawati', 'bella@tiket.com', NULL, '$2y$10$n1tLle5SJjb45DJtRTuykeRn6RsyzuZB6pBs6A8gPlTY1oZJ2iiqa', NULL, 'Brand Marketing', 'Brand Executive', NULL, '2019-04-23 22:42:36', 1, '2019-04-23 09:26:51'),
(93, '2019-04-23 09:18:09', '2019-04-25 16:57:06', NULL, 'D52JRJ', NULL, 'Benyamin Budiharja', 'benyamin.budiharja@tiket.com', NULL, '$2y$10$rIOMr1aQBEGffrJAj6ho7uqBLfx0fddVw9mR1.AUCD/Lati/s6t6O', 'D52JRJ', 'Technology', 'Jr Backend Engineer', NULL, '2019-04-25 16:57:06', 1, '2019-04-23 09:26:51'),
(94, '2019-04-23 09:18:09', '2019-04-23 16:09:45', NULL, 'RDTSFO', NULL, 'Bernady Johanes Robinson', 'bernady@tiket.com', NULL, '$2y$10$OT24zPGNamu.G79L.mIss.zFYPmOmmIT2DRfKF3As9TRWsXGL44WK', NULL, 'Hotel', 'Market Manager', NULL, '2019-04-23 16:09:45', 1, '2019-04-23 09:26:51'),
(95, '2019-04-23 09:18:09', '2019-04-23 18:13:24', NULL, 'Y3GNCT', NULL, 'Bill Clinton', 'bill.clinton@tiket.com', NULL, '$2y$10$cVeOxIrr7Gg1qQLl.4ToaerRE1C0ZzEJ7z5a6UmH4XrXg.//3QSk.', NULL, 'Technology', 'Internship', NULL, '2019-04-23 18:13:24', 1, '2019-04-23 09:26:51'),
(96, '2019-04-23 09:18:09', '2019-04-25 10:53:31', NULL, 'TPODRQ', NULL, 'Bima Baruna', 'bima.putra@tiket.com', NULL, '$2y$10$zSylohKjo7t4aSM.WkRB8.ExOX.UN2J8V04ANWTETgtNDbUMD6Kbu', NULL, 'Technology', 'Software Quality Assurance', NULL, '2019-04-25 10:53:31', 1, '2019-04-23 09:26:51'),
(97, '2019-04-23 09:18:09', '2019-04-23 20:16:20', NULL, 'ROOQWR', NULL, 'Bima Prawira Buana', 'bima.buana@tiket.com', NULL, '$2y$10$9rSUGfp/fR1HVwYV7bMuMutZG4f6651a5RKfqOrxPjLYH2dnin1ce', NULL, 'Communication', 'Search Engine Marketing Associate', NULL, '2019-04-23 20:15:33', 1, '2019-04-23 09:26:51'),
(98, '2019-04-23 09:18:09', '2019-04-23 14:56:07', NULL, 'XHPXW0', NULL, 'Bintang Mahendra Dwiputra', 'bintang.mahendra@tiket.com', NULL, '$2y$10$.Ip/JiM47jmcIMKevQ2m0.nVyyoeX.dowoxzHt5ah0LJsU2Wy4UmG', NULL, 'B2C', 'Business Analyst', NULL, '2019-04-23 14:55:32', 1, '2019-04-23 09:26:51'),
(99, '2019-04-23 09:18:09', '2019-04-24 14:49:30', NULL, 'IJ4EDN', NULL, 'Boby Hartanto', 'boby.hartanto@tiket.com', NULL, '$2y$10$AmMkue8/XNAuoPActGpDquPmT1y9rZgqOiNncE0ZsHtNQwK3CgQG2', NULL, 'Technology', 'Backend Engineer', NULL, '2019-04-24 14:49:30', 1, '2019-04-23 09:26:51'),
(100, '2019-04-23 09:18:09', '2019-04-24 17:04:50', NULL, 'MGBDVQ', 'uploads/image_profile/100-1556096653.jpg', 'Bonri Sabar Posmartua Damanik', 'bonri@tiket.com', '081383513431', '$2y$10$Cgi4Dn3PXvlvqoBjaloZnO/eqNINP9nOVtESE9V32iQRuWp6bT2ky', NULL, 'Finance', 'Bank Confirmation Staff', 'EVT-0001', '2019-04-23 16:25:27', 1, '2019-04-23 09:26:51'),
(101, '2019-04-23 09:18:09', '2019-04-23 14:40:13', NULL, 'RMYJFS', NULL, 'Bram Martian', 'bram.martian@tiket.com', NULL, '$2y$10$WqyCBxdiU8FhyY35tijTtua705kBPTEcPOnUdjzcqje9myFkeVrwK', NULL, 'Promotion', 'Graphic Designer Lead', NULL, '2019-04-23 14:40:13', 1, '2019-04-23 09:26:51'),
(102, '2019-04-23 09:18:09', '2019-04-26 14:57:28', NULL, '8B24JN', NULL, 'Bramantyo Buwono', 'bramantyo.buwono@tiket.com', NULL, '$2y$10$u1gPXqgDjrYMlgI8WG9fd.vgqILLIa7YwJItjqg959IHByjj8ySrO', NULL, 'Communication', 'Brand Activation Specialist', NULL, '2019-04-26 14:57:28', 1, '2019-04-23 09:26:51'),
(103, '2019-04-23 09:18:09', '2019-04-23 15:06:11', NULL, 'P8I3KD', NULL, 'Brian Yogie Prasetya', 'brian.prasetya@tiket.com', NULL, '$2y$10$H8V2cBOTuexA0S.fFmQQhuVBLTxYMxfCewWarxmqhvGvBn6Rb4ht2', NULL, 'Product', 'Product Manager', NULL, '2019-04-23 15:06:11', 1, '2019-04-23 09:26:51'),
(104, '2019-04-23 09:18:09', '2019-04-26 19:24:13', NULL, 'VU9DAG', NULL, 'Bryan Henggono', 'bryan.henggono@tiket.com', NULL, '$2y$10$0AV411kojOmYLtKhOpCQvO0IGFNs5Pffp2JTXb8LujIN2qmxVQkHK', NULL, 'Technology', 'Intern - Business Intelligence', NULL, '2019-04-26 19:24:13', 1, '2019-04-23 09:26:51'),
(105, '2019-04-23 09:18:09', '2019-04-23 09:26:51', NULL, 'W7NCHK', NULL, 'Burhan Dewantara', 'burhan.dewantara@tiket.com', NULL, NULL, 'W7NCHK', 'Mobile Development', 'Sr. iOS Developer', NULL, NULL, 1, '2019-04-23 09:26:51'),
(106, '2019-04-23 09:18:09', '2019-04-24 14:31:31', NULL, 'KGFMNI', 'uploads/image_profile/106-1556087082.jpg', 'Cadenza Cesademar', 'cadenza.cesademar@tiket.com', '087877801130', '$2y$10$A.rhFNL8jCq004OWopt5KuhuTCic0H8hGaahxoc3L00JPSsauRwSe', NULL, 'Product', 'Associate Product Manager', NULL, '2019-04-23 21:47:16', 1, '2019-04-23 09:26:51'),
(107, '2019-04-23 09:18:09', '2019-04-23 15:30:35', NULL, 'DSK8OB', NULL, 'Calvin Prastyo Sugiarto', 'calvin.prastyo@tiket.com', NULL, '$2y$10$JRAgbMCyGrFH.itsMYkqyO2VQIt3zdZsz/hYyblFYuenMTXWBASse', NULL, 'Brand Marketing', 'Brand Strategist', NULL, '2019-04-23 15:30:35', 1, '2019-04-23 09:26:51'),
(108, '2019-04-23 09:18:09', '2019-04-23 19:15:32', NULL, 'NQZN91', NULL, 'Calvin Wirawan', 'calvin.wirawan@tiket.com', NULL, '$2y$10$NT14QEK2ueIm.tGb4gvqCOyOy2LdhOLpUOts2XAssPrAkHI9Klj3G', 'NQZN91', 'Developer', 'Jr. Backend Engineer', NULL, '2019-04-23 19:15:32', 1, '2019-04-23 09:26:51'),
(109, '2019-04-23 09:18:09', '2019-04-23 09:26:51', NULL, 'KUVLW3', NULL, 'Candra Hesen Perera', 'candra.parera@tiket.com', NULL, NULL, 'KUVLW3', 'Dev', 'Intern', NULL, NULL, 1, '2019-04-23 09:26:51'),
(110, '2019-04-23 09:18:09', '2019-04-23 15:36:38', NULL, 'NMAAOA', NULL, 'Candra Setiadi Wahyu', 'candra.wahyu@tiket.com', NULL, '$2y$10$Sz/A5S9g7x/eVlZlh2M0mexTYi9ojFi8o/jnk2abv5w5Q3cuevWxW', NULL, 'Developer', 'Backend Engineer', NULL, '2019-04-23 15:36:38', 1, '2019-04-23 09:26:51'),
(111, '2019-04-23 09:18:09', '2019-04-23 15:04:46', NULL, 'V8DXK8', 'uploads/image_profile/111-1556003043.jpg', 'Carissa Suryani', 'carissa.suryani@tiket.com', '08568911974', '$2y$10$Gk78DYZnVuXIuieY7whjbe4N8x/eFavyNz8Ks52CMg/JLeSUCJfCK', NULL, 'Communication', 'QA Team Leader', 'EVT-0001', '2019-04-23 15:01:50', 1, '2019-04-23 09:26:51'),
(112, '2019-04-23 09:18:09', '2019-04-24 01:45:33', NULL, 'I1ZKMP', NULL, 'Catharina Puspita Sari', 'catharina.sari@tiket.com', NULL, '$2y$10$Lq/PcQhG1/xEZGD2buRx9OFy.jkL6D9BVZBPP4zOaL3SL1dLobKnq', 'I1ZKMP', 'Commercial', 'AMM Central Java', NULL, '2019-04-24 01:45:33', 1, '2019-04-23 09:26:51'),
(113, '2019-04-23 09:18:09', '2019-04-23 09:26:51', NULL, 'J2QS8F', NULL, 'Chavia Zagita', 'chavia.zagita@tiket.com', NULL, NULL, 'J2QS8F', 'Communication', 'GDS Supervisor', NULL, NULL, 1, '2019-04-23 09:26:51'),
(114, '2019-04-23 09:18:09', '2019-04-23 14:51:50', NULL, 'SOCVD7', NULL, 'Chicy Ukhtari Marnov', 'chicy@tiket.com', NULL, '$2y$10$qQU5UbFacd4chbMsb5MfhOLRMvfJrYyg9fxwMMyKUkqftZyOsIxfi', NULL, 'Accounting', 'Bank Reconciliation Staff', NULL, '2019-04-23 14:51:50', 1, '2019-04-23 09:26:51'),
(115, '2019-04-23 09:18:09', '2019-04-23 09:26:51', NULL, 'U62BGM', NULL, 'Christiandy', 'christiandy@tiket.com', NULL, NULL, 'U62BGM', 'Performance Marketing', 'Data Analyst', NULL, NULL, 1, '2019-04-23 09:26:51'),
(116, '2019-04-23 09:18:09', '2019-04-23 15:21:20', NULL, '0RXJTW', NULL, 'Christina', 'christina.hasanuddin@tiket.com', NULL, '$2y$10$EhjAS9QGN77DVaQc5XQ6Su/pxcB2zlD989oS.rdcabekzC5ogqN3W', NULL, 'Hotel', 'Market Manager Jakarta', NULL, '2019-04-23 15:21:20', 1, '2019-04-23 09:26:51'),
(117, '2019-04-23 09:18:09', '2019-04-23 19:40:42', NULL, 'CW67CY', NULL, 'Christy Monica Miharja', 'christy.monica@tiket.com', NULL, '$2y$10$cC/tNjSFhUhgpDnkL4qh8uenKX.R264sL47X3K/e3zmkTzGyRaeTm', NULL, 'Communication', 'International Ticketing Staff', NULL, '2019-04-23 19:40:42', 1, '2019-04-23 09:26:51'),
(118, '2019-04-23 09:18:09', '2019-04-23 16:55:23', NULL, 'QEOH4T', 'uploads/image_profile/118-1555999221.jpg', 'Chyntia Alexandra', 'cynthia.alexandra@tiket.com', '081113105719', '$2y$10$DNTmFQOuquf9H3j.rPN9aOcIwVz47gYWua098wq2WC7.PVh0j7192', NULL, 'Commercial', 'AMM Surabaya', NULL, '2019-04-23 16:55:23', 1, '2019-04-23 09:26:51'),
(119, '2019-04-23 09:18:09', '2019-04-24 12:24:43', NULL, 'TU4KV0', NULL, 'Cisyelya Bunyamin', 'cisyelya@tiket.com', NULL, '$2y$10$/NQAixmWwBeFqdTe8sdoneXdg1MxbfoHDtRKmj1jZ.XO4AgXGZ74.', NULL, 'Hotel', 'Head of Hotel', NULL, '2019-04-24 12:23:25', 1, '2019-04-23 09:26:51'),
(120, '2019-04-23 09:18:09', '2019-04-23 09:26:51', NULL, 'QPY6NZ', NULL, 'Claudia Haliz', 'claudia.haliz@tiket.com', NULL, NULL, 'QPY6NZ', 'Developer', 'Jr. Backend Engineer', NULL, NULL, 1, '2019-04-23 09:26:51'),
(121, '2019-04-23 09:18:09', '2019-04-26 15:18:42', NULL, 'D97E6V', NULL, 'Cornelia Kristi Deswardhani', 'cornelia.deswardhani@tiket.com', '081564772016', '$2y$10$0Ri/QZocC1VDAQ9lnakhfuaB1.ids/PkPMkJRlNrhmLHm748gcZVu', NULL, 'Legal', 'Legal Staff', 'EVT-0001', '2019-04-26 12:23:25', 1, '2019-04-23 09:26:51'),
(122, '2019-04-23 09:18:09', '2019-04-23 09:26:51', NULL, '5YFQCO', NULL, 'CS Training', 'cstrainee@tiket.com', NULL, NULL, '5YFQCO', 'Communication', 'CS Training', NULL, NULL, 1, '2019-04-23 09:26:51'),
(123, '2019-04-23 09:18:09', '2019-04-27 07:23:26', NULL, 'OBDMPG', NULL, 'Dani Purwanto', 'dani.purwanto@tiket.com', NULL, '$2y$10$zMDZCo0vih2zzPSHaM1kx.RScl8MEXe2LECqIzjeffXmN3dcoIzYe', NULL, 'Hotel', 'MM Bali', NULL, '2019-04-27 07:23:26', 1, '2019-04-23 09:26:51'),
(124, '2019-04-23 09:18:09', '2019-04-23 23:39:22', NULL, '1IB0OM', NULL, 'Daniel Armanto', 'armanto@tiket.com', NULL, '$2y$10$8C1wXDZWmNt91DjcpNtMj.Cd4kCh22.cLdI/xrwPGkNCboqiluUnW', NULL, 'Technology', 'Chief Technology Officer', NULL, '2019-04-23 23:39:22', 1, '2019-04-23 09:26:51'),
(125, '2019-04-23 09:18:09', '2019-04-23 14:12:23', NULL, 'OXMOV3', NULL, 'Daniel Juanda', 'daniel.juanda@tiket.com', NULL, '$2y$10$Z9nbKfPDhBxwzCwy5VQHqeoIhPWs4zFIVxA5YFmTo4Z7xvBLwghoO', NULL, 'Technology', 'Frontend Engineer', NULL, '2019-04-23 14:12:23', 1, '2019-04-23 09:26:51'),
(126, '2019-04-23 09:18:09', '2019-04-23 15:30:04', NULL, 'JLT7VJ', NULL, 'Daniel Satrio', 'daniel.satrio@tiket.com', NULL, '$2y$10$eYrKNZnRc3/iz8wKJxsCkOdCr8y454JdJDgSrXD/jYP2hbSTk5QVu', NULL, 'Brand Marketing', 'Creative Graphic Designer', NULL, '2019-04-23 15:30:04', 1, '2019-04-23 09:26:51'),
(127, '2019-04-23 09:18:09', '2019-04-23 14:42:47', NULL, 'S0QQCV', NULL, 'Daniel Tony Wibowo', 'daniel.wibowo@tiket.com', NULL, '$2y$10$Sky6ouyR0U./4r/Bl.7dzOGmhydpw/lWAxmdek4nb8Fjn6Ma6zswK', NULL, 'Commmercial', 'Market Manager, Bali', NULL, '2019-04-23 14:41:04', 1, '2019-04-23 09:26:51'),
(128, '2019-04-23 09:18:09', '2019-04-23 14:14:47', NULL, 'WHCKRX', NULL, 'Danny Reza Miloen', 'danny.miloen@tiket.com', NULL, '$2y$10$pOjWkQ6facLao0QVTdlvCOwmhLIUcBDuTWgjx2dCVXd2N1kkseLne', 'WHCKRX', 'Developer', 'Frontend Engineer', NULL, '2019-04-23 14:14:47', 1, '2019-04-23 09:26:51'),
(129, '2019-04-23 09:18:09', '2019-04-23 14:16:16', NULL, '2U6THL', NULL, 'Danu Akbar Wicaksono', 'danu.wicaksono@tiket.com', NULL, '$2y$10$GPKaZWicluemmYffpuoT6./QDKwo/OU4RC0PGMHiojL0t2rLRiC56', NULL, 'Technology', 'Performance Engineer', NULL, '2019-04-23 14:16:16', 1, '2019-04-23 09:26:51'),
(130, '2019-04-23 09:18:09', '2019-04-24 14:52:48', NULL, 'RUB5FR', NULL, 'Dany Darmadi', 'dany@tiket.com', NULL, '$2y$10$C0NRPbUW5D2CHl9kpstDK.QBVn4yJMmf373mnTpxdItAML5tPOLCC', NULL, 'General Affair', 'Purchasing Staff', NULL, '2019-04-24 14:51:19', 1, '2019-04-23 09:26:51'),
(131, '2019-04-23 09:18:09', '2019-04-23 14:12:56', NULL, 'KYWBX6', NULL, 'Dara Puspita Nurani', 'dara.nurani@tiket.com', NULL, '$2y$10$UGimMgx8DVyNUOXdb0lls.yIUr37E9ATKdrVqZkmAnpA1D2ghE2Sy', NULL, 'Communication', 'Content Quality Controller', NULL, '2019-04-23 14:12:56', 1, '2019-04-23 09:26:51'),
(132, '2019-04-23 09:18:09', '2019-04-23 09:26:51', NULL, 'EO4YXU', NULL, 'Dara Septi Wardati', 'dara.septi@tiket.com', NULL, NULL, 'EO4YXU', 'Legal', 'Legal Administrator', NULL, NULL, 1, '2019-04-23 09:26:51'),
(133, '2019-04-23 09:18:09', '2019-04-23 15:07:13', NULL, 'CHCB97', NULL, 'David Brandon', 'david.brandon@tiket.com', NULL, '$2y$10$AlEyqH6QhMicyB4iV2vWnuMZHnPwokI6YMeh0RchI9b9hwMnQIKlC', NULL, 'Developer', 'Backend Engineer', NULL, '2019-04-23 15:07:13', 1, '2019-04-23 09:26:51'),
(134, '2019-04-23 09:18:09', '2019-04-23 14:31:03', NULL, 'U8NY8R', NULL, 'David Parasian Sianturi', 'david.parasian@tiket.com', NULL, '$2y$10$j1iq.nrCVIUYbLzjvpb3juzR7/psJRS0dNTS9kU4LD.GklT7wd59C', NULL, 'Technology', 'Software Quality Assurance (Intern)', NULL, '2019-04-23 14:31:03', 1, '2019-04-23 09:26:51'),
(135, '2019-04-23 09:18:09', '2019-04-23 19:38:25', NULL, '46B3DT', NULL, 'David Samuel Christian', 'david@tiket.com', NULL, '$2y$10$Iq03cnGTDqmWKolXGEEQa.ES54wiqc2tyEb3eXsr1UDnno/eqOMXW', '46B3DT', 'Transportation', 'Car Rental Executive', NULL, '2019-04-23 19:38:25', 1, '2019-04-23 09:26:51'),
(136, '2019-04-23 09:18:09', '2019-04-23 18:28:29', NULL, 'SZ97UP', NULL, 'David Wongso', 'david.wongso@tiket.com', NULL, '$2y$10$rU9SPT/6q4vFM08EM7z6D.XbTPcE9EEVFmYEJAMe0ylqYtdc71o2y', NULL, 'Commercial', 'AMM Sumatera', NULL, '2019-04-23 18:28:29', 1, '2019-04-23 09:26:51'),
(137, '2019-04-23 09:18:09', '2019-04-23 18:11:49', NULL, 'RLCJFC', NULL, 'Dea Aprilia Ronauli', 'dea@tiket.com', NULL, '$2y$10$zBC4oWExzgaqJ4OqLREXy.hZIFDsEnoK1hyRyh6/KQ82LMbNPjcSe', NULL, 'Finance', 'Finance Revenue Staff', NULL, '2019-04-23 18:11:49', 1, '2019-04-23 09:26:51'),
(138, '2019-04-23 09:18:09', '2019-04-23 14:13:34', NULL, 'ST8ACF', NULL, 'Deasy Nathalia Sagita', 'gita@tiket.com', NULL, '$2y$10$tfXjQVU82KUPtfoPTcKFY.QXKB4iTDcBUJ/pm8GO7tpN5q/Qgq4Gy', NULL, 'Mobile Development', 'Backend Engineer', NULL, '2019-04-23 14:13:34', 1, '2019-04-23 09:26:51'),
(139, '2019-04-23 09:18:09', '2019-04-23 14:16:02', NULL, '63TKRA', NULL, 'Debbi Pratama', 'debbi.pratama@tiket.com', NULL, '$2y$10$aGNNRQnmcYqcbwKlIaep1uNfChyGSclTdshjvFOgjYQbqOWjEGlrK', NULL, 'Developer', 'IT Support', NULL, '2019-04-23 14:16:02', 1, '2019-04-23 09:26:51'),
(140, '2019-04-23 09:18:09', '2019-04-23 14:19:38', NULL, 'OMWX5Y', NULL, 'Debby Sischa Pardede', 'debby.sischa@tiket.com', NULL, '$2y$10$6s8yMrFEw.nZ0wfMYS0FqeO3dbZn42XalA6QL.6M3mwCEyPXnY0AW', NULL, 'Mobile Development', 'Backend Engineer', NULL, '2019-04-23 14:19:38', 1, '2019-04-23 09:26:51'),
(141, '2019-04-23 09:18:09', '2019-04-23 14:51:41', NULL, '9ML5FR', NULL, 'Dede Sumarni', 'dede.sumarni@tiket.com', NULL, '$2y$10$0uAtgtx4a1A14GSRQX9YqexEqP23A7WUfU.PBw1K.PfpwYmKQnS2e', NULL, 'Customer Care', 'Customer Care Agent - Email', NULL, '2019-04-23 14:49:34', 1, '2019-04-23 09:26:51'),
(142, '2019-04-23 09:18:09', '2019-04-23 09:26:51', NULL, 'X6TJI6', NULL, 'Dekadwinavinta Candranugraha', 'dekadwinavinta@tiket.com', NULL, NULL, 'X6TJI6', 'Development', 'Backend Engineer', NULL, NULL, 1, '2019-04-23 09:26:51'),
(143, '2019-04-23 09:18:09', '2019-04-23 15:40:34', NULL, '4OUVIV', NULL, 'Deliana Purba', 'deliana@tiket.com', NULL, '$2y$10$Xk/9FbY4e5dbWDXm03EdzeSk8sIF3pgAQ0xw97X13oMdpYb4pmiOG', NULL, 'Finance', 'Finance Revenue Supervisor', NULL, '2019-04-23 15:40:34', 1, '2019-04-23 09:26:51'),
(144, '2019-04-23 09:18:09', '2019-04-23 14:31:51', NULL, 'TMTWEV', NULL, 'Dendi Hagriawan', 'dendi.hagriawan@tiket.com', NULL, '$2y$10$E0Zzb4Z.pjvry0laq.jNVO213iess/mff.JHEbYJQy6HESa/fw9yq', NULL, 'Developer', 'SQA Lead', NULL, '2019-04-23 14:31:51', 1, '2019-04-23 09:26:51'),
(145, '2019-04-23 09:18:09', '2019-04-23 14:26:21', NULL, 'EIVPIN', NULL, 'Dendra Ichsan Maulana', 'dendra.maulana@tiket.com', NULL, '$2y$10$x0ULUTIRiT7J0lqtMbgSnujOGgVGdiuQqfQQRJOq1LwOTpAgZFEOe', 'EIVPIN', 'Product', 'UI Designer', NULL, '2019-04-23 14:26:21', 1, '2019-04-23 09:26:51'),
(146, '2019-04-23 09:18:09', '2019-04-23 09:26:51', NULL, 'BRZNAL', NULL, 'Deni Arianto', 'deni.arianto@tiket.com', NULL, NULL, 'BRZNAL', 'Developer', 'Backend Engineer', NULL, NULL, 1, '2019-04-23 09:26:51'),
(147, '2019-04-23 09:18:09', '2019-04-23 14:38:38', NULL, 'YZXLEE', NULL, 'Deni Husni Fahri Rizal S Si', 'deni.husni@tiket.com', NULL, '$2y$10$cFH7i4BTuPoC0zfQIcJc9enW3gd2PvWGDWRvTsoVE6Z84poWW3uaK', NULL, 'Development', 'Java Engineer Lead', NULL, '2019-04-23 14:38:38', 1, '2019-04-23 09:26:51'),
(148, '2019-04-23 09:18:09', '2019-04-23 14:15:26', NULL, 'PEK0ZO', NULL, 'Deni Setyawan', 'deni.setyawan@tiket.com', NULL, '$2y$10$HfNSVWDhhyMimfqHZxjd9.sHu0OiMp1hbUDI/x42eBnefS32jXYQm', NULL, 'Mobile Development', 'Lead Engineer', NULL, '2019-04-23 14:15:26', 1, '2019-04-23 09:26:51'),
(149, '2019-04-23 09:18:09', '2019-04-23 22:25:56', NULL, 'K0FHUM', NULL, 'Dern Fredrik Fudi', 'dern.fudi@tiket.com', NULL, '$2y$10$sUxUy9FCxlX2PC1IfHWwcORBIzSTUomiBGoLYQS99Fd7mG.sHNMt6', NULL, 'Communication', 'International Ticketing Staff', NULL, '2019-04-23 22:25:56', 1, '2019-04-23 09:26:51'),
(150, '2019-04-23 09:18:09', '2019-04-23 09:26:51', NULL, 'SGYBZH', NULL, 'Des Mahdiyar', 'des.mahdiyar@tiket.com', NULL, NULL, 'SGYBZH', 'Commercial', 'Associate Activity Manager', NULL, NULL, 1, '2019-04-23 09:26:51'),
(151, '2019-04-23 09:18:09', '2019-04-23 19:27:02', NULL, 'DWMQ7X', NULL, 'Desi Puspitasari', 'desi.puspitasari@tiket.com', NULL, '$2y$10$wh7eem3u8zsI2nD1iS.wau7TBhubRN0PbkVgZpcLBCi14oUXUXS4C', NULL, 'Operational Technology', 'Data Scientist', NULL, '2019-04-23 19:27:02', 1, '2019-04-23 09:26:51'),
(152, '2019-04-23 09:18:09', '2019-04-23 09:26:51', NULL, 'X2LULD', NULL, 'Devi Ahmalia', 'devi.ahmalia@tiket.com', NULL, NULL, 'X2LULD', 'Developer', 'Fraud Administrator', NULL, NULL, 1, '2019-04-23 09:26:51'),
(153, '2019-04-23 09:18:09', '2019-04-23 15:33:36', NULL, 'IPB2OQ', NULL, 'Devin Christian', 'devin.christian@tiket.com', NULL, '$2y$10$JWaSxbSZ6n4M5dy3zoseOOyeegQGhgV13iNHRz73cKRBP7L7VZrFa', 'IPB2OQ', 'Developer', 'Intern', NULL, '2019-04-23 15:33:36', 1, '2019-04-23 09:26:51'),
(154, '2019-04-23 09:18:09', '2019-04-23 14:33:25', NULL, '5B3LPN', NULL, 'Dewi Agus Palupi', 'dewi.palupi@tiket.com', NULL, '$2y$10$WRvXVvxUVp8h.OBwz1DCq.uzm/cDMBSfUmKzs1WXD7hwr7aXpa866', NULL, 'Commercial', 'Senior Market Manager, East Java', NULL, '2019-04-23 14:33:25', 1, '2019-04-23 09:26:51'),
(155, '2019-04-23 09:18:09', '2019-04-26 16:15:37', NULL, '8RO14A', NULL, 'Dewi Nurrahmawati Sutrisno', 'dewi.sutrisno@tiket.com', NULL, '$2y$10$XyhoOLqhW9EK1B.q/dQIXuexy2m47mZivZybHgcPFRZ.E2inIXtuC', NULL, 'Communication', 'Copywriter', NULL, '2019-04-26 16:15:37', 1, '2019-04-23 09:26:51'),
(156, '2019-04-23 09:18:09', '2019-04-23 15:53:36', NULL, '43OYMS', NULL, 'Dewi Purwitasari', 'dewi.purwitasari@tiket.com', NULL, '$2y$10$wJ9VO5d9hItn7cof/1EEzeZA4MNMiPbghNpF6BYB148XRTRtH4YGa', NULL, 'Communication', 'QA Supervisor', NULL, '2019-04-23 15:53:36', 1, '2019-04-23 09:26:51'),
(157, '2019-04-23 09:18:09', '2019-04-23 14:24:35', NULL, 'OBEHTV', NULL, 'Dewi Ratnaningsih', 'dewi.nana@tiket.com', NULL, '$2y$10$801mQydLZsgva0EtiAgZ.O6A0vMUilL5j5KT8dq6bF2YR8Frl4K7e', NULL, 'Hotel', 'AMM Jogja', NULL, '2019-04-23 14:24:35', 1, '2019-04-23 09:26:51'),
(158, '2019-04-23 09:18:09', '2019-04-23 14:20:45', NULL, 'XKTSBZ', NULL, 'Dewi Yuliarti', 'dewi.yuliarti@tiket.com', NULL, '$2y$10$v22F/jlceurBsOsWY9u3Me09ElAlvkAapNSJ.8ofHm8VmW1Et8LQ6', NULL, 'Legal', 'Legal Officer', NULL, '2019-04-23 14:19:43', 1, '2019-04-23 09:26:51'),
(159, '2019-04-23 09:18:09', '2019-04-23 14:21:54', NULL, 'H5UUWC', NULL, 'Dhimas Bagus Pramudya', 'dhimas.pramudya@tiket.com', NULL, '$2y$10$xiWFtkaewtmiQ/NykcEVtO6H2kmIg1xHftSQPqWklx7cb5TTK.5Ve', NULL, 'Operational Technology', 'Developer Operations', NULL, '2019-04-23 14:21:15', 1, '2019-04-23 09:26:51'),
(160, '2019-04-23 09:18:09', '2019-04-23 16:05:50', NULL, 'MHP3NA', NULL, 'Dian Herdiyanto', 'herdi@tiket.com', NULL, '$2y$10$QPoJevOJ6PXSsFbgTgzsZ.93NYoFUvSz4YFuqQLG0ybSTxjHu3pka', NULL, 'Customer Care', 'QC Staff', NULL, '2019-04-23 16:05:50', 1, '2019-04-23 09:26:51'),
(161, '2019-04-23 09:18:09', '2019-04-23 09:26:51', NULL, 'QPH8FK', NULL, 'Dian Nurhayati', 'dian.nur@tiket.com', NULL, NULL, 'QPH8FK', 'Operational Technology', 'Data Wrangler Engineer', NULL, NULL, 1, '2019-04-23 09:26:51'),
(162, '2019-04-23 09:18:09', '2019-04-26 16:03:08', NULL, 'OUWTL2', NULL, 'Dian Nurhayati', 'dian.nurhayati@tiket.com', NULL, '$2y$10$jmOYC9K.UH6m4rKl5DirXeXQbM7DgIX2f.IAPMY9Wu9.ZdRFFwDk6', NULL, 'Operational Technology', 'Data Wrangler Engineer', NULL, '2019-04-26 16:03:08', 1, '2019-04-23 09:26:51'),
(163, '2019-04-23 09:18:09', '2019-04-23 14:33:50', NULL, '9WTK7S', NULL, 'Dika Permata Sari Saleh', 'dika.saleh@tiket.com', NULL, '$2y$10$kYa/x1E61E5L.P3URYdAZ.NJlCYGJ21tDSY5Gc3rxDfgpSlTZjike', NULL, 'Product', 'Associate Product Manager', NULL, '2019-04-23 14:33:50', 1, '2019-04-23 09:26:51'),
(164, '2019-04-23 09:18:09', '2019-04-23 14:30:41', NULL, 'BF5E3B', NULL, 'Dimas Prastia Rachman, ST', 'dimas.prastia@tiket.com', NULL, '$2y$10$.GGYCpZuITPIQy.25jf/B.Q/BUqhJaVoYCzG9WhCZZ/qg4TEn6qs2', NULL, 'B2B', 'B2B Online Supervisor', NULL, '2019-04-23 14:30:41', 1, '2019-04-23 09:26:51'),
(165, '2019-04-23 09:18:09', '2019-04-23 23:57:20', NULL, 'GOAXMU', NULL, 'Dimas Surya Yaputra', 'dimas@tiket.com', NULL, '$2y$10$v8KZk.b5cpTpWLVhslvMC..9QLbGlX7yaHPFU9Q58jDx2pKW5hAre', NULL, 'Commercial', 'Chief Commercial Officer', NULL, '2019-04-23 23:57:20', 1, '2019-04-23 09:26:51'),
(166, '2019-04-23 09:18:09', '2019-04-23 18:10:10', NULL, '16UT0E', NULL, 'Dina Astriatie', 'dina.astriatie@tiket.com', NULL, '$2y$10$rQwVi6SUDXOexWZ1Kl2Amuqlgb/PWOwoEjm6MOrq/LGe0OoUyixTm', '16UT0E', 'Finance', 'Finance Operational Staff', NULL, '2019-04-23 18:10:10', 1, '2019-04-23 09:26:51'),
(167, '2019-04-23 09:18:09', '2019-04-23 16:22:40', NULL, '3IU8O8', NULL, 'Dinar Azmi Yan Nomastu', 'dinar.azmi@tiket.com', NULL, '$2y$10$tn4lJpGqk9EmBTVOITkAdupg08pZZmirssqGAIQHsV5bVzWLw4IpG', '3IU8O8', 'Hotel', 'Market Executive', NULL, '2019-04-23 16:22:40', 1, '2019-04-23 09:26:51'),
(168, '2019-04-23 09:18:09', '2019-04-23 09:26:51', NULL, 'AGA92U', NULL, 'Dinda Feby Putri', 'dinda.putri@tiket.com', NULL, NULL, 'AGA92U', 'Finance', 'Finance Revenue Staff', NULL, NULL, 1, '2019-04-23 09:26:51'),
(169, '2019-04-23 09:18:09', '2019-04-23 14:30:10', NULL, 'POGPJE', NULL, 'Dinda Putri Amelia', 'dinda.amelia@tiket.com', NULL, '$2y$10$2rLMscXvQSQcBTC9wlMVNOIuEPVtKH9EgKHFZSzewBR4zjfO4Djry', NULL, 'Hotel', 'Market Manager West Area', NULL, '2019-04-23 14:30:10', 1, '2019-04-23 09:26:51'),
(170, '2019-04-23 09:18:09', '2019-04-23 15:48:01', NULL, 'GG8REY', NULL, 'Dio Bimo Saputro', 'dio.saputro@tiket.com', NULL, '$2y$10$hK/pbJIs3rpPXWKpL9iRUOuGSMfZv4Hh4n6mYxf758vip9J/2nkQe', NULL, 'FInance Accounting', 'Accounting Staff', NULL, '2019-04-23 15:48:01', 1, '2019-04-23 09:26:51'),
(171, '2019-04-23 09:18:09', '2019-04-23 16:22:46', NULL, 'A8OSZ2', 'uploads/image_profile/171-1556007721.jpg', 'Dion Ranasmara', 'dion.ranasmara@tiket.com', '08118006189', '$2y$10$uFuRcQmVv4zo7cH53nf1fOONAY6iy57DUEvHE7F/0IO97r8ciW1DK', 'A8OSZ2', 'Hotel', 'Market Manager', NULL, '2019-04-23 14:24:09', 1, '2019-04-23 09:26:51'),
(172, '2019-04-23 09:18:09', '2019-04-23 14:18:36', NULL, 'XZ4G3Q', NULL, 'Doddy Poerwo Haryadi', 'doddy.haryadi@tiket.com', NULL, '$2y$10$g4NMdBNreqfX8Dv2JCBkf.P5xC1CGLVxTBDQj2vzVQDfz8j6qUUCO', NULL, 'Developer', 'Sr. Backend Engineer', NULL, '2019-04-23 14:18:36', 1, '2019-04-23 09:26:51'),
(173, '2019-04-23 09:18:09', '2019-04-23 18:08:57', NULL, 'HSJFDO', NULL, 'Donny Iswan Situngkir', 'donny.situngkir@tiket.com', NULL, '$2y$10$qrznMSUKFcTwGDiul7XGeuc23QG3x/Opm9.JlzAxpQpm8p68w68Ca', 'HSJFDO', 'Technology', 'Frontend Engineer', NULL, '2019-04-23 18:08:57', 1, '2019-04-23 09:26:51'),
(174, '2019-04-23 09:18:09', '2019-04-24 11:30:39', NULL, 'KSKC6W', NULL, 'Dudi Arisandi', 'dudi.arisandi@tiket.com', NULL, '$2y$10$nqshA7cjGN/eircgVv8GSunaVf7NmYaPXkbu6LbDeKZqQKzFypdBG', NULL, 'People', 'Chief of People Officer', NULL, '2019-04-24 11:30:39', 1, '2019-04-23 09:26:51'),
(175, '2019-04-23 09:18:09', '2019-04-23 14:30:18', NULL, 'ILILCN', NULL, 'Dwi Wicaksono', 'dwi.wicaksono@tiket.com', NULL, '$2y$10$Q12FHFb0PQuVYD2LFnOxjOKL3zA0VpUwOYArBTsxwAklTOLxzZ7sa', NULL, 'Technology', 'Backend Engineer', NULL, '2019-04-23 14:29:37', 1, '2019-04-23 09:26:51'),
(176, '2019-04-23 09:18:09', '2019-04-27 03:04:36', NULL, 'R0W1IZ', NULL, 'Dwianto Nugroho', 'dwianto.nugroho@tiket.com', NULL, '$2y$10$Xwo04hlHz2v96Qi0sk5Yeu/LW4DZdrq9bpJyg8mOTo.F5cicZIvHy', NULL, 'Communication', 'SEO Content Writer', NULL, '2019-04-27 03:04:36', 1, '2019-04-23 09:26:51'),
(177, '2019-04-23 09:18:09', '2019-04-23 14:23:05', NULL, 'PV3E1Y', NULL, 'Dyah Wulandari', 'dyah.wulandari@tiket.com', NULL, '$2y$10$bJ7r1G7RVLV4V3btxooI4.ZO6E8xgfjmIywlsDendDACdN6G9pRfG', NULL, 'Performance Marketing', 'VP of Perfomance Marketing', NULL, '2019-04-23 14:23:05', 1, '2019-04-23 09:26:51');
INSERT INTO `member` (`id`, `created_at`, `updated_at`, `deleted_at`, `code`, `image`, `name`, `email`, `phone`, `password`, `forgot_password`, `company`, `departement`, `id_number`, `last_login`, `send_email`, `last_send_email`) VALUES
(178, '2019-04-23 09:18:09', '2019-04-27 00:13:30', NULL, '8KEJHJ', NULL, 'Dymas Arya Hutama', 'dymas.hutama@tiket.com', NULL, '$2y$10$oAhO3JfVA6VTaULqfCJSsuXnAAthhRrwGyURqJ44Wd0liIRtiQP96', NULL, 'Development', 'Data Warehouse', NULL, '2019-04-27 00:13:30', 1, '2019-04-23 09:26:51'),
(179, '2019-04-23 09:18:09', '2019-04-23 14:35:48', NULL, 'FMTEGR', NULL, 'Edi Sucipto', 'edi.sucipto@tiket.com', NULL, '$2y$10$NwgUreMDmPwu/EUrAYTNK.wVNqDDmSdWrwqyDOjUXDteUHLCKP8iS', NULL, 'Developer', 'Backend Engineer', NULL, '2019-04-23 14:35:48', 1, '2019-04-23 09:26:51'),
(180, '2019-04-23 09:18:09', '2019-04-23 09:26:51', NULL, 'HA9JLX', NULL, 'Edward Gilang Syahputra', 'edward.syaputra@tiket.com', NULL, NULL, 'HA9JLX', 'Product', 'UX Writer', NULL, NULL, 1, '2019-04-23 09:26:51'),
(181, '2019-04-23 09:18:09', '2019-04-24 09:38:13', NULL, 'HVJUEL', 'uploads/image_profile/181-1556069892.jpg', 'Eka Nugraha', 'eka.nugraha@tiket.com', NULL, '$2y$10$filUNvVRg8E/z8kp/Oh2FeChiMS289q.XfsfV.yHs7qzxsTfbf8n6', 'HVJUEL', 'Developer', 'Software Quality Assurance', NULL, '2019-04-23 16:06:30', 1, '2019-04-23 09:26:51'),
(182, '2019-04-23 09:18:09', '2019-04-23 14:37:35', NULL, 'YNPQSJ', NULL, 'Eka Winandra Putra', 'eka.winandra@tiket.com', NULL, '$2y$10$whoz70euWh/ywo0cl3qvZ.yph4ZPNVSFl5jam/yVgZ0CKx/jZ2wwS', NULL, 'Finance Accounting', 'Accounting Staff', NULL, '2019-04-23 14:37:35', 1, '2019-04-23 09:26:51'),
(183, '2019-04-23 09:18:09', '2019-04-23 16:51:47', NULL, 'XWMEVL', 'uploads/image_profile/183-1556009496.jpg', 'Ekky Zainudin Affandi', 'ekky.affandi@tiket.com', '08986402002', '$2y$10$XXyEKIdXPE6RAHyRVwvow.W5HY.kD6YkUwEQQ/iY5ZQfajaQeP0d2', NULL, 'Commercial', 'Market Manager, Bali', NULL, '2019-04-23 16:51:03', 1, '2019-04-23 09:26:51'),
(184, '2019-04-23 09:18:09', '2019-04-23 20:29:52', NULL, 'FQOKRS', NULL, 'Eko Dharmawan Sutedjo', 'eko.dharmawan@tiket.com', NULL, '$2y$10$QMqhfFfVXGo9bt5sxH4lWu0qKbYi9LuwOt2jrSYoh2gbk48dHAPci', NULL, 'Commercial', 'Sr. Manager International Flight', NULL, '2019-04-23 20:29:52', 1, '2019-04-23 09:26:51'),
(185, '2019-04-23 09:18:09', '2019-04-26 16:04:43', NULL, 'GRNGIY', NULL, 'Eko Windy Affandi', 'eko.affandi@tiket.com', '082213995549', '$2y$10$jSL9dxf0ULdgKRoxLwkpk.u.FR7dwS7jCJSxu01VX2MGwxGsupBpO', 'GRNGIY', 'Customer Care', 'Contact Center Manager', NULL, '2019-04-23 14:33:50', 1, '2019-04-23 09:26:51'),
(186, '2019-04-23 09:18:09', '2019-04-23 09:26:51', NULL, 'YPINLO', NULL, 'Eky Aritama Yudha', 'eki@tiket.com', NULL, NULL, 'YPINLO', 'Customer Care', 'Customer Care Agent - Email', NULL, NULL, 1, '2019-04-23 09:26:51'),
(187, '2019-04-23 09:18:09', '2019-04-25 11:21:49', NULL, 'FMEAE5', NULL, 'Elisabet Renaninggalih', 'elisabeth.renaninggalih@tiket.com', NULL, '$2y$10$F1BdrLsM.Ft2AxdhGwADNe2eEdwgfXfTgLNCltS8z.wSPLMGea3Q.', NULL, 'Commercial', 'Market Executive, Central Java', NULL, '2019-04-25 11:21:49', 1, '2019-04-23 09:26:51'),
(188, '2019-04-23 09:18:09', '2019-04-23 17:39:28', NULL, 'UMHJ6W', NULL, 'Elisabeth Dinasari Murdiana', 'dinasari.murdiana@tiket.com', NULL, '$2y$10$4IfC5rzSOFqOatVLW5VmdOyCK1hElsVXKneo0k5R4Olr3XliOlCv.', NULL, 'Customer Care', 'Customer Care Agent - Inbound call', NULL, '2019-04-23 17:39:28', 1, '2019-04-23 09:26:51'),
(189, '2019-04-23 09:18:09', '2019-04-23 16:45:55', NULL, 'SCT1TT', NULL, 'Elko Sharhadi Eppasa', 'elko.eppasa@tiket.com', '08561610728', '$2y$10$cAcQMn5hXtrqqQ0seSiCOeiL7wv5LQphjbky1MplU9bHTjocCVk0C', NULL, 'Technology', 'Backend Engineer', NULL, '2019-04-23 16:43:25', 1, '2019-04-23 09:26:51'),
(190, '2019-04-23 09:18:09', '2019-04-23 09:26:51', NULL, 'ZEZPZF', NULL, 'Elna Kusdamayanti', 'elna.kusdamayanti@tiket.com', NULL, NULL, 'ZEZPZF', 'Customer Care', 'Customer Care Administrator', NULL, NULL, 1, '2019-04-23 09:26:51'),
(191, '2019-04-23 09:18:09', '2019-04-23 14:27:51', NULL, '2GAYUX', NULL, 'Emade Haryo Kuncoro', 'emade.kuncoro@tiket.com', NULL, '$2y$10$c7LUm2oEhFAZkTrBC1LkPOgDHwOxZx7H/s6ueCgJr8fNY1Gc0H5Ze', '2GAYUX', 'Technology', 'Backend Engineer', NULL, '2019-04-23 14:27:51', 1, '2019-04-23 09:26:51'),
(192, '2019-04-23 09:18:09', '2019-04-27 07:05:47', NULL, 'KSPWKJ', NULL, 'Encang Dimyati', 'encang.dimyati@tiket.com', NULL, '$2y$10$PiZIvVl51oV7LQReF4PiW.jhqkKBC4ryvMZZ.a8jB9BkgYjhx7rkO', NULL, 'Communication', 'SEO Specialist', NULL, '2019-04-27 07:05:47', 1, '2019-04-23 09:26:51'),
(193, '2019-04-23 09:18:09', '2019-04-23 15:52:03', NULL, 'HSZXYH', NULL, 'Endah Tri Utami', 'endah@tiket.com', NULL, '$2y$10$7zhpJRYM0FAJL6uRkYt/qO4mKD4tuiMYscxj9qSoThUq4cUjifg0m', NULL, 'Development', 'Frontend Engineer', NULL, '2019-04-23 15:52:03', 1, '2019-04-23 09:26:51'),
(194, '2019-04-23 09:18:09', '2019-04-23 15:40:02', NULL, '2EI8X1', NULL, 'Endy Santoso', 'endy.santoso@tiket.com', NULL, '$2y$10$.lc9GwTe1jAq1zdtGPXvk.wOL1178hT.UtuKrD50DoDMaQqTJ7Cy6', NULL, 'Development', 'Frontend Engineer', NULL, '2019-04-23 15:40:02', 1, '2019-04-23 09:26:51'),
(195, '2019-04-23 09:18:09', '2019-04-23 09:26:51', NULL, 'XO4YU1', NULL, 'Eneng Reni Andryani', 'eneng.andryani@tiket.com', NULL, NULL, 'XO4YU1', 'Finance Accounting', 'Staff Finance Hotel Admin', NULL, NULL, 1, '2019-04-23 09:26:51'),
(196, '2019-04-23 09:18:09', '2019-04-23 12:47:37', NULL, '1LHF4A', NULL, 'Enrico Giovani', 'enrico.giovanni@tiket.com', NULL, '$2y$10$1PiGhfJMTWMp7HP2RPIZBOwz1RlLVwq0bPoAfkfygOxtZe9lZvrlu', '1LHF4A', 'Developer', 'Junior Programmer', NULL, '2019-04-23 12:47:37', 1, '2019-04-23 09:26:51'),
(197, '2019-04-23 09:18:09', '2019-04-23 14:49:42', NULL, 'GLSHMP', NULL, 'Enti Bestari', 'enti.bestari@tiket.com', NULL, '$2y$10$2iHk11jYXy1Vy1CIBQMft.b8RoadvP8.c1WOsoD1IX33jbc4byXhe', NULL, 'Communication', 'Intern-Customer Care', NULL, '2019-04-23 14:48:46', 1, '2019-04-23 09:26:51'),
(198, '2019-04-23 09:18:09', '2019-04-23 16:39:42', NULL, 'UUC8TC', 'uploads/image_profile/198-1556008776.jpg', 'Eric Wijaya', 'eric.wijaya@tiket.com', '081325765051', '$2y$10$pNJTbhf0A7rUNWjiRfkvve5Gi9KXUMqIf8jnt6bT5irD6nIz46Eq.', NULL, 'Technology', 'Sr. Android Developer', NULL, '2019-04-23 16:38:55', 1, '2019-04-23 09:26:51'),
(199, '2019-04-23 09:18:09', '2019-04-24 17:07:18', NULL, 'W2371N', NULL, 'Erik Megantara', 'erik@tiket.com', NULL, '$2y$10$sdoJMYbIG86XLO0juKg1MO7aLMf.YMdgCc.Y2FmuSWS21yCaOKEzK', NULL, 'Development', 'Backend Engineer', NULL, '2019-04-24 17:07:18', 1, '2019-04-23 09:26:51'),
(200, '2019-04-23 09:18:09', '2019-04-23 14:32:22', NULL, 'RNCIXT', NULL, 'Erina Hidayati', 'erina@tiket.com', NULL, '$2y$10$z2PqQ/ymqnxeM8tGLn47n.eDQGLgVY4xtuwX/zrJzpfpE6uaQsWLW', 'RNCIXT', 'Finance', 'Finance Revenue Staff', NULL, '2019-04-23 14:32:22', 1, '2019-04-23 09:26:51'),
(201, '2019-04-23 09:18:09', '2019-04-23 15:41:44', NULL, 'SJZ5NM', NULL, 'Eveline Adipurna', 'eveline.adipurna@tiket.com', NULL, '$2y$10$ZlcgvzlWC/jeaPQ9.E08VuAE4q0ZEr2biAS46RqIdznhi2ggR15tS', 'SJZ5NM', 'Product', 'UI Deisgner', NULL, '2019-04-23 15:41:44', 1, '2019-04-23 09:26:51'),
(202, '2019-04-23 09:18:09', '2019-04-23 14:24:17', NULL, '98ZF0N', NULL, 'Evelyn Greselda', 'evelyn.greselda@tiket.com', NULL, '$2y$10$Q5xiMe7uf/0z32Aa9dCjeOPLLuERN5.3zkloQowBoyfCySyLLvn5i', NULL, 'Technology', 'Software Quality Assurance', NULL, '2019-04-23 14:15:52', 1, '2019-04-23 09:26:51'),
(203, '2019-04-23 09:18:09', '2019-04-24 07:00:22', NULL, 'NT62IN', 'uploads/image_profile/203-1556060392.jpg', 'Evelyne Leong', 'evelyne.leong@tiket.com', '+60162684468', '$2y$10$Os2yubO/2lsxZKR1Ltz.HevoB9N7ADSi64aULCUr/eMchurwjh4La', NULL, 'Commercial', 'Market Manager, Malaysia', NULL, '2019-04-24 06:57:39', 1, '2019-04-23 09:26:51'),
(204, '2019-04-23 09:18:09', '2019-04-23 09:26:51', NULL, 'RRGWZQ', NULL, 'Faisal Morensya', 'faisal.morensya@tiket.com', NULL, NULL, 'RRGWZQ', 'Developer', 'Backend Engineer', NULL, NULL, 1, '2019-04-23 09:26:51'),
(205, '2019-04-23 09:18:09', '2019-04-25 18:51:56', NULL, 'VPJ6HE', NULL, 'Faizal Dunggio', 'faizal.dunggio@tiket.com', NULL, '$2y$10$Hjf5urFFwhCfcs.CCF/6EufdZQC/iBBcId.xNES4pH5et72FbwzqC', NULL, 'People', 'TA & Employee Engagement Manager', NULL, '2019-04-25 18:51:56', 1, '2019-04-23 09:26:51'),
(206, '2019-04-23 09:18:09', '2019-04-23 17:34:37', NULL, 'GUGS7I', NULL, 'Fakhrinal Rahman', 'fakhrinal.rahman@tiket.com', NULL, '$2y$10$dREfJsLndzt.h4br2EdsP.tQ5YIgsgwuEFwV.rVC5/tS17olbxoIa', NULL, 'B2B', 'Sales Executive', NULL, '2019-04-23 17:34:37', 1, '2019-04-23 09:26:51'),
(207, '2019-04-23 09:18:09', '2019-04-23 18:44:27', NULL, 'QZ7ZNC', NULL, 'Faldy Findraddy', 'faldy.findraddy@tiket.com', NULL, '$2y$10$cWtXqn44BaM1bvyQQ3wIm.XkpCmx0kskaV28rIXGxmAtpqzUXi2rK', NULL, 'Developer', 'DevOps', NULL, '2019-04-23 18:44:27', 1, '2019-04-23 09:26:51'),
(208, '2019-04-23 09:18:09', '2019-04-23 09:26:51', NULL, '4M4KWD', NULL, 'Fandy Ahmad', 'fandy.ahmad@tiket.com', NULL, NULL, '4M4KWD', 'Development', 'Backend Engineer', NULL, NULL, 1, '2019-04-23 09:26:51'),
(209, '2019-04-23 09:18:09', '2019-04-23 09:26:51', NULL, 'U6JZRH', NULL, 'Fandy Sefriyanto', 'fandy.sefriyanto@tiket.com', NULL, NULL, 'U6JZRH', 'Development', 'Sr Backend Engineer', NULL, NULL, 1, '2019-04-23 09:26:51'),
(210, '2019-04-23 09:18:09', '2019-04-23 09:26:51', NULL, 'W6UQXY', NULL, 'Fani Syahrani', 'fani@tiket.com', NULL, NULL, 'W6UQXY', 'Customer Care', 'Customer Care Agent - Inbound call', NULL, NULL, 1, '2019-04-23 09:26:51'),
(211, '2019-04-23 09:18:09', '2019-04-23 22:09:11', NULL, 'U8SKJH', NULL, 'Fara Wibowo', 'fara.wibowo@tiket.com', NULL, '$2y$10$uqobt0Mi5Xof2ObS5TeOd.VVYh8V6BgAEON1B8ATGaLOgcl3TK9cK', NULL, 'Commercial', 'Sr Market Manager Singapore', NULL, '2019-04-23 22:09:11', 1, '2019-04-23 09:26:51'),
(212, '2019-04-23 09:18:09', '2019-04-23 09:26:51', NULL, 'XAWD0T', NULL, 'Febrico', 'febrico@tiket.com', NULL, NULL, 'XAWD0T', 'Entertainment', 'Attraction Manager', NULL, NULL, 1, '2019-04-23 09:26:51'),
(213, '2019-04-23 09:18:09', '2019-04-23 09:26:51', NULL, 'QQUXJZ', NULL, 'Febrina Syaifullana', 'febrina@tiket.com', NULL, NULL, 'QQUXJZ', 'Performance Marketing', 'Sr. Apps & Display Specialist', NULL, NULL, 1, '2019-04-23 09:26:51'),
(214, '2019-04-23 09:18:09', '2019-04-27 05:29:18', NULL, 'DXXMG0', NULL, 'Febriyani', 'febriyani.ananda@tiket.com', NULL, '$2y$10$N1/udVZv3XU.BF44iAo4R.SLvymQ/33etSCSOARFBHDpFC6qtNGRa', NULL, 'People', 'Talent Acquisition Coordinator', NULL, '2019-04-27 05:29:18', 1, '2019-04-23 09:26:51'),
(215, '2019-04-23 09:18:09', '2019-04-23 09:26:51', NULL, 'P0CQV9', NULL, 'Feby Sri Menda Ginting', 'feby@tiket.com', NULL, NULL, 'P0CQV9', 'Entertainment', 'Event Supervisor', NULL, NULL, 1, '2019-04-23 09:26:51'),
(216, '2019-04-23 09:18:09', '2019-04-23 15:51:28', NULL, 'JIE6U4', NULL, 'Felita Ariella Mustika', 'felita.mustika@tiket.com', NULL, '$2y$10$m.Ww9IMlRQKP.nC5DYj4beMFmcEf08bAyB1z3.mngBR/ehqOMYSqa', NULL, 'Technology', 'Jr Data Scientist', NULL, '2019-04-23 15:51:28', 1, '2019-04-23 09:26:51'),
(217, '2019-04-23 09:18:09', '2019-04-25 08:29:49', NULL, 'RZB19Z', NULL, 'Felix Ferdi Fernandus', 'felix@tiket.com', NULL, '$2y$10$c3my1X5gxHO9hgficjhsAukT65EnojDm.3z/cpTVFo5b3ItNfwFMa', NULL, 'General Affair', 'Maintenance Staff', NULL, '2019-04-25 08:29:49', 1, '2019-04-23 09:26:51'),
(218, '2019-04-23 09:18:09', '2019-04-23 14:57:06', NULL, 'ARHMFY', NULL, 'Ferdi Ninaber', 'ferdi.ninaber@tiket.com', NULL, '$2y$10$L2Q99ZGyKe7.SCRU9DAjA.yI3GrW9i4exHFE26g5QanqQcYlRlu9q', NULL, 'Technology', 'Android Principal', NULL, '2019-04-23 14:57:06', 1, '2019-04-23 09:26:51'),
(219, '2019-04-23 09:18:09', '2019-04-23 17:16:09', NULL, '5ILQHI', NULL, 'Ferdi Safirul Adhi', 'ferdi.safirul@tiket.com', NULL, '$2y$10$PtgGVzqgG5afTd5GenIgUeHU134J5yubnTRUWhWk8uAyT7nsF9FZy', NULL, 'Transportation', 'GDS & Legacy Supervisor', NULL, '2019-04-23 17:16:09', 1, '2019-04-23 09:26:51'),
(220, '2019-04-23 09:18:09', '2019-04-25 00:22:35', NULL, 'MSIYFU', NULL, 'Ferdinand Dimas T. Soepardi', 'ferdinand.dimas@tiket.com', NULL, '$2y$10$5o9Yj35G0m53eB.hlMfDv.lLeWa.NIbK3MPZwtJcbdo.PcCtwzEJS', 'MSIYFU', 'Technology', 'Tech Lead', NULL, '2019-04-25 00:22:35', 1, '2019-04-23 09:26:51'),
(221, '2019-04-23 09:18:09', '2019-04-23 16:26:46', NULL, 'T7WZLM', NULL, 'Ferdinand Siregar', 'ferdinand.siregar@tiket.com', NULL, '$2y$10$ORWY2kf.nj3RTZmnac2yselJdvE77Ps1WATqBcG07B95/C25PdK8y', 'T7WZLM', 'Hotel', 'Sr. Market Manager', NULL, '2019-04-23 16:26:46', 1, '2019-04-23 09:26:51'),
(222, '2019-04-23 09:18:09', '2019-04-23 09:26:51', NULL, 'M9JQEZ', NULL, 'Fika Damayanti', 'fika.damayanti@tiket.com', NULL, NULL, 'M9JQEZ', 'Human Resources and General Affair', 'Head Of Human Resources and General Affair', NULL, NULL, 1, '2019-04-23 09:26:51'),
(223, '2019-04-23 09:18:09', '2019-04-23 14:35:26', NULL, 'Z4EJWC', NULL, 'Firdaus Farisqi', 'firdaus@tiket.com', NULL, '$2y$10$pAwjqrH/ELiKW7aO83kQ1.BoraCt3FU2x3xnCvCPSsNMgkisBXyni', 'Z4EJWC', 'Customer Care', 'Customer Care Supervisor', NULL, '2019-04-23 14:35:26', 1, '2019-04-23 09:26:51'),
(224, '2019-04-23 09:18:09', '2019-04-23 09:26:51', NULL, 'Y4MID1', NULL, 'Firhad Gustivano', 'firhad.gustivano@tiket.com', NULL, NULL, 'Y4MID1', 'Communication', 'International Ticketing Staff', NULL, NULL, 1, '2019-04-23 09:26:51'),
(225, '2019-04-23 09:18:09', '2019-04-23 14:12:57', NULL, 'SD6634', NULL, 'Firman Gautama', 'firman.gautama@tiket.com', NULL, '$2y$10$udYgdSIQ8cH3SECp/nOIkeiejG9nlpj/WL0ofgadPmGd.4x4vbBci', NULL, 'Operational Technology', 'VP Infrastructure', NULL, '2019-04-23 14:12:57', 1, '2019-04-23 09:26:51'),
(226, '2019-04-23 09:18:09', '2019-04-25 12:18:50', NULL, 'O8HQST', NULL, 'Fitriani', 'fitriani@tiket.com', NULL, '$2y$10$skSlh0gqng6vMQimtx.kXe4K23aGkFRfATeORaOK1Hd8W577ioe6u', 'O8HQST', 'Accounting', 'Tax Staff', NULL, '2019-04-23 15:12:51', 1, '2019-04-23 09:26:51'),
(227, '2019-04-23 09:18:09', '2019-04-25 22:18:10', NULL, 'XMB1IR', NULL, 'Fourir Akbar', 'fourir.akbar@tiket.com', NULL, '$2y$10$UaRJniID6JiThRL4VZz9SuwL./zxgBHp6grKahIlTJsRZcsVyu2eu', NULL, 'Developer', 'DevOps', NULL, '2019-04-25 22:18:10', 1, '2019-04-23 09:26:51'),
(228, '2019-04-23 09:18:09', '2019-04-23 16:56:01', NULL, 'E0FMDH', 'uploads/image_profile/228-1556009755.jpg', 'Frans Damanik', 'frans.damanik@tiket.com', NULL, '$2y$10$Gbw.hptS7b9J6qHGGGqk.O9JtsRx1UeGD0YYc0MmJp72GTMf/atZi', NULL, 'B2C', 'Sales Executive', NULL, '2019-04-23 16:54:31', 1, '2019-04-23 09:26:51'),
(229, '2019-04-23 09:18:09', '2019-04-23 14:29:59', NULL, 'BPJ8XZ', NULL, 'Freddy Gunawan', 'freddy.gunawan@tiket.com', NULL, '$2y$10$zzXP3aL5r7Y9qi2DGTVGM.B4VpWYEjbQNwnHqmqgxioo56kI7usCG', NULL, 'Product', 'Product Growth Manager', NULL, '2019-04-23 14:29:59', 1, '2019-04-23 09:26:51'),
(230, '2019-04-23 09:18:09', '2019-04-23 19:46:34', NULL, 'GPMRUI', NULL, 'Frincesha Nathalia Nababan', 'frincesa.nababan@tiket.com', NULL, '$2y$10$VuLH7.ZcLpA50kpkFiJqcu9bgGT80VXLAiiExjtTZCy1a8bTzJj3e', NULL, 'Commercial', 'AMM - Bandung & West Java', NULL, '2019-04-23 19:46:34', 1, '2019-04-23 09:26:51'),
(231, '2019-04-23 09:18:09', '2019-04-23 14:33:56', NULL, 'SYC7DF', 'uploads/image_profile/231-1555993096.jpg', 'Fuad Rido Awaludin', 'fuad.rido@tiket.com', '085716096403', '$2y$10$l6vJWjwNfDYCqw56ENzW6etftFG5VYdRkcFb9vpvyA8OH7GkRu/ua', 'SYC7DF', 'Developer', 'IT Manager', NULL, '2019-04-23 14:33:56', 1, '2019-04-23 09:26:51'),
(232, '2019-04-23 09:18:09', '2019-04-23 14:15:00', NULL, 'VLA7EN', NULL, 'Futi Firliana Rahman', 'futi.rahman@tiket.com', NULL, '$2y$10$GS.L/iVgDrOqC7kfBDa14e3A4JB9Tm1t7jVuTB7Pj82r9Eww9tz6C', 'VLA7EN', 'People', 'Intern - Employee Culture & Engagement', NULL, '2019-04-23 14:15:00', 1, '2019-04-23 09:26:51'),
(233, '2019-04-23 09:18:09', '2019-04-24 16:59:49', NULL, 'HFTM7N', NULL, 'FX Reksa Saveanto', 'reksa.saveanto@tiket.com', NULL, '$2y$10$N.bkgyO18QqH/2C1/doQi.zX8ndklsBQLpFABJTl785vqc72EoTSq', NULL, 'Communication', 'Video Production Assistant', NULL, '2019-04-24 16:59:04', 1, '2019-04-23 09:26:51'),
(234, '2019-04-23 09:18:09', '2019-04-23 14:51:40', NULL, 'SZRERY', NULL, 'Gabriel Juan Evangeli', 'gabriel.evangeli@tiket.com', NULL, '$2y$10$.X2PUsVdu0v3wp2SbKG82e/9fNfMjlgf7Kv7QU5.xbeGupJeL24ve', NULL, 'Technology', 'Backend Engineer', NULL, '2019-04-23 14:51:40', 1, '2019-04-23 09:26:51'),
(235, '2019-04-23 09:18:09', '2019-04-25 09:24:37', NULL, 'NKBFEV', NULL, 'Gama Deva Graphiaksara', 'gama.deva@tiket.com', NULL, '$2y$10$2lyg/PIFWTrPJHSEFORR/OhsDN2W3K4q1G1Qv2zkP5iIdwVTq9BDi', NULL, 'Communication', 'Motion Graphic Designer', NULL, '2019-04-25 09:24:37', 1, '2019-04-23 09:26:51'),
(236, '2019-04-23 09:18:09', '2019-04-27 07:06:14', NULL, 'P6J6BO', NULL, 'George Hendrata', 'george@tiket.com', NULL, '$2y$10$DaB9OM.9QwO9i2tuKIxq5.j7DSkkB.fZkSb8h9ckZ1vcAZEYnqlwK', NULL, 'CEO', 'CEO', NULL, '2019-04-27 07:06:14', 1, '2019-04-23 09:26:51'),
(237, '2019-04-23 09:18:09', '2019-04-24 10:16:37', NULL, 'EHUT0L', NULL, 'Ghainia Nur Inayah', 'ghainia.inayah@tiket.com', NULL, '$2y$10$9uHGvRblOMBLmV.A5QZLFOfuOIM1x5n/F4y7fCrcRYmAsvJklkKru', NULL, 'Legal and Compliance', 'Legal Staff', NULL, '2019-04-24 10:16:37', 1, '2019-04-23 09:26:51'),
(238, '2019-04-23 09:18:09', '2019-04-23 14:17:11', NULL, 'WSZPDS', NULL, 'Ghufron Hasyimi', 'ghufron.hasyimi@tiket.com', NULL, '$2y$10$y2i2.WU7AGYAt7wt7/RJ5eEklziNzFEkhqp5rYFXXc/89XjV/T/vW', NULL, 'Finance Accounting', 'Accounting Revenue staff', NULL, '2019-04-23 14:17:11', 1, '2019-04-23 09:26:51'),
(239, '2019-04-23 09:18:09', '2019-04-23 14:38:12', NULL, 'AYGPKY', NULL, 'Gilang Adhitya', 'gilang.adhitya@tiket.com', NULL, '$2y$10$JOeZTMqyJmaTuhmZFmjSHeLqXW8cqrIW3sb7fnx0RZ1vVqwhPHFTq', 'AYGPKY', 'Finance Accounting', 'Accounting Staff', NULL, '2019-04-23 14:38:12', 1, '2019-04-23 09:26:51'),
(240, '2019-04-23 09:18:09', '2019-04-23 14:53:08', NULL, 'FSSPX9', 'uploads/image_profile/240-1556002382.jpg', 'Gilbert James Rumengan', 'gillbert.rumengan@tiket.com', '081931117897', '$2y$10$WcLjOqxSNLVSwXLwLx/CgOXdo5OJ8Vg8gvNzowiQM62Mqz9F5a9GC', NULL, 'Communication', 'International Ticketing Staff', NULL, '2019-04-23 14:51:12', 1, '2019-04-23 09:26:51'),
(241, '2019-04-23 09:18:09', '2019-04-23 14:31:07', NULL, 'JYNSKI', 'uploads/image_profile/241-1556001055.jpg', 'Giovannia Whelly Fortuna', 'giovannia.fortuna@tiket.com', '082298084800', '$2y$10$WVpdjg56wyYxu7stoGcZwOdQWCehU/8/EWoY8O9bYc6wksUuHYKkW', NULL, 'Technology', 'IT Support Admin', NULL, '2019-04-23 14:30:19', 1, '2019-04-23 09:26:51'),
(242, '2019-04-23 09:18:09', '2019-04-23 09:26:51', NULL, 'QKQD3I', NULL, 'Gita Rahmawati', 'gita.rahmawati@tiket.com', NULL, NULL, 'QKQD3I', 'Communication', 'Communication (Intern)', NULL, NULL, 1, '2019-04-23 09:26:51'),
(243, '2019-04-23 09:18:09', '2019-04-26 23:40:43', NULL, 'FI1FLE', NULL, 'Gloria Stefani', 'gloria.yudo@tiket.com', NULL, '$2y$10$Se4rSQ.rYhwNiWJ4u1DHQuuB77XSxMay6widsO7nz35elIXtgtDiq', NULL, 'Commercial', 'Market Executive Chain', NULL, '2019-04-26 23:40:43', 1, '2019-04-23 09:26:51'),
(244, '2019-04-23 09:18:09', '2019-04-26 17:31:43', NULL, 'OX52AF', NULL, 'Hadrianus Kristian Adi Nugraha', 'kristian.adi@tiket.com', NULL, '$2y$10$Gk/1OrzSfPGAxbU.0Zl/xuNL9I6n8qYiR2IHCDt/X9aMTiKg5OLke', NULL, 'Human Resources and General Affair', 'Industrial Relation Specialist', NULL, '2019-04-26 17:31:43', 1, '2019-04-23 09:26:51'),
(245, '2019-04-23 09:18:09', '2019-04-23 14:41:47', NULL, 'RRKTK7', NULL, 'Hafizhan Aliady', 'hafizhan.aliady@tiket.com', NULL, '$2y$10$D37WzrrGzo8tI.N.25xJR.Yp0A19IHciTOEMxrq8CK58tlbBg0lxi', NULL, 'Developer', 'Data Scientist', NULL, '2019-04-23 14:41:47', 1, '2019-04-23 09:26:51'),
(246, '2019-04-23 09:18:09', '2019-04-23 17:06:44', NULL, 'HMSI5T', NULL, 'Hana Yanita', 'hana.yanita@tiket.com', NULL, '$2y$10$Li7S571L9SPaPU5z3Po/JOMEetccW/2GLjkRCfH74uGQcIcms4OYS', 'HMSI5T', 'Technology', 'Java Engineer', NULL, '2019-04-23 17:06:44', 1, '2019-04-23 09:26:51'),
(247, '2019-04-23 09:18:09', '2019-04-23 19:29:23', NULL, 'ADKVYX', NULL, 'Handrianto Gunawan', 'handrianto.gunawan@tiket.com', NULL, '$2y$10$tKGJEWUL5xOiXg8AhFRNMuP6v8kvzfm/j.3Z/Len27ZDger6Lej/K', NULL, 'Developer', 'Jr. Android Developer', NULL, '2019-04-23 19:29:23', 1, '2019-04-23 09:26:51'),
(248, '2019-04-23 09:18:09', '2019-04-23 14:21:00', NULL, 'YZGVIV', NULL, 'Hany Renando', 'renan@tiket.com', NULL, '$2y$10$KNibexQ6SC01kRF2HeLowuTsObcO4pZXk0WzadIYowfJf/JOnqY1i', NULL, 'Development', 'Backend Engineer', NULL, '2019-04-23 14:19:57', 1, '2019-04-23 09:26:51'),
(249, '2019-04-23 09:18:09', '2019-04-23 09:26:51', NULL, 'DD29KH', NULL, 'Hari Novferdianto', 'ferdi_to_be_deleted@tiket.com', NULL, NULL, 'DD29KH', 'Operational Technology', 'Operational Technology Manager', NULL, NULL, 1, '2019-04-23 09:26:51'),
(250, '2019-04-23 09:18:09', '2019-04-23 16:02:39', NULL, 'WXAROF', NULL, 'Harry Gumbilar', 'harry.gumbilar@tiket.com', NULL, '$2y$10$ylbco.Ned2v5cPSehgCB9u1CzNQf/OAmXKySUqFjolTeCusfnWpLO', NULL, 'Technology', 'SQA', NULL, '2019-04-23 16:02:39', 1, '2019-04-23 09:26:51'),
(251, '2019-04-23 09:18:09', '2019-04-23 09:26:51', NULL, 'SQLNBI', NULL, 'Harvan Irsyadi', 'harvan.irsyadi@tiket.com', NULL, NULL, 'SQLNBI', 'Development', 'Sr. Java Engineer', NULL, NULL, 1, '2019-04-23 09:26:51'),
(252, '2019-04-23 09:18:09', '2019-04-23 14:21:59', NULL, 'DLHCGZ', NULL, 'Haryana Wisnu Wardhana', 'haryana.wardhana@tiket.com', NULL, '$2y$10$lJ1y7M1B4kY98w4tN5Ht5uAt/qQayVfr2D5DR.4I8guGDYYmom5QW', NULL, 'Developer', 'Backend Engineer', NULL, '2019-04-23 14:21:59', 1, '2019-04-23 09:26:51'),
(253, '2019-04-23 09:18:09', '2019-04-23 09:26:51', NULL, 'KBF1YX', NULL, 'Haryana Wisnu Wardhana', 'wisnu.wardhana@tiket.com', NULL, NULL, 'KBF1YX', 'Developer', 'Backend Engineer', NULL, NULL, 1, '2019-04-23 09:26:51'),
(254, '2019-04-23 09:18:09', '2019-04-23 14:18:55', NULL, 'N4DNPU', NULL, 'Haryanto', 'haryantoo@tiket.com', NULL, '$2y$10$WlzUsDoTq15wk15Sq8eB5uHQCtI38M0Y1vmX4ibBwZ9SdWbi5N3E.', 'N4DNPU', 'Mobile Development', 'Frontend Engineer', NULL, '2019-04-23 14:18:55', 1, '2019-04-23 09:26:51'),
(255, '2019-04-23 09:18:09', '2019-04-23 14:40:27', NULL, 'APKO6M', NULL, 'Hasan Fajar Almubarok', 'hasan.fajar@tiket.com', NULL, '$2y$10$f/HbQL6hOseRH7kSHeMA3.zJbEB/RsCvMvCeyqP4Jo9VJymJ0/tv2', NULL, 'Operational Technology', 'Infrastructure Supervisor', NULL, '2019-04-23 14:40:27', 1, '2019-04-23 09:26:51'),
(256, '2019-04-23 09:18:09', '2019-04-23 18:26:34', NULL, 'GBSWVU', NULL, 'Hasbi Madani', 'hasbi.madani@tiket.com', NULL, '$2y$10$d6ApZ2of9.cqHkbA/kufd.4NNFRLoYltxZK0See2EwWOQqmzkjBN.', NULL, 'Finance Accounting', 'Accounting Staff', NULL, '2019-04-23 18:26:34', 1, '2019-04-23 09:26:51'),
(257, '2019-04-23 09:18:09', '2019-04-23 09:26:51', NULL, '9U86BI', NULL, 'Hayal Nurcipta', 'hayal@tiket.com', NULL, NULL, '9U86BI', 'Development', 'Backend Engineer', NULL, NULL, 1, '2019-04-23 09:26:51'),
(258, '2019-04-23 09:18:09', '2019-04-23 16:25:42', NULL, 'JPU3K2', NULL, 'Hendi Gustiawan', 'hendi@tiket.com', NULL, '$2y$10$L8F6qGPJXIOqCH3OcpYNN.6//skMWKeLPCZsNeJP68xxne8N8Q0da', 'JPU3K2', 'Transportation', 'LCC & Native Executive', NULL, '2019-04-23 16:25:42', 1, '2019-04-23 09:26:51'),
(259, '2019-04-23 09:18:09', '2019-04-23 14:38:36', NULL, '9Q2OUA', NULL, 'Hendra Saputra', 'hendra.saputra@tiket.com', NULL, '$2y$10$GcyToomoXDkMFSRAV/h4deJ0ANdibkR08h0WdJ0bv/AAPmSUDEypm', '9Q2OUA', 'Operational Technology', 'Server Deployment Engineer', NULL, '2019-04-23 14:38:36', 1, '2019-04-23 09:26:51'),
(260, '2019-04-23 09:18:09', '2019-04-23 15:23:26', NULL, 'AC3ZYQ', NULL, 'Hendri', 'hendri.chia@tiket.com', NULL, '$2y$10$WVnMR7OxBWgATG53V6uEXO6Nz.TUb1UyYC9dciO8ufmek5a8Gdyse', NULL, 'Technology', 'Backend Engineer', NULL, '2019-04-23 15:23:26', 1, '2019-04-23 09:26:51'),
(261, '2019-04-23 09:18:09', '2019-04-23 09:26:51', NULL, 'SP6S3C', NULL, 'Hening Nugrahadi', 'hening@tiket.com', NULL, NULL, 'SP6S3C', 'Legal and Compliance', 'CTO', NULL, NULL, 1, '2019-04-23 09:26:51'),
(262, '2019-04-23 09:18:09', '2019-04-23 14:15:54', NULL, 'GHLOKW', NULL, 'Henri Putra', 'henri.putra@tiket.com', NULL, '$2y$10$IVFcb1kPhxdBigQEehXKM.P4q5Y/crivSa5c.pGcUJAotaWGItxwa', NULL, 'General Affair', 'IT Support Staff', NULL, '2019-04-23 14:14:25', 1, '2019-04-23 09:26:51'),
(263, '2019-04-23 09:18:09', '2019-04-23 09:26:51', NULL, '1VP7SG', NULL, 'Heri Hermawan', 'heri@tiket.com', NULL, NULL, '1VP7SG', 'Customer Care', 'Customer Care Administrator', NULL, NULL, 1, '2019-04-23 09:26:51'),
(264, '2019-04-23 09:18:09', '2019-04-23 09:26:51', NULL, 'QTOYQX', NULL, 'Hilda Ainusipa', 'hilda@tiket.com', NULL, NULL, 'QTOYQX', 'Customer Care', 'Customer Care Administrator', NULL, NULL, 1, '2019-04-23 09:26:51'),
(265, '2019-04-23 09:18:09', '2019-04-23 15:33:56', NULL, 'TG0BFC', NULL, 'Hizkia Febianto', 'hizkia.febianto@tiket.com', NULL, '$2y$10$xbfPloE9N5pW80JZrGJoJeAIjTM1cK79BMmE4DvcnMP538IpHCBCe', NULL, 'Technology', 'Sr. Data Scientist', NULL, '2019-04-23 15:33:56', 1, '2019-04-23 09:26:51'),
(266, '2019-04-23 09:18:09', '2019-04-23 09:26:51', NULL, 'HBXMXL', NULL, 'Hubaibi Nur', 'ubeb@tiket.com', NULL, NULL, 'HBXMXL', 'Customer Service', 'Customer Experience', NULL, NULL, 1, '2019-04-23 09:26:51'),
(267, '2019-04-23 09:18:09', '2019-04-23 09:26:51', NULL, 'NSDS4E', NULL, 'Humaira Tri Acantya', 'humaira.acantya@tiket.com', NULL, NULL, 'NSDS4E', 'Developer', 'Technical Writer', NULL, NULL, 1, '2019-04-23 09:26:51'),
(268, '2019-04-23 09:18:09', '2019-04-25 02:04:49', NULL, 'KUHBRR', NULL, 'I Gusti A.N. Wiraguna Jayaningrat', 'wiraguna@tiket.com', NULL, '$2y$10$MBeezRQZAmTm2wvOVcstmeW1u.q0mNyoFmZpVjAy4Duq1wBEn5vym', NULL, 'Customer Care', 'Customer Care Agent - Inbound call', NULL, '2019-04-25 02:04:49', 1, '2019-04-23 09:26:51'),
(269, '2019-04-23 09:18:09', '2019-04-23 18:54:53', NULL, 'JZV6VK', 'uploads/image_profile/269-1555994967.jpg', 'I Gusti Bagus Wirahadi Darmayuda', 'bagus@tiket.com', NULL, '$2y$10$xINPV9SqC0y3sOlspcrw9u7IDzybqEvYEvuJggptQDbANerczQGOC', NULL, 'Finance', 'Finance Operational Supervisor', NULL, '2019-04-23 18:54:53', 1, '2019-04-23 09:26:51'),
(270, '2019-04-23 09:18:09', '2019-04-24 16:50:28', NULL, 'KVIRJX', NULL, 'I Gusti Ngurah Bagus Adi Mas Putra', 'bagus.putra@tiket.com', NULL, '$2y$10$J/s0xJ1x8JY6Lzo4FpzCpO5S4XTkEMJr/g1G9tTAu4SNAZRauipOi', NULL, 'Commercial', 'Market Executive, Bali', NULL, '2019-04-24 16:50:28', 1, '2019-04-23 09:26:51'),
(271, '2019-04-23 09:18:09', '2019-04-24 12:35:48', NULL, '8LALKQ', NULL, 'I Gusti Ngurah Oka Prinarjaya', 'oka.prinarjaya@tiket.com', NULL, '$2y$10$SNTjGwg1.79lmpAizu1ruO8Q6wKifBJR.p8kAmVHuj0lvOwX37Piy', NULL, 'Technology', 'Senior Web Engineer', NULL, '2019-04-24 12:35:48', 1, '2019-04-23 09:26:51'),
(272, '2019-04-23 09:18:09', '2019-04-24 10:29:09', NULL, '2RW7MV', NULL, 'I Made Agus Wirawan', 'agus.wirawan@tiket.com', NULL, '$2y$10$8Q4fHVqY059J461C6xIWcegpfYmgbQZ3zyJR7LMvBjAHyx0g3IDlW', '2RW7MV', 'Finance Accounting', 'Business Analyst', NULL, '2019-04-24 10:29:09', 1, '2019-04-23 09:26:51'),
(273, '2019-04-23 09:18:09', '2019-04-23 09:26:51', NULL, 'BDDR8V', NULL, 'I Made Novi Ariss Susanto', 'novi.ariss@tiket.com', NULL, NULL, 'BDDR8V', 'Hotel', 'MM Bali', NULL, NULL, 1, '2019-04-23 09:26:51'),
(274, '2019-04-23 09:18:09', '2019-04-23 14:21:20', NULL, 'G34LVB', NULL, 'I Made Suartana', 'made.suartana@tiket.com', NULL, '$2y$10$VX899fsu6uMzwoDvYlrQiOmfPzfnonXNk/Tpax/.kAkgIZvRjeS9S', NULL, 'General Affair', 'GA Representative (Bali)', NULL, '2019-04-23 14:21:20', 1, '2019-04-23 09:26:51'),
(275, '2019-04-23 09:18:09', '2019-04-23 15:56:42', NULL, 'LYKXNT', NULL, 'I Made Weli Moksaoka', 'weli.moksaoka@tiket.com', NULL, '$2y$10$7aZIDfP11nUY26U77hGxcOv8l8Qz5JW0KcdhTuQ1sBNGIFDw6XZby', NULL, 'Commercial', 'AMM - Bali', NULL, '2019-04-23 15:56:42', 1, '2019-04-23 09:26:51'),
(276, '2019-04-23 09:18:09', '2019-04-23 09:26:51', NULL, 'BLGHCO', NULL, 'Ichwanul Suenta', 'ichwannul.suenta@tiket.com', NULL, NULL, 'BLGHCO', 'Technology', 'Software Quality Assurance', NULL, NULL, 1, '2019-04-23 09:26:51'),
(277, '2019-04-23 09:18:09', '2019-04-23 09:26:51', NULL, '279ZSZ', NULL, 'Ieuan Ignatius', 'ieuan.ignatius@tiket.com', NULL, NULL, '279ZSZ', 'Technology', 'Frontend Engineer', NULL, NULL, 1, '2019-04-23 09:26:51'),
(278, '2019-04-23 09:18:09', '2019-04-23 23:48:36', NULL, 'OIVN7E', NULL, 'Ignatius Kevin', 'ignatius.kevin@tiket.com', '+6281297272041', '$2y$10$uDg//xDPWnuIHc4WCvRsSOhaY8hER3UJUwnYNPDR2mJtpv5SOSEEu', NULL, 'Technology', 'Intern - Software Quality Assurance', 'EVT-0001', '2019-04-23 19:44:51', 1, '2019-04-23 09:26:51'),
(279, '2019-04-23 09:18:09', '2019-04-23 15:46:32', NULL, 'VGRC1Q', 'uploads/image_profile/279-1556005579.jpg', 'Ihsan Fauzi Rahman', 'ihsan.rahman@tiket.com', '081911776566', '$2y$10$LfFJEbPmXRyXWGwraDmtA./246Rqd/TFZV1BoEzAEpO2oIQoHd0K2', 'VGRC1Q', 'Technology', 'Principal Engineer', 'EVT-0001', '2019-04-23 15:43:57', 1, '2019-04-23 09:26:51'),
(280, '2019-04-23 09:18:09', '2019-04-23 09:26:51', NULL, 'NRCKGI', NULL, 'Ika Cahyanti', 'ika.cahyanti@tiket.com', NULL, NULL, 'NRCKGI', 'Human Resources and General Affair', 'HR Services Manager', NULL, NULL, 1, '2019-04-23 09:26:51'),
(281, '2019-04-23 09:18:09', '2019-04-25 08:58:53', NULL, 'DEX9OE', NULL, 'Ika Luthfiani', 'ika.luthfiani@tiket.com', NULL, '$2y$10$IcIBceST8cYFfA5G5.Ags.hylRhLY35K3iup8A2NGg.bKabjqvPXq', NULL, 'B2B', 'B2B Manager', NULL, '2019-04-25 08:58:53', 1, '2019-04-23 09:26:51'),
(282, '2019-04-23 09:18:09', '2019-04-23 20:46:21', NULL, '3SLO31', NULL, 'Iman Tunggono', 'iman.tunggono@tiket.com', NULL, '$2y$10$JxLmpBiVmsFksPht/noMY.uxjWoT2ll5q598nYvfU9QmPbNfZRb3S', '3SLO31', 'Technology', 'Research and Development Principal', NULL, '2019-04-23 20:46:21', 1, '2019-04-23 09:26:51'),
(283, '2019-04-23 09:18:09', '2019-04-23 20:14:37', NULL, 'IYQMGL', NULL, 'Immanuel Bayu Suryanto', 'bayu@tiket.com', NULL, '$2y$10$FhW5RM.G/r9/IauheydIKO1oCLBCbmSBFwqZWPj2SeW/Td6guTVYe', NULL, 'Development', 'Lead Engineer', NULL, '2019-04-23 20:14:37', 1, '2019-04-23 09:26:51'),
(284, '2019-04-23 09:18:09', '2019-04-23 09:26:51', NULL, '521FLW', NULL, 'Immanuel Halim Christianto', 'immanuel.halim@tiket.com', NULL, NULL, '521FLW', 'Technology', 'Sr. Backend Engineer', NULL, NULL, 1, '2019-04-23 09:26:51'),
(285, '2019-04-23 09:18:09', '2019-04-23 09:26:51', NULL, 'TQ3WTH', NULL, 'Ina Kuswandari', 'ina@tiket.com', NULL, NULL, 'TQ3WTH', 'Customer Care', 'Customer Care Administrator', NULL, NULL, 1, '2019-04-23 09:26:51'),
(286, '2019-04-23 09:18:09', '2019-04-23 14:16:07', NULL, 'EX5KAY', NULL, 'Indah Retno Sari', 'indah.retno@tiket.com', NULL, '$2y$10$h0F2oznchFsrp8ZTKhL0nOzedaPpkaKb5VbXQGLHMk.vFigf5o5Dy', NULL, 'Hotel', 'Associate Market Manager', NULL, '2019-04-23 14:16:07', 1, '2019-04-23 09:26:51'),
(287, '2019-04-23 09:18:09', '2019-04-23 15:07:18', NULL, 'BQHGG1', 'uploads/image_profile/287-1555994522.jpg', 'Indra Andi Septian', 'indra.septian@tiket.com', NULL, '$2y$10$DblBGu0OxtMwghr1ZV5eCu.XQJwmRyOH/NOti9VI2o9.NDGtfmIj6', 'BQHGG1', 'Product', 'UI Designer', NULL, '2019-04-23 15:07:18', 1, '2019-04-23 09:26:51'),
(288, '2019-04-23 09:18:09', '2019-04-23 09:26:51', NULL, 'UTU9SB', NULL, 'Indra Perkasa Lubis', 'indra@tiket.com', NULL, NULL, 'UTU9SB', 'Customer Care', 'Team Leader Customer Care', NULL, NULL, 1, '2019-04-23 09:26:51'),
(289, '2019-04-23 09:18:09', '2019-04-23 15:31:51', NULL, 'YB6EWD', NULL, 'Inggreat Sundjaja', 'inggreat.sundjaja@tiket.com', NULL, '$2y$10$getwmSOoGm.KM/Qs.sKu1OENh0puBXlFUtP0aGXMHmopY1RBKq5sW', NULL, 'Technology', 'Front End Engineer', NULL, '2019-04-23 14:23:07', 1, '2019-04-23 09:26:51'),
(290, '2019-04-23 09:18:09', '2019-04-23 15:39:49', NULL, 'MROJQR', NULL, 'Inna Normaningsih', 'inna.normaningsih@tiket.com', NULL, '$2y$10$jSeeRsKhU6MMWOyq30r3TO59ENV2WZMc4qmWQCK.pnALmrmbCZlGa', NULL, 'Development', 'Frontend Engineer', NULL, '2019-04-23 15:39:49', 2, '2019-04-23 12:42:15'),
(291, '2019-04-23 09:18:09', '2019-04-23 14:25:45', NULL, '29NIYL', NULL, 'Intan Permata Sari', 'intan.permatasari@tiket.com', NULL, '$2y$10$dDXZJVg63gAYvABMwPT7BuzWcw.yw9wClplQUDFCYnEM8eiQvbL9O', NULL, 'Finance Accounting', 'Accounting Staff', NULL, '2019-04-23 14:25:45', 1, '2019-04-23 09:26:51'),
(292, '2019-04-23 09:18:09', '2019-04-23 16:18:30', NULL, 'O3EZRF', NULL, 'Irvan Andriyanto', 'andriyanto@tiket.com', NULL, '$2y$10$vYW5F0VdShaoM4v1gEs6pOif3dtBoTxoA2xesjGu5Zn0ZB6iJa.ti', NULL, 'Finance', 'Bank Confirmation Staff', NULL, '2019-04-23 16:18:30', 1, '2019-04-23 09:26:51'),
(293, '2019-04-23 09:18:09', '2019-04-23 14:27:12', NULL, '01IMTV', NULL, 'Istiqamah', 'isti@tiket.com', NULL, '$2y$10$vTJlqoLcBHR7ta3YXV4LZOxJYKHmXNWJk.O0bbC.P5uUdTNEYldVi', NULL, 'Brand Marketing', 'Public Relation Administrator', NULL, '2019-04-23 14:27:12', 1, '2019-04-23 09:26:51'),
(294, '2019-04-23 09:18:09', '2019-04-23 14:26:55', NULL, 'OHWPS3', NULL, 'Ivana Febriani', 'ivana.febriani@tiket.com', NULL, '$2y$10$DhrGZ.6H4rkRLcFwD7ATFeIxrKD/aHys5zlUe2.UUuYiJkyIe.ovq', 'OHWPS3', 'B2C', 'Business Analyst', NULL, '2019-04-23 14:26:55', 1, '2019-04-23 09:26:51'),
(295, '2019-04-23 09:18:09', '2019-04-23 14:33:51', NULL, 'EH9JSS', NULL, 'Jannes Santoso', 'jannes.santoso@tiket.com', NULL, '$2y$10$wLWN0Jrw9L33pHMxNcIEHOHOYIoBSq0crQTNEbwfIyMnfBypQTOJu', NULL, 'Developer', 'Tech Lead', NULL, '2019-04-23 14:23:54', 1, '2019-04-23 09:26:51'),
(296, '2019-04-23 09:18:09', '2019-04-23 14:42:34', NULL, 'DNQWSL', NULL, 'Jarrel', 'jarrel.ho@tiket.com', NULL, '$2y$10$RdjdXJrKnLvtZIgqYOZfJ.3CT6XjFhzw8qb5/Mt6E0JhsodbhWR0K', NULL, 'Technology', 'Business Intelligence Engineer', NULL, '2019-04-23 14:42:34', 1, '2019-04-23 09:26:51'),
(297, '2019-04-23 09:18:09', '2019-04-26 19:14:22', NULL, 'TCC5IA', NULL, 'Jastian Ganaputra', 'jastian.ganaputra@tiket.com', NULL, '$2y$10$qDJgx7snyNqi7yXCroztVeizxrG/L8X.74Ecg73.GHqvEeC/CZwly', NULL, 'Technology', 'Sr. Backend Engineer', NULL, '2019-04-26 19:14:22', 1, '2019-04-23 09:26:51'),
(298, '2019-04-23 09:18:09', '2019-04-25 23:25:09', NULL, 'CAKNVM', 'uploads/image_profile/298-1556205903.jpg', 'Jeffry Christian', 'jeffry.christian@tiket.com', NULL, '$2y$10$il5cj7bE/VEet3wKli0HheMAnmv6t3f7HQkTI7vXHVNB.CnwyT20C', NULL, 'Technology', 'Backend Engineer', NULL, '2019-04-25 21:41:48', 1, '2019-04-23 09:26:51'),
(299, '2019-04-23 09:18:09', '2019-04-23 14:38:22', NULL, 'KOG5H8', NULL, 'Jeniffer Goentjoro', 'jeniffer.goentjoro@tiket.com', NULL, '$2y$10$ZndlPF5FaUSWprBiLOOD7eu86GUEG.NnmjxYVY1vLxeTQuVOYEVjG', NULL, 'Communication', 'International Ticketing Staff', NULL, '2019-04-23 14:38:22', 1, '2019-04-23 09:26:51'),
(300, '2019-04-23 09:18:09', '2019-04-23 15:02:33', NULL, 'GN752H', NULL, 'Jenny Pasaribu', 'jenny.pasaribu@tiket.com', NULL, '$2y$10$39DILhi1TTvzns1/6byO4ulrQROPKyqHmjc9uJ48CHsRsRmcjSLpu', NULL, 'SQA and Technical Writer', 'SQA', NULL, '2019-04-23 15:02:33', 1, '2019-04-23 09:26:51'),
(301, '2019-04-23 09:18:09', '2019-04-23 09:26:51', NULL, 'CYRZIX', NULL, 'Jensen Alimukti', 'jensen.alimukti@tiket.com', NULL, NULL, 'CYRZIX', 'Technology', 'Backend Engineer', NULL, NULL, 1, '2019-04-23 09:26:51'),
(302, '2019-04-23 09:18:09', '2019-04-23 15:30:07', NULL, 'JZGV84', NULL, 'Jessica Aldifa Putri', 'jessica.putri@tiket.com', NULL, '$2y$10$htSZQU.YBO7xlP1Z5MIPx.9gQVXaGLm34ESryOEoHH1plpB1Jwm8m', NULL, 'Communication', 'Graphic Designer', NULL, '2019-04-23 15:30:07', 1, '2019-04-23 09:26:51'),
(303, '2019-04-23 09:18:09', '2019-04-23 16:56:31', NULL, 'NUC4PL', NULL, 'Jessica Yasmine', 'jessica.yasmine@tiket.com', NULL, '$2y$10$0uK.fwoj3y2SL78r0gMDTOmkiW92MQtXDQwRyP4deKTY3urDYXGoO', NULL, 'Product', 'UI Designer', NULL, '2019-04-23 16:55:21', 1, '2019-04-23 09:26:51'),
(304, '2019-04-23 09:18:09', '2019-04-25 10:58:14', NULL, 'RENQXO', NULL, 'Joana Surya', 'joana@tiket.com', NULL, '$2y$10$sbdwDFerD2yhcUeVZmXSee68BMmXB4K0v5M3vd8JfTkLgG89n0vl6', 'RENQXO', 'Product', 'Junior UI Designer', NULL, '2019-04-25 10:58:14', 1, '2019-04-23 09:26:51'),
(305, '2019-04-23 09:18:09', '2019-04-23 16:11:11', NULL, 'OEQTVE', NULL, 'Jodi Ibrahim Fauzil Akbar', 'jodi@tiket.com', NULL, '$2y$10$ao.c6AjjjqI2B7LYy48Xre6Hj0k.RYGlrfJjr1DvUZfeBSqA.TiGW', 'OEQTVE', 'Finance', 'Bank Confirmation Staff', NULL, '2019-04-23 16:11:11', 1, '2019-04-23 09:26:51'),
(306, '2019-04-23 09:18:09', '2019-04-24 10:25:06', NULL, 'EZWQAO', NULL, 'Johan Gunawan', 'johan@tiket.com', NULL, '$2y$10$GpizQiPeQLr7wbljR/odkeeSMWENn4DgUdfvWgWX6SWgRqfTQClbS', 'EZWQAO', 'Mobile Development', 'Backend Engineer', NULL, '2019-04-24 10:25:06', 1, '2019-04-23 09:26:51'),
(307, '2019-04-23 09:18:09', '2019-04-26 19:26:27', NULL, 'NMHDKA', NULL, 'Johan Suyono', 'johan.suyono@tiket.com', NULL, '$2y$10$8S12NiTit0I6473f5WZedeBv3gEpMxuRpIghQqZY3fk990L7plOLu', NULL, 'Technology', 'Intern - Data Scientist', NULL, '2019-04-26 19:26:27', 1, '2019-04-23 09:26:51'),
(308, '2019-04-23 09:18:09', '2019-04-23 14:32:32', NULL, 'OUZQOR', NULL, 'Johanes Baptis Satrio Nugroho', 'satrio@tiket.com', NULL, '$2y$10$1J8Lfqtnlw1d0xqAPI2Wyuhwcc5h/i1kxw.2J3GXcS0z1MCh7g2w2', NULL, 'Brand Marketing', 'Sr. Motion Graphic Designer', NULL, '2019-04-23 14:32:32', 1, '2019-04-23 09:26:51'),
(309, '2019-04-23 09:18:09', '2019-04-23 15:25:16', NULL, 'JNC7QP', NULL, 'Johannes Santoso', 'johannes.santoso@tiket.com', NULL, '$2y$10$Az/OeCTj/.k/XjzrCfnRNuLah0F1J97SyYhR7VhbpXkORmcEEHo1i', 'JNC7QP', 'Developer', 'Software Quality Assurance', NULL, '2019-04-23 15:25:16', 1, '2019-04-23 09:26:51'),
(310, '2019-04-23 09:18:09', '2019-04-23 14:38:00', NULL, 'DCBQFT', NULL, 'Jonathan Lukman Juanda', 'jonathan.juanda@tiket.com', NULL, '$2y$10$/RJp0qawjXCtHA.Zm5ePOOc2KU9niS8V4cyFVq7uu6dfEm4JC9..u', NULL, 'Hotel', 'Market Manager Jakarta', NULL, '2019-04-23 14:38:00', 1, '2019-04-23 09:26:51'),
(311, '2019-04-23 09:18:09', '2019-04-23 15:39:47', NULL, 'JAUYCI', NULL, 'Josef Macdonald Tambunan', 'josep.tambunan@tiket.com', NULL, '$2y$10$f7q4RQTMio25iaI8qz/EJ.qJOSKOrBaYemxDXaLh/7aRf5S/eb8VC', NULL, 'Technology', 'Backend Engineer', NULL, '2019-04-23 15:39:47', 1, '2019-04-23 09:26:51'),
(312, '2019-04-23 09:18:09', '2019-04-23 09:26:51', NULL, '9CEL3N', NULL, 'Josi Aranda', 'josi.aranda@tiket.com', NULL, NULL, '9CEL3N', 'Operational Technology', 'Data Wrangler Engineer', NULL, NULL, 1, '2019-04-23 09:26:51'),
(313, '2019-04-23 09:18:09', '2019-04-23 14:10:03', NULL, 'FITZBK', NULL, 'Juanito Clement', 'juanito.tanjung@tiket.com', NULL, '$2y$10$eLmZO3Azr4xoXW2d5n3joucBbx2/PLAUoFpMvnBq2QjelYBGc1t2u', NULL, 'Developer', 'Jr. Frontend Engineer', NULL, '2019-04-23 14:10:03', 1, '2019-04-23 09:26:51'),
(314, '2019-04-23 09:18:09', '2019-04-23 09:26:51', NULL, 'FDIYWM', NULL, 'Juli Eka Sari', 'juli.eka@tiket.com', NULL, NULL, 'FDIYWM', 'Hotel', 'Market Manager', NULL, NULL, 1, '2019-04-23 09:26:51'),
(315, '2019-04-23 09:18:09', '2019-04-23 17:40:58', NULL, 'QG1GPI', NULL, 'Juliana Aurora', 'juliana.aurora@tiket.com', NULL, '$2y$10$0Qo/ZDnGLH5kEwH4q7UNQegt2imHi94iHF1tPDCbUx1uGdHiMHsRa', NULL, 'Commercial', 'Market Executive', NULL, '2019-04-23 17:40:58', 1, '2019-04-23 09:26:51'),
(316, '2019-04-23 09:18:09', '2019-04-23 16:58:47', NULL, 'LTIMGL', NULL, 'Julius Natanael Najoan', 'julius.najoan@tiket.com', NULL, '$2y$10$Ll2E9PfZ8eSZFsh2m85BvOkeeJiGO2VAwNfLCEhvty0zFbyGNSE22', NULL, 'Manager/Diatas Manager', 'SMM West Indonesia', NULL, '2019-04-23 16:58:47', 1, '2019-04-23 09:26:51'),
(317, '2019-04-23 09:18:09', '2019-04-23 14:56:07', NULL, 'MTKWUQ', NULL, 'Jumadi', 'jumadi@tiket.com', NULL, '$2y$10$ayWfu2H7rmfw/i7nTtIYl.AF60lyJOeqtvvQnmsx1CqUhLi7Zi532', NULL, 'General Affair', 'Maintenance Staff', NULL, '2019-04-23 14:56:07', 1, '2019-04-23 09:26:51'),
(318, '2019-04-23 09:18:09', '2019-04-23 14:26:10', NULL, 'OWARWB', NULL, 'Kalis Wita Utami', 'kalis.utami@tiket.com', NULL, '$2y$10$giHaBkKa/6Oo5/xn5ZdY8uknxmqHyoFJNJAzjkdR/pEqZPv3Y96q2', NULL, 'Hotel', 'Market Executive Jogjakarta', NULL, '2019-04-23 14:20:27', 1, '2019-04-23 09:26:51'),
(319, '2019-04-23 09:18:09', '2019-04-23 19:08:43', NULL, 'DVB9G9', NULL, 'Kamalul Azmi Putri', 'kamalul.putri@tiket.com', NULL, '$2y$10$FK9aMlvPtApqY2dfUP8s9eGkF8HVUrG.LNaz2h2S/DeFtlIMAb26W', NULL, 'Operational Technology', 'Fraud CC Analyst', NULL, '2019-04-23 19:08:43', 1, '2019-04-23 09:26:51'),
(320, '2019-04-23 09:18:09', '2019-04-23 09:26:51', NULL, 'FPLCBN', NULL, 'Kartika Puspitasari Rachmadi', 'kartika.rachmadi@tiket.com', NULL, NULL, 'FPLCBN', 'Human Resources and General Affair', 'HR Strategic Manager', NULL, NULL, 1, '2019-04-23 09:26:51'),
(321, '2019-04-23 09:18:09', '2019-04-26 19:24:23', NULL, 'YXWAAD', NULL, 'Kelvin Wijaya', 'kelvin.wijaya@tiket.com', NULL, '$2y$10$7lOlE02IxKFiCgOoLOLbyOmUbSCX7ZMsBmtYuz7JkMcqAXatdneZu', NULL, 'Technology', 'Backend Engineer', NULL, '2019-04-23 19:24:39', 1, '2019-04-23 09:26:51'),
(322, '2019-04-23 09:18:09', '2019-04-23 14:47:26', NULL, 'RWRDFQ', NULL, 'Ketut Belly Aditya Pradana', 'belly@tiket.com', NULL, '$2y$10$eAMolEZdGcz.ZWvikNveue9n.4xwOoisLnhIz9rvCATELd2oJKL5a', NULL, 'SQA and Technical Writer', 'Technical Writer', NULL, '2019-04-23 14:47:26', 1, '2019-04-23 09:26:51'),
(323, '2019-04-23 09:18:09', '2019-04-24 01:35:03', NULL, 'AQPLAU', NULL, 'Kevan Dharma', 'kevan.dharma@tiket.com', NULL, '$2y$10$PUcclns4dybmduKtWS2fquvaHwD3KBI//79X0T2dIWNRSC4Ja.oaq', 'AQPLAU', 'Technology', 'Software Quality Assurance', NULL, '2019-04-24 01:35:03', 1, '2019-04-23 09:26:51'),
(324, '2019-04-23 09:18:09', '2019-04-24 20:13:02', NULL, '7JKTWC', NULL, 'Kevin Iswara', 'kevin.iswara@tiket.com', NULL, '$2y$10$tJVUZpiVx7fAY4RwmjN6U.9MvuU4jHzVPHHDnd2wLl.bWukRlUYwG', '7JKTWC', 'Technology', 'Intern - Android Engineer', NULL, '2019-04-24 20:13:02', 1, '2019-04-23 09:26:51'),
(325, '2019-04-23 09:18:09', '2019-04-23 15:04:06', NULL, 'VAWA39', 'uploads/image_profile/325-1555993698.jpg', 'Kevin Jeremia', 'kevin.jeremia@tiket.com', '082117020094', '$2y$10$Zqo/GwEkwnvu5N1LWjCpyeay4xF/BX9cT/EdG7aiHlAAcTnW/ScT2', 'VAWA39', 'Technology', 'Backend Engineer', 'EVT-0001', '2019-04-23 14:38:08', 1, '2019-04-23 09:26:51'),
(326, '2019-04-23 09:18:09', '2019-04-23 14:46:40', NULL, 'BGW697', NULL, 'Kintari Mandira', 'kintari.mandira@tiket.com', NULL, '$2y$10$ttp8rN.vaAZmJTtkikDT7uUA.oZtFBKQcMAB7MvtiEiE1SDEvcq6i', NULL, 'Promotion', 'Graphic Designer', NULL, '2019-04-23 14:13:54', 1, '2019-04-23 09:26:51'),
(327, '2019-04-23 09:18:09', '2019-04-24 10:45:04', NULL, 'BJ6ELO', NULL, 'Kresna Dwi Cahyo', 'kresna.cahyo@tiket.com', NULL, '$2y$10$UoXtuuF3c7Xra7dLdxdWeu.hiukA7ycBh9NXPWZyn.5oF60B/VerO', 'BJ6ELO', 'Technology', 'Jr. Backend Engineer', NULL, '2019-04-24 10:45:04', 1, '2019-04-23 09:26:51'),
(328, '2019-04-23 09:18:09', '2019-04-23 19:22:52', NULL, 'XT6L6T', NULL, 'Kristian Heryanto', 'kristian.heryanto@tiket.com', NULL, '$2y$10$fIPSPOWrOMaE3XM6dPLCaOmwa7QpH.tc0EzkjqgNUV1R4bipes7jC', NULL, 'Development', 'IT Support Lead', NULL, '2019-04-23 19:22:52', 1, '2019-04-23 09:26:51'),
(329, '2019-04-23 09:18:09', '2019-04-23 09:26:51', NULL, 'HUAI0B', NULL, 'Leni Defianti', 'leni@tiket.com', NULL, NULL, 'HUAI0B', 'Human Resources', 'Compensation & Benefit Supervisor', NULL, NULL, 1, '2019-04-23 09:26:51'),
(330, '2019-04-23 09:18:09', '2019-04-23 14:33:57', NULL, 'OXXWIO', NULL, 'Leni Juwita', 'lenju@tiket.com', NULL, '$2y$10$aw6Fis4KjbLHQq15NsimY.KIA9fxBRpGJYagh4nEj0jDnb2wm2Utq', NULL, 'Human Resources', 'Secretary', NULL, '2019-04-23 14:33:57', 1, '2019-04-23 09:26:51'),
(331, '2019-04-23 09:18:09', '2019-04-24 11:12:52', NULL, 'UJGSON', NULL, 'Lina', 'lina@tiket.com', NULL, '$2y$10$TcUcy15UO4sqTQqpUVzqTuuRkJMZWDbkOzDuK/Wfj/Ck4LHEaMV3m', 'UJGSON', 'Internal Control', 'Internal Control Staff', NULL, '2019-04-24 11:12:52', 1, '2019-04-23 09:26:51'),
(332, '2019-04-23 09:18:09', '2019-04-23 09:26:51', NULL, 'DN6KVR', NULL, 'Linda Mella', 'linda.listiara@tiket.com', NULL, NULL, 'DN6KVR', 'Developer', 'Software Quality Assurance', NULL, NULL, 1, '2019-04-23 09:26:51'),
(333, '2019-04-23 09:18:09', '2019-04-24 17:51:11', NULL, 'NWG7TP', NULL, 'Lingga Chrisilia', 'lingga.chrisilia@tiket.com', NULL, '$2y$10$KwBTNV0s7YdrArjhKAEFheO9vS2lWVchzSthIVdyGbqImTVCyvv16', NULL, 'Hotel', 'Market Manager', NULL, '2019-04-24 17:50:38', 1, '2019-04-23 09:26:51'),
(334, '2019-04-23 09:18:09', '2019-04-23 14:17:05', NULL, '4OQOBO', NULL, 'Lisa Afifah', 'lisa@tiket.com', NULL, '$2y$10$Lepga3RU4F0FHYlAqLDMoeAB/niGQMkHSlSdB2gp/PRZLH4raLS/W', NULL, 'Accounting', 'Revenue & Refund Staff', NULL, '2019-04-23 14:17:05', 1, '2019-04-23 09:26:51'),
(335, '2019-04-23 09:18:09', '2019-04-23 16:13:23', NULL, 'F44BPN', NULL, 'Lucky Andreas Augusta', 'lucky.agusta@tiket.com', NULL, '$2y$10$CwWZ/0mu5VuOrWKJm4rkFeusaEu1YzMnnjT28.3oWvCcTOHw90d6K', NULL, 'Technology', 'Backend Engineer', NULL, '2019-04-23 16:13:23', 1, '2019-04-23 09:26:51'),
(336, '2019-04-23 09:18:09', '2019-04-23 12:20:50', NULL, 'T39XNQ', NULL, 'Ludfi Achmad Fauzi', 'ludfi.fauzi@tiket.com', NULL, '$2y$10$9CwU3xwFAjKDq6TUCiSZ7OYQg70GL8fv2ifS36Ub30qps18S.7BWa', 'T39XNQ', 'Accounting', 'Tax Staff', NULL, '2019-04-23 12:20:50', 1, '2019-04-23 09:26:51'),
(337, '2019-04-23 09:18:09', '2019-04-27 07:31:01', NULL, 'HKBNNM', NULL, 'Lukman Hakim', 'lukman.hakim@tiket.com', NULL, '$2y$10$3CVITfKPQjoWZw4RU3FvaulcXUpdUlaoyKsgeyo3R0GEJ4F2mEOP.', NULL, 'Technology', '0', NULL, '2019-04-27 07:31:01', 1, '2019-04-23 09:26:51'),
(338, '2019-04-23 09:18:09', '2019-04-25 11:38:22', NULL, 'VHS2CB', 'uploads/image_profile/338-1556163482.jpg', 'M. Fadhil Dzulfikar', 'fadhil.dzulfikar@tiket.com', '082182829217', '$2y$10$lJ2LJDSgaOVp8m2fwfJ4leWI2c6q3BAUh9XbVeeui9HFfR6HDf/UW', 'VHS2CB', 'Product', 'UX Researcher', NULL, '2019-04-23 15:32:48', 1, '2019-04-23 09:26:51'),
(339, '2019-04-23 09:18:09', '2019-04-26 00:20:36', NULL, 'OZAI4W', NULL, 'Madeline Luciana', 'madeline.luciana@tiket.com', '081314337719', '$2y$10$zHjz9Q8WngKkZxuU9GOXwOdXVBmORPPiZfj5VfMqmocIIl2UNOy.i', NULL, 'Communication', 'CRM Executive (Analyst)', 'EVT-0001', '2019-04-23 16:54:31', 1, '2019-04-23 09:26:51'),
(340, '2019-04-23 09:18:09', '2019-04-23 22:10:00', NULL, 'KGGQWG', NULL, 'Mandy Voon', 'mandy.voon@tiket.com', NULL, '$2y$10$bUoN7aOjTXIU.8vo8EhJcOa1oi1dNk4aEpz88w8TuvRQImHta/n1G', NULL, 'Commercial', 'Market Manager, Singapore', NULL, '2019-04-23 22:10:00', 1, '2019-04-23 09:26:51'),
(341, '2019-04-23 09:18:09', '2019-04-26 13:50:12', NULL, 'HZ1XJG', NULL, 'Marcella Einsteins', 'marcella@tiket.com', NULL, '$2y$10$pSUa1fbYwXcKXHzfwbJdh.FkWOLtyPsW95xYH91uMqx0/hlXnLpTK', NULL, 'Product', 'Head of Product Management', NULL, '2019-04-26 13:50:12', 1, '2019-04-23 09:26:51'),
(342, '2019-04-23 09:18:09', '2019-04-23 19:50:17', NULL, '7FTEJC', NULL, 'Maria Risa Puspitasari', 'maria.risa@tiket.com', NULL, '$2y$10$eb9KVCncZ5S06VuwBmXz1OH8bxhtphRMs7B7Wh8rFmXsOSDua1j0i', NULL, 'Brand Marketing', 'VP of Brand Marketing', NULL, '2019-04-23 19:50:17', 1, '2019-04-23 09:26:51'),
(343, '2019-04-23 09:18:09', '2019-04-23 14:53:57', NULL, 'FHF1SE', 'uploads/image_profile/343-1556002417.jpg', 'Maria Tjahjadi', 'maria.tjahjadi@tiket.com', '081289323713', '$2y$10$ursuUvrgwYqTNNhChuGSJeuBzk9bEvUcaDJvLp97QLvKJXoB7vkK.', NULL, 'Developer', 'VP of Data', 'EVT-0001', '2019-04-23 14:52:58', 1, '2019-04-23 09:26:51'),
(344, '2019-04-23 09:18:09', '2019-04-23 14:21:52', NULL, 'LBOYJQ', NULL, 'Mario Tressa Juzar', 'mario.juzar@tiket.com', NULL, '$2y$10$xNDjW.S0Q2fDmpTxnb1RFuWrdGmdbt9CQfl2YNJnqDlZiegeUsAmK', NULL, 'Technology', 'Jr. Backend Engineer', NULL, '2019-04-23 14:21:13', 1, '2019-04-23 09:26:52'),
(345, '2019-04-23 09:18:09', '2019-04-23 15:00:21', NULL, '3VJLEE', NULL, 'Mario Wibisono', 'mario.wibisono@tiket.com', NULL, '$2y$10$HH0BkhBCwJzSTQhcmVA3COy4dTTPOP1uDvYtEYoQYUiPFvd3TLy9S', NULL, 'Developer', 'Site Reliability Engineer', NULL, '2019-04-23 15:00:21', 1, '2019-04-23 09:26:52'),
(346, '2019-04-23 09:18:09', '2019-04-23 14:22:42', NULL, 'D34GTB', NULL, 'Marissa Dewi', 'marissa@tiket.com', NULL, '$2y$10$UREoxncxiGnGIH4HH/d6pe5oDnt/kUKqs1l4Sk4mSC5MN9bKFD6dW', NULL, 'Operational Technology', 'IT Operations', NULL, '2019-04-23 14:22:42', 1, '2019-04-23 09:26:52'),
(347, '2019-04-23 09:18:09', '2019-04-23 14:13:37', NULL, 'D0ABZ0', NULL, 'Marsaulina Andaristi Puspitaning Hapsari', 'marsaulina.andaristi@tiket.com', NULL, '$2y$10$bmeQ2y229CEAcpHqLB8zQOtE9XVebSiGNK4hQvDZqp4Bd3Zf9L3yO', NULL, 'Legal', 'Legal Administrator', NULL, '2019-04-23 14:13:37', 1, '2019-04-23 09:26:52'),
(348, '2019-04-23 09:18:09', '2019-04-23 19:59:22', NULL, 'KNSR7G', NULL, 'Marselin Diana', 'marselin.diana@tiket.com', NULL, '$2y$10$SYIwnsCfm6dLpmEhn3dCDuAaDYw7zJyFgC3s9e2fRzoNa66SDxrUG', NULL, 'Customer Care', 'Customer Care Agent - Inbound call', NULL, '2019-04-23 19:56:24', 1, '2019-04-23 09:26:52'),
(349, '2019-04-23 09:18:09', '2019-04-23 15:24:30', NULL, 'T0RRTQ', NULL, 'Maudy Ardiantie Mochtan', 'maudy@tiket.com', NULL, '$2y$10$/52rzRw5Axnh69kFu.tobe4yFqHtLzDlx9e6yIoLG4Y2tF0kXB9pW', 'T0RRTQ', 'Hotel', 'Market Executive', NULL, '2019-04-23 15:24:30', 1, '2019-04-23 09:26:52'),
(350, '2019-04-23 09:18:09', '2019-04-24 23:11:41', NULL, '5BNNOL', NULL, 'Maulana Muhamad', 'maulana.muhamad@tiket.com', NULL, '$2y$10$PpSD.RUCfbFGveXxp1FniuoHf8MuAVzXG43fzwoqaFydoAapvJB02', NULL, 'Communication', 'Contact Center Team Leader', NULL, '2019-04-24 23:11:41', 1, '2019-04-23 09:26:52'),
(351, '2019-04-23 09:18:09', '2019-04-24 01:06:40', NULL, 'FVT40D', NULL, 'Maximillianus Wijaya Windu', 'maximillianus.wijaya@tiket.com', NULL, '$2y$10$B.lzfBWfR5e0fBhdoGBPpuq4SJY/roEuPIwTS0TR1TtFArtGehXyG', NULL, 'Technology', 'Intern - Software Quality Assurance', NULL, '2019-04-24 01:06:01', 1, '2019-04-23 09:26:52'),
(352, '2019-04-23 09:18:09', '2019-04-23 16:48:54', NULL, 'OFLLYC', NULL, 'Meidirasari Putri', 'meidirasari@tiket.com', NULL, '$2y$10$d8ivL7uHqMo8Xm/pp7AV0eSqSmcoaaXUWj5yd8ZN6.w8MxmChxMVu', 'OFLLYC', 'Product', 'UX Researcher', NULL, '2019-04-23 16:48:54', 1, '2019-04-23 09:26:52'),
(353, '2019-04-23 09:18:09', '2019-04-23 09:26:52', NULL, 'LPJFNM', NULL, 'Meliana Marsaulina', 'meliana@tiket.com', NULL, NULL, 'LPJFNM', 'Human Resources', 'Secretary', NULL, NULL, 1, '2019-04-23 09:26:52'),
(354, '2019-04-23 09:18:09', '2019-04-24 13:42:32', NULL, 'QBD73G', NULL, 'Melissa', 'melissa@tiket.com', NULL, '$2y$10$NGCODXPVXow/Ygt7qWpAauhxxyiTmlhBtpMdeeIpDJCTCCwKbzsO6', NULL, 'FInance Accounting', 'Accounting Staff Revenue', NULL, '2019-04-24 13:42:32', 1, '2019-04-23 09:26:52');
INSERT INTO `member` (`id`, `created_at`, `updated_at`, `deleted_at`, `code`, `image`, `name`, `email`, `phone`, `password`, `forgot_password`, `company`, `departement`, `id_number`, `last_login`, `send_email`, `last_send_email`) VALUES
(355, '2019-04-23 09:18:09', '2019-04-23 14:29:41', NULL, 'UP0NFR', NULL, 'Metha Tri Rizka Gunawan', 'metha@tiket.com', NULL, '$2y$10$skHLEkpparoq3k3S7teHb.A3HavVr7HTvriea7m3xqdCB1TzUnOCG', NULL, 'Brand Marketing', 'Public Relation Supervisor', NULL, '2019-04-23 14:29:41', 1, '2019-04-23 09:26:52'),
(356, '2019-04-23 09:18:09', '2019-04-23 15:31:13', NULL, 'RWM1ZQ', NULL, 'Michael', 'michael.lioe@tiket.com', NULL, '$2y$10$seHejh0z12vf8d6uAQ8k9.UMdpcmYBegALVWYDcJPQTlZANpGh2qO', 'RWM1ZQ', 'Product', 'UX Researcher', NULL, '2019-04-23 15:31:13', 1, '2019-04-23 09:26:52'),
(357, '2019-04-23 09:18:09', '2019-04-23 14:28:24', NULL, 'OFQSZ9', NULL, 'Michael Lestario Halim', 'michael.halim@tiket.com', NULL, '$2y$10$z9ZYonElrbgmJ3rXlLxFu.nZa4xEY7mtOCTLYrutWr09gtr7QlbkS', NULL, 'Technology', 'Java Engineer', NULL, '2019-04-23 14:26:12', 1, '2019-04-23 09:26:52'),
(358, '2019-04-23 09:18:09', '2019-04-25 11:06:37', NULL, '4GAS8K', NULL, 'Michel Franz Rawung', 'michel.rawung@tiket.com', NULL, '$2y$10$ygDT1H3M57oYtVsM8Il7w.lK3sMa4g8RCw6zoC3bqgymJdFCZbEzS', NULL, 'Technology', 'Tech Support', NULL, '2019-04-25 11:06:37', 1, '2019-04-23 09:26:52'),
(359, '2019-04-23 09:18:09', '2019-04-23 18:44:14', NULL, 'YYYNFI', NULL, 'Michelle Tjendera', 'michelle.tjendera@tiket.com', NULL, '$2y$10$koiNsRCmQpkF2javqg5.KO75MyDIXcPT2jMlxqdac5E3QJwH/rMv.', NULL, 'Product', 'Associate Product Manager', NULL, '2019-04-23 18:44:14', 1, '2019-04-23 09:26:52'),
(360, '2019-04-23 09:18:09', '2019-04-23 14:26:16', NULL, 'GKTTL6', NULL, 'Mikha Benanta Purba', 'mikha.benanta@tiket.com', NULL, '$2y$10$V69I4fN9jkoOo6s2iWjJwuO.Z1I2MuPW7N/ue9fECII8kXoW/CK.S', NULL, 'Commercial', 'B2B Online', NULL, '2019-04-23 14:26:16', 1, '2019-04-23 09:26:52'),
(361, '2019-04-23 09:18:09', '2019-04-23 09:26:52', NULL, 'XEIG6N', NULL, 'Mikhael Gaery Undarsa', 'gaery@tiket.com', NULL, NULL, 'XEIG6N', 'Communication', 'Chief Communication Officer', NULL, NULL, 1, '2019-04-23 09:26:52'),
(362, '2019-04-23 09:18:09', '2019-04-23 14:22:11', NULL, '4XOGWG', NULL, 'Millenia', 'millennia.bun@tiket.com', NULL, '$2y$10$vRFhLfpdo9qw/Wx57V9S7OY3Ic9uyZvNGL8rd7rUB9Hp8kxJiJvR6', NULL, 'Communication', 'International Ticketing Staff', NULL, '2019-04-23 14:22:11', 1, '2019-04-23 09:26:52'),
(363, '2019-04-23 09:18:09', '2019-04-23 17:26:43', NULL, 'QTGYZW', NULL, 'Mira Destiana', 'mira.destiana@tiket.com', NULL, '$2y$10$mvZglPjKm9qAg77pFRubYeBIrPeLZlBUJh.RCS9xw58sl3RGFUjh6', NULL, 'Customer Care', 'International Ticketing', NULL, '2019-04-23 17:26:43', 1, '2019-04-23 09:26:52'),
(364, '2019-04-23 09:18:09', '2019-04-23 20:46:50', NULL, '6FTBWZ', 'uploads/image_profile/364-1556023601.jpg', 'Miryam Mayori', 'yori@tiket.com', NULL, '$2y$10$7vvXIbqDkK7C/1ys9ZxPjeKr/kkm72yhyyYW7BPGveNZdWeQexVFW', NULL, 'Brand Marketing', 'Creative Graphic Designer', NULL, '2019-04-23 14:41:14', 1, '2019-04-23 09:26:52'),
(365, '2019-04-23 09:18:09', '2019-04-23 14:48:37', NULL, 'UAWTRF', NULL, 'Mnason Agung', 'mnason.agung@tiket.com', NULL, '$2y$10$QTAPdpYTkAS47r6ozmDyDu0eOdIZfIOgEEseE.Brlq9yo1A/rxLHq', NULL, 'Developer', 'Principal Data Engineer', NULL, '2019-04-23 14:48:37', 1, '2019-04-23 09:26:52'),
(366, '2019-04-23 09:18:09', '2019-04-23 16:42:30', NULL, 'DW5MNF', 'uploads/image_profile/366-1556008943.jpg', 'Moch Zamroni', 'zamroni@tiket.com', '085730814755', '$2y$10$5Ux4cJNxMw/J071C0OJGteKYAzrDZwf5vtbc5oBqy1YLOFkm0YEbK', NULL, 'Development', 'Frontend Engineer', NULL, '2019-04-23 16:34:39', 1, '2019-04-23 09:26:52'),
(367, '2019-04-23 09:18:09', '2019-04-25 10:53:59', NULL, 'FNOCBG', NULL, 'Moh Farid Adi Pamuji', 'farid.pamuji@tiket.com', NULL, '$2y$10$M6VvkIcIhsLV6.X/k/s0qubblz8Vpha0SuQ2dDxp2dUxXFkGhnf7.', NULL, 'Product', 'Data Driven Product Manager', NULL, '2019-04-25 10:53:59', 1, '2019-04-23 09:26:52'),
(368, '2019-04-23 09:18:09', '2019-04-25 05:54:40', NULL, '88507T', NULL, 'Mohamad Rifky Rafli', 'rifky@tiket.com', NULL, '$2y$10$1z7cTlPc1cw3VahbW87i8.gMSDqi6q/kr.80cZGvXXMVA8aBa.oGy', NULL, 'B2B', 'Associate Manager of B2B Online', NULL, '2019-04-25 05:54:40', 1, '2019-04-23 09:26:52'),
(369, '2019-04-23 09:18:09', '2019-04-23 15:48:47', NULL, 'UR76CA', NULL, 'Mohamad Santoso', 'mohamad.santoso@tiket.com', NULL, '$2y$10$Ji3WYnFuDDVV9mOWthdLWuK4McVZQf1B/CWoivsoXD1ch.E230mmi', NULL, 'Communication', 'QA', NULL, '2019-04-23 15:48:47', 1, '2019-04-23 09:26:52'),
(370, '2019-04-23 09:18:09', '2019-04-23 17:46:21', NULL, 'LDT0BR', NULL, 'Mohammad Aan Baihaki', 'aan.baihaki@tiket.com', NULL, '$2y$10$yhSoiS.Uyzh0tEZSbP6aeO95ZxkMxclULnuPFiJfH.7uFDeyFjs1S', NULL, 'Developer', 'DevOps', NULL, '2019-04-23 17:46:21', 1, '2019-04-23 09:26:52'),
(371, '2019-04-23 09:18:09', '2019-04-24 11:59:44', NULL, 'NXEYEE', 'uploads/image_profile/371-1556078383.jpg', 'Muh Abu Bakar Al Aufar', 'muh.aufar@tiket.com', NULL, '$2y$10$C7NCy.hdCfwgCWgpXU6CPerW5Wo2r96elwbJNe641SeT5EngaQSLa', NULL, 'Product', 'UI/UX Designer', NULL, '2019-04-24 11:56:15', 1, '2019-04-23 09:26:52'),
(372, '2019-04-23 09:18:09', '2019-04-23 09:26:52', NULL, '5XDAVG', NULL, 'Muh Ibnu Danawan', 'ibnu.danawan@tiket.com', NULL, NULL, '5XDAVG', 'Customer Care', 'Customer Care Administrator', NULL, NULL, 1, '2019-04-23 09:26:52'),
(373, '2019-04-23 09:18:09', '2019-04-25 14:52:26', NULL, 'EBXUVE', NULL, 'Muh. Idris Apandi', 'idris.apandi@tiket.com', NULL, '$2y$10$TlfsOR1Chb9QPblnBIZAfesfz.EiDsTL5qpkH1L.W/2cqGj73xLYu', NULL, 'Transportation', 'Transportation Staff', NULL, '2019-04-25 14:52:26', 1, '2019-04-23 09:26:52'),
(374, '2019-04-23 09:18:09', '2019-04-23 09:26:52', NULL, 'B4CR2J', NULL, 'Muhamad Fikri Saputra', 'fikri.saputra@tiket.com', NULL, NULL, 'B4CR2J', 'Finance Accounting', 'Finance Supervisor', NULL, NULL, 1, '2019-04-23 09:26:52'),
(375, '2019-04-23 09:18:09', '2019-04-24 10:49:33', NULL, 'SLAQE3', NULL, 'Muhamad Heikal', 'muhamad.heikal@tiket.com', NULL, '$2y$10$/h9.oJ0.yohysWlhz6hNEu.T1U1KtS.jFtRq5rdU0vdGRqHdqPRIa', NULL, 'Product', 'UX Designer', NULL, '2019-04-24 10:49:33', 1, '2019-04-23 09:26:52'),
(376, '2019-04-23 09:18:09', '2019-04-23 14:24:22', NULL, 'MBDOEM', NULL, 'Muhamad Khoirul Anwar', 'muhamad.anwar@tiket.com', NULL, '$2y$10$WbNOlwJ8WeR5NE91wF9SBeztys8xR21U9.RjkTDCvxknM.zqoXPn6', NULL, 'People', 'GA Representative (Yogya)', NULL, '2019-04-23 14:24:22', 1, '2019-04-23 09:26:52'),
(377, '2019-04-23 09:18:09', '2019-04-23 14:29:15', NULL, 'S5RUZ6', NULL, 'Muhammad Adib Imtiyazi', 'adib.imtiyazi@tiket.com', NULL, '$2y$10$X6ciOkVO5r6PxoG5ojm1t.7kISrTpQvvFKsUO3LJcQnTPuxJb27/i', NULL, 'Developer', 'Data Engineer', NULL, '2019-04-23 14:28:20', 1, '2019-04-23 09:26:52'),
(378, '2019-04-23 09:18:09', '2019-04-23 19:01:46', NULL, 'ADVXAU', NULL, 'Muhammad Al Ziqri', 'ziqri@tiket.com', NULL, '$2y$10$YTIk2ybUv1dBbw7KTVCn6e./gp3CHd80.cHvTxzzj0H8GRMFmfP1S', NULL, 'Technology', 'Backend Engineer', NULL, '2019-04-23 19:01:46', 1, '2019-04-23 09:26:52'),
(379, '2019-04-23 09:18:09', '2019-04-23 14:35:23', NULL, 'HQFZ53', NULL, 'Muhammad Alghifari', 'muhammad.alghifari@tiket.com', NULL, '$2y$10$uH5b7AlerQMctnfrBRDBqOOO0GsBW2LDqmSxwxCkJH26LVrrepNLC', NULL, 'FInance Accounting', 'Accounting Staff Bank', NULL, '2019-04-23 14:35:23', 1, '2019-04-23 09:26:52'),
(380, '2019-04-23 09:18:09', '2019-04-23 14:25:50', NULL, '81C3MV', 'uploads/image_profile/380-1556000727.jpg', 'Muhammad Ari Prawira', 'ari.prawira@tiket.com', NULL, '$2y$10$jkzkWgMV.qAvqRoVrEaG4.Zkc1vjVbHE9KTE8F.ZJk3no/aRpQTvi', NULL, 'Development', 'Frontend Engineer', NULL, '2019-04-23 14:21:57', 1, '2019-04-23 09:26:52'),
(381, '2019-04-23 09:18:09', '2019-04-26 19:28:37', NULL, 'UTR8ZL', 'uploads/image_profile/381-1556035394.jpg', 'Muhammad Asqolani', 'asqolani@tiket.com', '089662233555', '$2y$10$E/r9hH3TbSl2TYFR9lzhPuIZWTKeDQAKvzSghjg9afSh3fH1xggli', NULL, 'Technology', 'Backend Engineer', NULL, '2019-04-26 19:28:37', 1, '2019-04-23 09:26:52'),
(382, '2019-04-23 09:18:09', '2019-04-23 18:32:34', NULL, 'UJKLK7', NULL, 'Muhammad Deny Amsah', 'deny.amsah@tiket.com', NULL, '$2y$10$mBb.8YhdNYvn.j5fr/5BTuCLb9pRpoedluYCIFbVImG4tz/N8tedm', 'UJKLK7', 'Finance', 'Bank Confirm', NULL, '2019-04-23 18:32:34', 1, '2019-04-23 09:26:52'),
(383, '2019-04-23 09:18:09', '2019-04-24 06:58:41', NULL, '6AUBWZ', NULL, 'Muhammad Fathurrahman Aji', 'mfaji@tiket.com', NULL, '$2y$10$Ec8fWSOv2J1cCLJl4n1vzu5PLf.wboL2hmsN5ww3PSLCto2zajOma', '6AUBWZ', 'Mobile Development', 'Backend Engineer', NULL, '2019-04-24 06:58:41', 1, '2019-04-23 09:26:52'),
(384, '2019-04-23 09:18:09', '2019-04-23 15:53:15', NULL, 'IHXQYE', 'uploads/image_profile/384-1556005963.jpg', 'Muhammad Fensya Aprialdi', 'fensya@tiket.com', NULL, '$2y$10$QuIMjYTG5cT9s1LGFsU66ObNqQOv0/lsyWdqOoheOKzDCsEoW82F2', NULL, 'Project Management', 'Sr. PMO Officer', NULL, '2019-04-23 15:53:15', 1, '2019-04-23 09:26:52'),
(385, '2019-04-23 09:18:09', '2019-04-23 15:04:32', NULL, 'V09EHA', NULL, 'Muhammad Ito Fachruzzaman', 'ito@tiket.com', NULL, '$2y$10$57.nOPY999iBTWVdAZYvmOKPce25Q7t/lH9sSHSvxxQUq3u6srNOO', NULL, 'Development', 'Backend Engineer', NULL, '2019-04-23 15:04:13', 1, '2019-04-23 09:26:52'),
(386, '2019-04-23 09:18:09', '2019-04-23 09:26:52', NULL, '9MWVXQ', NULL, 'Muhammad Nur Muhaimin', 'nur.muhaimin@tiket.com', NULL, NULL, '9MWVXQ', 'Product', 'Product Growth Officer', NULL, NULL, 1, '2019-04-23 09:26:52'),
(387, '2019-04-23 09:18:09', '2019-04-23 14:27:31', NULL, 'D9BE0Q', 'uploads/image_profile/387-1556000780.jpg', 'Muhammad Pasca Nugraha', 'pasca.nugraha@tiket.com', '08121470913', '$2y$10$IRSFypXwnvSy9Ykd5NUdEOUi.b0VZnq8aStOyqmm5u//PCgsEYLjm', NULL, 'Technology', 'Jr Backend Engineer (Bandung)', NULL, '2019-04-23 14:13:32', 1, '2019-04-23 09:26:52'),
(388, '2019-04-23 09:18:09', '2019-04-23 14:32:50', NULL, 'NUGB8W', NULL, 'Muhammad Rafif Murazza', 'rafif.murazza@tiket.com', NULL, '$2y$10$H4u6yY2CIqdr6KHCAiqDtuMmHpNGCTWdToCQjW2xN47JyjEquObJe', NULL, 'Technology', 'Backend Engineer', NULL, '2019-04-23 14:32:21', 1, '2019-04-23 09:26:52'),
(389, '2019-04-23 09:18:09', '2019-04-23 17:01:51', NULL, '9CAQOO', NULL, 'Muhammad Raufan Yusup', 'muhammad.yusup@tiket.com', NULL, '$2y$10$yQxwTBGMxMs1rZct1u7gPuLTNit6NN7Pe6lFVm8Qy2zOkaKgxNAYm', '9CAQOO', 'Product', 'UX Designer', NULL, '2019-04-23 17:01:51', 1, '2019-04-23 09:26:52'),
(390, '2019-04-23 09:18:09', '2019-04-26 09:10:03', NULL, 'L8ECYP', NULL, 'Muhammad Renaldy', 'muhammad.renaldy@tiket.com', NULL, '$2y$10$.rkxtWvuYL8r7GEB0f6xaupiBRZ5aOtu1kuS8c6rw4eIZRzEf4PPC', NULL, 'Technology', 'Jr Frontend Engineer', NULL, '2019-04-26 09:10:03', 1, '2019-04-23 09:26:52'),
(391, '2019-04-23 09:18:09', '2019-04-23 16:24:19', NULL, 'BC1P4S', NULL, 'Muhammad Ridho', 'ridho@tiket.com', NULL, '$2y$10$GXD4tanuvRrRS2h45nec1..MCgqc.OXegJncDxiL8YpI8Icz7WR6.', NULL, 'Customer Care', 'Team Leader Customer Care', NULL, '2019-04-23 16:24:19', 1, '2019-04-23 09:26:52'),
(392, '2019-04-23 09:18:09', '2019-04-23 18:52:01', NULL, 'RGPQOR', NULL, 'Muhammad Ridho Bayhaki', 'ridho.bayhaki@tiket.com', NULL, '$2y$10$olqmS6g8huniMwSFvTbHyOz/p5X5aMKTbxWcpA3Eh1MeQTNMeAD5y', NULL, 'Technology', 'Backend Engineer', NULL, '2019-04-23 18:52:01', 1, '2019-04-23 09:26:52'),
(393, '2019-04-23 09:18:09', '2019-04-23 21:35:45', NULL, '6IIFRQ', NULL, 'Muhammad Rizki Firman Habibie', 'rizki.habibie@tiket.com', NULL, '$2y$10$nKaNiCfxvuz/YpoqQC4RN.lU9TgfvvaGJDMHclBFrK2DxhYBKF8.G', '6IIFRQ', 'EDP', 'EDP Specialist', NULL, '2019-04-23 21:35:45', 1, '2019-04-23 09:26:52'),
(394, '2019-04-23 09:18:09', '2019-04-23 15:22:14', NULL, 'OCHQXX', NULL, 'Muhammad Sidiq Putra', 'sidiq.putra@tiket.com', NULL, '$2y$10$9SH9ZOLllMiivZ4W.T7xn.8jQxfjE9T/inUtcklNcmrHovVXGpY6K', NULL, 'Operational Technology', 'Server Deployment Engineer', NULL, '2019-04-23 15:22:14', 1, '2019-04-23 09:26:52'),
(395, '2019-04-23 09:18:09', '2019-04-25 20:06:44', NULL, 'FW6MVG', NULL, 'Muhammad Zaky Alvan', 'zaky.alvan@tiket.com', '081320144088', '$2y$10$6Ta7Xes2WrsGKRXaX2wrDOsbpNIyAAUml/pS6We32ye3Fp9BbQjC.', NULL, 'Technology', 'Sr. Java Engineer', NULL, '2019-04-25 20:06:44', 1, '2019-04-23 09:26:52'),
(396, '2019-04-23 09:18:09', '2019-04-23 09:26:52', NULL, '2CCK7V', NULL, 'Mukhaerudin', 'mukhaerudin@tiket.com', NULL, NULL, '2CCK7V', 'Customer Care', 'Team Leader Customer Care', NULL, NULL, 1, '2019-04-23 09:26:52'),
(397, '2019-04-23 09:18:09', '2019-04-23 15:19:13', NULL, '7JUYFJ', NULL, 'Munawaroh', 'muna@tiket.com', NULL, '$2y$10$aYWoncbPKRt4OFpb8ewukOazFq.1shWESl7T8bAlGJmRmGJzYzQ62', NULL, 'Product', 'Jr. Product Manager', NULL, '2019-04-23 15:19:13', 1, '2019-04-23 09:26:52'),
(398, '2019-04-23 09:18:09', '2019-04-23 17:24:56', NULL, 'URHGWD', NULL, 'Muthia Anggraini', 'muthia.anggraini@tiket.com', NULL, '$2y$10$p802c5xqGAxqedM/fheri.u/0FlsNsm2.uGMzQD8.rOkKNy/kx7IC', NULL, 'Communication', 'QA Team Leader', NULL, '2019-04-23 16:13:01', 1, '2019-04-23 09:26:52'),
(399, '2019-04-23 09:18:09', '2019-04-26 02:30:29', NULL, 'EEICGL', NULL, 'Mutia Safira', 'mutia.safira@tiket.com', NULL, '$2y$10$AwW1TR6m2fnR9r65LCG3I.YlxoFomFU2Dmph8XRMtFVuXvrqxbx3C', NULL, 'Finance Accounting', 'Admin Refund', NULL, '2019-04-26 02:30:29', 1, '2019-04-23 09:26:52'),
(400, '2019-04-23 09:18:09', '2019-04-23 22:28:19', NULL, 'LVITOF', 'uploads/image_profile/400-1556029696.jpg', 'Nadila Zikrina', 'nadila.zikrina@tiket.com', '085716003238', '$2y$10$Wjdu1bB4TykauYzuqtReP.DXt6bda5tHh8.PM4nbPE59zu5lv4Ife', NULL, 'Finance', 'Accounting Staff', 'EVT-0001', '2019-04-23 13:29:36', 1, '2019-04-23 09:26:52'),
(401, '2019-04-23 09:18:09', '2019-04-23 09:26:52', NULL, 'CJXIID', NULL, 'Nadine Amira', 'nadine.zahrah@tiket.com', NULL, NULL, 'CJXIID', 'Technology', 'Intern - Software Quality Assurance', NULL, NULL, 1, '2019-04-23 09:26:52'),
(402, '2019-04-23 09:18:09', '2019-04-23 09:26:52', NULL, '0JOI9I', NULL, 'Nadya Wilhelmina', 'nadya.wilhelmina@tiket.com', NULL, NULL, '0JOI9I', 'Communication', 'Intern', NULL, NULL, 1, '2019-04-23 09:26:52'),
(403, '2019-04-23 09:18:10', '2019-04-23 09:26:52', NULL, 'X1DZUR', NULL, 'Nanda Ichsan Pratama', 'nanda.ichsan@tiket.com', NULL, NULL, 'X1DZUR', 'Operational Technology', 'Release & Deployment Engineer', NULL, NULL, 1, '2019-04-23 09:26:52'),
(404, '2019-04-23 09:18:10', '2019-04-23 14:14:40', NULL, 'RERAC3', NULL, 'Natya Ayudhia Putri', 'natya.ayudhia@tiket.com', NULL, '$2y$10$bqDP/KFyLICa8BdcsIOSSu7hY/EijHE8HWllYQkQm/bU7Bg3yeWFK', NULL, 'Customer Relationship Management', 'Data Analyst', NULL, '2019-04-23 14:14:40', 1, '2019-04-23 09:26:52'),
(405, '2019-04-23 09:18:10', '2019-04-23 14:18:57', NULL, 'K2UZDA', NULL, 'Niken Nuraini', 'niken.nuraini@tiket.com', NULL, '$2y$10$NoCevhb3LZ.JFl2FirvfN.87s5MqyQXG0oUR2zmcCW/OuIB4W34lO', NULL, 'Commercial', 'Market Executive, East Java', NULL, '2019-04-23 14:18:57', 1, '2019-04-23 09:26:52'),
(406, '2019-04-23 09:18:10', '2019-04-23 13:24:49', NULL, 'AKCEJ2', NULL, 'Niko Ibrahim', 'niko.ibrahim@tiket.com', NULL, '$2y$10$nFqCoB.2wM3HBLGaRc07c.jvwIj25FY3tsg7JY.SUO4K4qu2dI9Hi', NULL, 'Accomodation', 'Senior Market Manager - Product', NULL, NULL, 1, '2019-04-23 09:26:52'),
(407, '2019-04-23 09:18:10', '2019-04-23 15:19:18', NULL, 'LUW0RI', NULL, 'Novarina Simbolon', 'novarina.simbolon@tiket.com', NULL, '$2y$10$Ulez/nLgmNBoJqSO7/2KmO8rTDt1bREI755BjFuiwvYrbC9/57ACO', NULL, 'People', 'Talent Acquisition Specialist', NULL, '2019-04-23 15:19:18', 1, '2019-04-23 09:26:52'),
(408, '2019-04-23 09:18:10', '2019-04-23 09:26:52', NULL, 'HCGAMQ', NULL, 'Novi Asfiyati', 'novi.asfiyawati@tiket.com', NULL, NULL, 'HCGAMQ', 'Communication', 'Contact Center Team Leader', NULL, NULL, 1, '2019-04-23 09:26:52'),
(409, '2019-04-23 09:18:10', '2019-04-24 07:20:16', NULL, '2KKID4', NULL, 'Novi Yanti', 'novi@tiket.com', NULL, '$2y$10$fho.Uik4wRLAkO88QFmLle.5WL.Hdj828ILRTImpi72PTRjYbfFn.', NULL, 'Finance', 'Finance Revenue Staff', NULL, '2019-04-24 07:20:16', 1, '2019-04-23 09:26:52'),
(410, '2019-04-23 09:18:10', '2019-04-24 13:49:06', NULL, 'NLGAV0', NULL, 'Nugroho Ari Wibowo', 'nugroho.ari@tiket.com', NULL, '$2y$10$.fY5JLbRwHAKSEJtSSMndOa5cnfeRA6j6py0EVgautpcftzFjca/.', NULL, 'Transportation', 'Domestic Transportation Manager', NULL, '2019-04-24 13:49:06', 1, '2019-04-23 09:26:52'),
(411, '2019-04-23 09:18:10', '2019-04-23 09:26:52', NULL, 'FHWIK5', NULL, 'Nugroho Hari Mindiar', 'nugroho.mindiar@tiket.com', NULL, NULL, 'FHWIK5', 'Technology', 'Sr. Backend Engineer', NULL, NULL, 1, '2019-04-23 09:26:52'),
(412, '2019-04-23 09:18:10', '2019-04-23 15:26:47', NULL, 'IIMSCP', NULL, 'Nuning Widyastuti', 'nuning.widyastuti@tiket.com', NULL, '$2y$10$7NVkqKYgdnO3PmxuR2AaDu1hZKuq2TRyvW06eOGp8BMCWxtwLSAli', NULL, 'Commercial', 'Hotel Admin', NULL, '2019-04-23 15:26:47', 1, '2019-04-23 09:26:52'),
(413, '2019-04-23 09:18:10', '2019-04-24 15:49:39', NULL, 'ICWXAA', NULL, 'Nur Aswandi', 'nur.aswandy@tiket.com', '081513563286', '$2y$10$vCYeBjtXapptYDiAOSh8CeTGzF68gIwXbS6dqQp6GrQzoYkkYyj7W', NULL, 'Communication', 'International Ticketing Staff', NULL, '2019-04-24 15:46:01', 1, '2019-04-23 09:26:52'),
(414, '2019-04-23 09:18:10', '2019-04-23 16:52:12', NULL, 'LD9YE8', NULL, 'Nur Fadhillah', 'nur.fadhillah@tiket.com', NULL, '$2y$10$Kml6iWc65ig665SAEOtL7enAmwm4ZpDVyGTNAOhWf5x2vpGet7ZkW', NULL, 'Compliance', 'Compliance Asst Manager', NULL, '2019-04-23 16:52:12', 1, '2019-04-23 09:26:52'),
(415, '2019-04-23 09:18:10', '2019-04-23 16:58:51', NULL, 'PK8OJJ', NULL, 'Nur Hakim Soleh', 'nur.soleh@tiket.com', NULL, '$2y$10$57FPjqkL8WNNhJF1Onmsi.7S1/1uVkKUIP.8Ir5k07p8Lfhr0faKG', NULL, 'Technology', 'Sr. Backend Engineer', NULL, '2019-04-23 16:58:51', 1, '2019-04-23 09:26:52'),
(416, '2019-04-23 09:18:10', '2019-04-25 08:52:46', NULL, 'DITJQM', NULL, 'Nurhaesanah', 'nurhaesanah@tiket.com', NULL, '$2y$10$pAXBrINQOUm3ucus90UHVeGJe6Ry1r4pbhPR0BoEHBo/Rboxifcem', NULL, 'Customer Care', 'Admin Customer Care', NULL, '2019-04-25 08:52:46', 1, '2019-04-23 09:26:52'),
(417, '2019-04-23 09:18:10', '2019-04-23 09:26:52', NULL, '8BG7XY', NULL, 'Nurhasanah', 'nurhasanah@tiket.com', NULL, NULL, '8BG7XY', 'Customer Care', 'Customer Care Agent - Outbond', NULL, NULL, 1, '2019-04-23 09:26:52'),
(418, '2019-04-23 09:18:10', '2019-04-23 14:27:14', NULL, 'IH8GQB', 'uploads/image_profile/418-1555999655.jpg', 'Nurhidayat Fembrianto', 'nurhidayat.fembrianto@tiket.com', '085857017175', '$2y$10$2tifuYB/jKPcEUlR0ujgqefXhAC5JLBSgnoIJbrIbFUVoBuMuPII6', NULL, 'Technology', 'Backend Engineer (Yogyakarta)', NULL, '2019-04-23 14:25:47', 1, '2019-04-23 09:26:52'),
(419, '2019-04-23 09:18:10', '2019-04-23 09:26:52', NULL, 'K4CHI4', NULL, 'Ocky Aditia Saputra', 'ocky.saputra@tiket.com', NULL, NULL, 'K4CHI4', 'Developer', 'Backend Engineer', NULL, NULL, 1, '2019-04-23 09:26:52'),
(420, '2019-04-23 09:18:10', '2019-04-23 14:52:25', NULL, 'VW6MBL', NULL, 'Octi Aryanti', 'octi@tiket.com', NULL, '$2y$10$tEV4JE34wdbqYAum2m5vUurED9eWaQ8Fb7cyeL2RKAVXHvItjIPVi', 'VW6MBL', 'SQA and Technical Writer', 'Technical Writer', NULL, '2019-04-23 14:52:25', 1, '2019-04-23 09:26:52'),
(421, '2019-04-23 09:18:10', '2019-04-23 14:21:18', NULL, 'DRDERO', NULL, 'Odelia Agatha', 'odelia.agatha@tiket.com', NULL, '$2y$10$50vOTqGm4Nou4a30fc9EDO533lLh3LIYGcYU.9uoaZX.4gZbCGj/u', NULL, 'Communication', 'Content Writer', NULL, '2019-04-23 14:21:18', 1, '2019-04-23 09:26:52'),
(422, '2019-04-23 09:18:10', '2019-04-26 09:22:46', NULL, 'NFVS4U', NULL, 'Oki Ardia Christi', 'oki.christi@tiket.com', NULL, '$2y$10$C2ikT3ba1gXHww.B3B.Rd.eWysxmXhNYqZXjn/bM63O9TYxF128P2', NULL, 'Commercial', 'Market Executive, Jogjakarta', NULL, '2019-04-26 09:22:46', 1, '2019-04-23 09:26:52'),
(423, '2019-04-23 09:18:10', '2019-04-23 14:23:21', NULL, '2NTN8F', NULL, 'Otto Daniel', 'otto.daniel@tiket.com', NULL, '$2y$10$Gru8rA3ihgUJGJ/OgOjUf.WryPQUxMjg9p.gRzLrtXHV6ZGOHO5WS', '2NTN8F', 'Technology', 'Junior Java Developer', NULL, '2019-04-23 14:23:21', 1, '2019-04-23 09:26:52'),
(424, '2019-04-23 09:18:10', '2019-04-23 14:16:52', NULL, 'NHHQ9G', NULL, 'Pande Made Edy Saputra', 'edy.saputra@tiket.com', NULL, '$2y$10$eJyiAIIpAoBWZrg87hTm2e1dd29VW15MH2iE70ToSQBs.u1jGsIAG', NULL, 'Hotel', 'Market Executive', NULL, '2019-04-23 14:16:52', 1, '2019-04-23 09:26:52'),
(425, '2019-04-23 09:18:10', '2019-04-27 10:42:45', NULL, 'BC40R4', NULL, 'Pandu Sarsito', 'pandu.sarsito@tiket.com', NULL, '$2y$10$tm9BkNzVzCKVyzJq2l3zm.FmOUBGFJP5v2QGEefJ4BJoEVgSVyPvi', NULL, 'Hotel', 'Associate Chain Product & 3rd Party Market Manager', NULL, '2019-04-27 10:42:45', 1, '2019-04-23 09:26:52'),
(426, '2019-04-23 09:18:10', '2019-04-23 16:17:39', NULL, 'EU5XZD', NULL, 'Paulus Indra Salim', 'paulus.salim@tiket.com', NULL, '$2y$10$Xn3g7GCtZwZNZxLHhbv/Mee0e9LKEbrEY.1kmdLK4oDexiCYsNzwO', NULL, 'Technology', 'Sr. BI Engineer', NULL, '2019-04-23 16:17:39', 1, '2019-04-23 09:26:52'),
(427, '2019-04-23 09:18:10', '2019-04-24 15:23:55', NULL, 'EF6N2C', 'uploads/image_profile/427-1556090622.jpg', 'Paulus Robin', 'paulus.lesmana@tiket.com', '+6287884048307', '$2y$10$tUIL6Ng9/tSh/c836Pri6e9SVDBeEdxzsn.gEgTIzbKE1R1NNQTLy', 'EF6N2C', 'Developer', 'Backend Engineer', NULL, '2019-04-23 14:14:03', 1, '2019-04-23 09:26:52'),
(428, '2019-04-23 09:18:10', '2019-04-23 14:25:46', NULL, 'FDWGWV', NULL, 'Pieter Juan Hoek', 'pieter.hoek@tiket.com', NULL, '$2y$10$a/SY4h0dBpwbPprjP1uH/uP.sKLtluIsA/dY8JN6QUQzcFx/BioLq', NULL, 'SPV/Dibawah SPV', 'Market Manager (Yogyakarta)', NULL, '2019-04-23 14:25:46', 1, '2019-04-23 09:26:52'),
(429, '2019-04-23 09:18:10', '2019-04-23 14:25:27', NULL, 'JCD5JE', NULL, 'Pitchstar Chernenko', 'pitchstar.chernenko@tiket.com', NULL, '$2y$10$rfeFdpv1wBL52dG9tItJW.npIsofylTSri/eHUwgGJfZmHp1xUIOC', NULL, 'Developer', 'Business Intelligence Analyst', NULL, '2019-04-23 14:25:27', 1, '2019-04-23 09:26:52'),
(430, '2019-04-23 09:18:10', '2019-04-23 19:32:44', NULL, '42UXJU', NULL, 'Prasetya Setiawan', 'prasetya.setiawan@tiket.com', NULL, '$2y$10$IaFgE4fWiacXQyCIfPiYKOf8pw3PK5SCq8ovF4m9a3SJ.2wY5Gi/.', NULL, 'Technology', 'VP Engineering', NULL, '2019-04-23 19:32:44', 1, '2019-04-23 09:26:52'),
(431, '2019-04-23 09:18:10', '2019-04-23 20:02:36', NULL, 'XVKHRG', NULL, 'Prayoga Pandu Santoso', 'prayoga.santoso@tiket.com', NULL, '$2y$10$YjqrpdKFCJ27eHhH9ibV2.u00eXb1o2sCGU1CYfXMqs8shncSN3oO', 'XVKHRG', 'Technology', 'Backend Engineer', NULL, '2019-04-23 20:02:36', 1, '2019-04-23 09:26:52'),
(432, '2019-04-23 09:18:10', '2019-04-23 14:34:45', NULL, 'UIX8ZP', NULL, 'Primadona Pardede', 'dona@tiket.com', NULL, '$2y$10$0733fQg.nS9rWzyO8PfU6eOxI.2jf7Kxst9jaf3GirOAI8llmAQiC', 'UIX8ZP', 'SQA and Technical Writer', 'Sr. SQA', NULL, '2019-04-23 14:34:45', 1, '2019-04-23 09:26:52'),
(433, '2019-04-23 09:18:10', '2019-04-23 14:15:48', NULL, 'PAR1TW', NULL, 'Priyatno', 'priyatno.denno@tiket.com', NULL, '$2y$10$chAXeHXCiSgLu/YTgSDxRejgl4TTdOuu3e4qBbhROxhCyGHXUBNhy', NULL, 'Finance', 'Finance Revenue Staff', NULL, '2019-04-23 14:15:48', 1, '2019-04-23 09:26:52'),
(434, '2019-04-23 09:18:10', '2019-04-24 12:54:57', NULL, 'ORG5XH', NULL, 'Puja Restanto', 'puja.restanto@tiket.com', NULL, '$2y$10$S6HjBCKfZTrXj4t.xIRLG.s87WYbF9m34Mu5KQQhbaXNmT2CW/ewi', NULL, 'Accounting', 'Accounting Operational Supervisor', NULL, '2019-04-24 12:54:57', 1, '2019-04-23 09:26:52'),
(435, '2019-04-23 09:18:10', '2019-04-23 09:26:52', NULL, 'ME79UH', NULL, 'Putra Agung Pratama', 'putra.pratama@tiket.com', NULL, NULL, 'ME79UH', 'Technology', 'SQA Lead', NULL, NULL, 1, '2019-04-23 09:26:52'),
(436, '2019-04-23 09:18:10', '2019-04-25 13:20:57', NULL, '14PW5T', NULL, 'Putri Faith Mantohana M.N.', 'putri.faith@tiket.com', NULL, '$2y$10$8o9oDsp7lfPSNOpHFTkf4Ok5MEcZ.SF8/KKneHpjezLXbYQA3r4b6', NULL, 'Project Management', 'PMO Officer', NULL, '2019-04-25 13:20:57', 1, '2019-04-23 09:26:52'),
(437, '2019-04-23 09:18:10', '2019-04-23 18:23:37', NULL, 'IFBPAL', NULL, 'Putu Arya Sabda Wijaya', 'putu.sabda@tiket.com', NULL, '$2y$10$vbUkwlEixs34mO38fmWGeOeQkNtkiA3Nm34eRCgUJBBgOoYhi6lHK', NULL, 'Technology', 'Site Reliability Engineer', NULL, '2019-04-23 18:23:37', 1, '2019-04-23 09:26:52'),
(438, '2019-04-23 09:18:10', '2019-04-23 16:30:41', NULL, '8YP651', NULL, 'Putu Mahendra Wijaya', 'putu.wijaya@tiket.com', NULL, '$2y$10$RO9po7AxGyNH0QTTVfK2OuDVj.PKPmu.ZI9hx.H3po91p4snUGoFu', '8YP651', 'Product', 'UX Writer', NULL, '2019-04-23 16:30:41', 1, '2019-04-23 09:26:52'),
(439, '2019-04-23 09:18:10', '2019-04-23 15:18:30', NULL, 'E1YAQ0', NULL, 'Rachel Chrysilla Tijono', 'rachel.chrysilla@tiket.com', NULL, '$2y$10$nRWSdspRXYYIjel9o2ijHukV4TMSI5rMrH/ZHiZdeJY1Ju36eh3bO', NULL, 'SQA and Technical Writer', 'SQA', NULL, '2019-04-23 15:18:30', 1, '2019-04-23 09:26:52'),
(440, '2019-04-23 09:18:10', '2019-04-23 14:18:50', NULL, '1SNAVM', NULL, 'Rachel Evanya Nadia', 'rachel.evanya@tiket.com', NULL, '$2y$10$O7OB4jz761GNbt2JnRQmke5YkDg/tNz913VZpB6HIwTDQZOdtLUlC', NULL, 'Developer', 'IT Operations', NULL, '2019-04-23 14:18:50', 1, '2019-04-23 09:26:52'),
(441, '2019-04-23 09:18:10', '2019-04-23 09:26:52', NULL, 'V1JQBY', NULL, 'Rachman Fadli Kaban', 'rachman.kaban@tiket.com', NULL, NULL, 'V1JQBY', 'Technology', 'Backend Engineer', NULL, NULL, 1, '2019-04-23 09:26:52'),
(442, '2019-04-23 09:18:10', '2019-04-23 14:35:07', NULL, 'AEI0VE', NULL, 'Rachmat Robiansyah', 'rachmat.robiansyah@tiket.com', NULL, '$2y$10$v4lSxiS9LbjgJe0zsGBnNexqgcyQ//UJ5JU3XX4URoWuc37UYNKHe', NULL, 'Communication', 'Live Chat Supervisor', NULL, '2019-04-23 14:35:07', 1, '2019-04-23 09:26:52'),
(443, '2019-04-23 09:18:10', '2019-04-25 12:27:58', NULL, 'WUEPOK', NULL, 'Raden Ardiansyah Natakusumah', 'raden.natakusumah@tiket.com', '+62817615560', '$2y$10$WG/eE2AiorViaBAYX01baO5oBF6/sERGQPsUubd2rI7ujL5VHw.aO', NULL, 'Technology', 'IT Security Manager', 'EVT-0001', '2019-04-23 17:01:33', 1, '2019-04-23 09:26:52'),
(444, '2019-04-23 09:18:10', '2019-04-23 14:58:19', NULL, 'WEOXCL', NULL, 'Raden Rudy Riyadi', 'rudy.riyadi@tiket.com', NULL, '$2y$10$QQI4jNXZanJKjGCipQXYTejwrlKJT4q.jC4.oyWUMvIkqqL2PxfOy', 'WEOXCL', 'SQA and Technical Writer', 'Sr. SQA', NULL, '2019-04-23 14:58:19', 1, '2019-04-23 09:26:52'),
(445, '2019-04-23 09:18:10', '2019-04-23 09:26:52', NULL, 'PFZ02H', NULL, 'Rahmad Dony Rudyantoro', 'rahmad.rudyantoro@tiket.com', NULL, NULL, 'PFZ02H', 'Developer', 'Sr. Backend Engineer', NULL, NULL, 1, '2019-04-23 09:26:52'),
(446, '2019-04-23 09:18:10', '2019-04-24 18:13:04', NULL, '6JYHHY', NULL, 'Rahman Fad', 'rahman.fad@tiket.com', NULL, '$2y$10$Csfs1gdmskfV0ymNSU0Ze.9JthG3bUZlmZFEw1g0fiR35eZpYMDBC', '6JYHHY', 'Mobile Development', 'IOS Engineer', NULL, '2019-04-24 18:13:04', 1, '2019-04-23 09:26:52'),
(447, '2019-04-23 09:18:10', '2019-04-23 09:26:52', NULL, 'K5CLKI', NULL, 'Rahmat Munadi', 'rahmat.munadi@tiket.com', NULL, NULL, 'K5CLKI', 'Customer Care', 'Team Leader Customer Care', NULL, NULL, 1, '2019-04-23 09:26:52'),
(448, '2019-04-23 09:18:10', '2019-04-25 21:24:40', NULL, 'LA9OML', NULL, 'Raina Rusdianto', 'raina.rusdianto@tiket.com', NULL, '$2y$10$bpdGkdaRrxOKE1UKOJYffu1xY.bimlFldXq0WCsjJ4al89PdAWCv6', NULL, 'Finance Accounting', 'Accounting Staff', NULL, '2019-04-25 21:24:40', 1, '2019-04-23 09:26:52'),
(449, '2019-04-23 09:18:10', '2019-04-27 07:48:43', NULL, 'JCDOVZ', NULL, 'Rajasa Octavio Hadisoemarto', 'rajasa@tiket.com', NULL, '$2y$10$SnF6ZeoMGDiUdjSgr05xLuTK9o95EcQwkJXKZH4KgKeWBLZXocrdu', NULL, 'Hotel', 'Sr. Market Manager', NULL, '2019-04-27 07:48:43', 1, '2019-04-23 09:26:52'),
(450, '2019-04-23 09:18:10', '2019-04-24 06:10:51', NULL, 'THCNTB', NULL, 'Rakhmat Fajar Nur Agata', 'rakhmat.agata@tiket.com', NULL, '$2y$10$ZIsscYu4LrAmyZAihYKUIedZBuin1383zV1e5EJEuo7YRQbLP.dT2', NULL, 'Product', 'Product Manager', NULL, '2019-04-24 06:10:51', 1, '2019-04-23 09:26:52'),
(451, '2019-04-23 09:18:10', '2019-04-23 14:12:32', NULL, 'VTZRNW', NULL, 'Raki Jihadi', 'raki.jihadi@tiket.com', NULL, '$2y$10$hDV9/.6TZrbVEk7S0PKSu.7aHPS8P5PvwBe0EIsh1W8.MMsjQmOIm', NULL, 'Technology', 'Software Quality Assurance', NULL, '2019-04-23 14:12:32', 1, '2019-04-23 09:26:52'),
(452, '2019-04-23 09:18:10', '2019-04-23 14:34:45', NULL, '9M0XE5', NULL, 'Ratna Dwi Wardani', 'ratna.wardani@tiket.com', NULL, '$2y$10$I9nwxZ1VAvmHuWrnp3u0Tu.vF9C4UB.hbUWMiz.A6oZ4ilgNOJN.S', NULL, 'Commercial', 'Associate Market Manager, East Java', NULL, '2019-04-23 14:34:45', 1, '2019-04-23 09:26:52'),
(453, '2019-04-23 09:18:10', '2019-04-25 18:54:37', NULL, '69Q1JR', NULL, 'Ratna Suminar', 'ratna@tiket.com', NULL, '$2y$10$1SOlyOF0zrhK2cs6xDKx0eXMHRMJwqmcMiEuvd7RHj.C7VKDnSHQS', NULL, 'Finance', 'Finance Manager', NULL, '2019-04-25 18:54:37', 1, '2019-04-23 09:26:52'),
(454, '2019-04-23 09:18:10', '2019-04-23 14:36:45', NULL, 'ZK9EEU', NULL, 'Regi Tri Hamsyah', 'regi@tiket.com', NULL, '$2y$10$5a5DTCETswCEwaTB5Eyp6Or4l27acX6VlzAJHQqGXNfFl7CNgozn.', NULL, 'Customer Care', 'Team Leader Customer Care', NULL, '2019-04-23 14:36:44', 1, '2019-04-23 09:26:52'),
(455, '2019-04-23 09:18:10', '2019-04-23 17:08:42', NULL, '7VSTTW', NULL, 'Regina Clara', 'regina.clara@tiket.com', NULL, '$2y$10$2bVdTvxl9GMNowUPtGdyUuonQrJaX.T0AyGQMEos/69FR2v0uKy92', NULL, 'Developer', 'Jr. Backend Engineer', NULL, '2019-04-23 17:08:42', 1, '2019-04-23 09:26:52'),
(456, '2019-04-23 09:18:10', '2019-04-23 22:00:56', NULL, 'LZNLF7', NULL, 'Reinhardt Agusto R Pasaribu', 'reinhardt@tiket.com', NULL, '$2y$10$gHHC7jMyYiSZVIla3SlRRe2g78dtX/T6uF9QYInAt3HOjIUQ23QTq', NULL, 'Human Resources', 'Talent Development Supervisor', NULL, '2019-04-23 22:00:56', 1, '2019-04-23 09:26:52'),
(457, '2019-04-23 09:18:10', '2019-04-23 23:35:15', NULL, 'IOIAUE', NULL, 'Renatte Reyne Asmara', 'renatte.asmara@tiket.com', NULL, '$2y$10$v95szvq/SuQgcnzD0bXcq.R5dk1XLbgeGsRTsj5Y.Sn1QtODIeXau', NULL, 'Commercial', 'Transportation Supervisor', NULL, '2019-04-23 23:35:15', 1, '2019-04-23 09:26:52'),
(458, '2019-04-23 09:18:10', '2019-04-23 22:00:15', NULL, 'JEIMMR', NULL, 'Rendy Hananta Kurniawan', 'rendy.hananta@tiket.com', NULL, '$2y$10$7bc9NfiMqUTwvpYi.tusGOi/52BKUqHhKmkDZ8hzQ.BaoGFcvwyxC', 'JEIMMR', 'Mobile Development', 'Sr. IOS Engineer', NULL, '2019-04-23 22:00:15', 1, '2019-04-23 09:26:52'),
(459, '2019-04-23 09:18:10', '2019-04-23 09:26:52', NULL, 'QA5UXC', NULL, 'Rendy Septiawan', 'rendy.septiawan@tiket.com', NULL, NULL, 'QA5UXC', 'Customer Care', 'Team Leader Customer Care', NULL, NULL, 1, '2019-04-23 09:26:52'),
(460, '2019-04-23 09:18:10', '2019-04-23 15:26:53', NULL, 'MVUI6A', NULL, 'Retma Prastika', 'tika@tiket.com', NULL, '$2y$10$iuMDFP0aTOen/VTz8/uKNOtTH3AX0XqTOdorsRGZhf4AuVHA7.nnC', NULL, 'General Affair', 'Receptionist', NULL, '2019-04-23 15:26:53', 1, '2019-04-23 09:26:52'),
(461, '2019-04-23 09:18:10', '2019-04-23 15:18:13', NULL, 'XIOGDM', 'uploads/image_profile/461-1556003893.jpg', 'Retno Ayu Ningrum', 'retno.ningrum@tiket.com', NULL, '$2y$10$vKDvDHE7lPprFg08ogo/2O8DR33GynskZ7NAP1oYoX1uAwZOFLN26', NULL, 'Legal', 'Legal Administration', NULL, '2019-04-23 15:17:13', 1, '2019-04-23 09:26:52'),
(462, '2019-04-23 09:18:10', '2019-04-26 19:16:53', NULL, 'IW4KGI', NULL, 'Reza Karunia', 'reza.karunia@tiket.com', NULL, '$2y$10$BfWH6QlZbEdrqegMH2oVguXAzdgsQQiwC7/A2z6amWgCMPgypPYti', NULL, 'Developer', 'SEO Content Writer', NULL, '2019-04-26 19:16:53', 1, '2019-04-23 09:26:52'),
(463, '2019-04-23 09:18:10', '2019-04-23 16:24:18', NULL, 'WQBEOX', NULL, 'Ria Putri Santoso', 'ria.santoso@tiket.com', NULL, '$2y$10$4NZchQB.r7arAnQuVZudze7jjxqfzB.Y0enNPgPzSRaO2/dkwVVa2', 'WQBEOX', 'Human Resources and General Affair', 'Talent Acquisition Specialist', NULL, '2019-04-23 15:19:20', 1, '2019-04-23 09:26:52'),
(464, '2019-04-23 09:18:10', '2019-04-23 15:13:45', NULL, 'SZZMH5', NULL, 'Richa Aulisa Rosniawaty', 'richa.aulisa@tiket.com', NULL, '$2y$10$qnYlA2qrcnJo4SDBH2ZxYOLl.gNrI.TUE9i3E02IOozG3BejC8xtq', NULL, 'Compliance', 'Compliance Staff', NULL, '2019-04-23 15:13:45', 1, '2019-04-23 09:26:52'),
(465, '2019-04-23 09:18:10', '2019-04-23 15:14:45', NULL, 'AZNFJ3', NULL, 'Richard', 'richard.lyu@tiket.com', NULL, '$2y$10$jBd4cb85fgCE6BFI68V6OesxIVzZLelHEbuyqkDNbcIErK7mYKlHK', NULL, 'Technology', 'Senior Product Manager', NULL, '2019-04-23 15:14:45', 1, '2019-04-23 09:26:52'),
(466, '2019-04-23 09:18:10', '2019-04-23 19:29:59', NULL, 'ZLIEVW', NULL, 'Ricky Anwar', 'ricky.anwar@tiket.com', NULL, '$2y$10$RDuGP2lI0BU5FkhTstCCTO1RzF15w34cc4brLaJMrJyoZ5iGC9jaS', NULL, 'Development', 'IT Support', NULL, '2019-04-23 19:29:03', 1, '2019-04-23 09:26:52'),
(467, '2019-04-23 09:18:10', '2019-04-23 14:51:06', NULL, 'MZ4VTJ', NULL, 'Rifqi Satya Adhyasa', 'rifqi.adhyasa@tiket.com', NULL, '$2y$10$Cy.JMbs.OS5a6l3FTfmMBOw2HtMoqcboid1AKBOeb9PDiGiYmtKC6', NULL, 'People', 'Employee Culture & Engagement', NULL, '2019-04-23 14:51:06', 1, '2019-04-23 09:26:52'),
(468, '2019-04-23 09:18:10', '2019-04-23 14:25:29', NULL, 'WLSRPQ', NULL, 'Rifqi Wisnu Aryawardhana', 'rifqi.aryawardhana@tiket.com', NULL, '$2y$10$7.JpPns3q52vfIwlfjnd2Oy.WX5iqnDKMXn7wOSGa6cu8aRIbtOGO', 'WLSRPQ', 'Product', 'Growth Analyst', NULL, '2019-04-23 14:25:29', 1, '2019-04-23 09:26:52'),
(469, '2019-04-23 09:18:10', '2019-04-26 17:29:10', NULL, '5IOZ4U', NULL, 'Rika Rostika', 'rika.rostika@tiket.com', NULL, '$2y$10$ZyZpF0fbAoaDC1vxWEidfO5A0n58NfTscac//4MEF3rA2ffhqGH7u', NULL, 'B2B', 'Sales Executive', NULL, '2019-04-26 17:29:10', 1, '2019-04-23 09:26:52'),
(470, '2019-04-23 09:18:10', '2019-04-23 09:26:52', NULL, 'HML3F6', NULL, 'Rikad Akbar Ramadhan', 'rikad.ramadhan@tiket.com', NULL, NULL, 'HML3F6', 'Developer', 'Backend Engineer', NULL, NULL, 1, '2019-04-23 09:26:52'),
(471, '2019-04-23 09:18:10', '2019-04-23 16:21:41', NULL, 'DQ9ALZ', NULL, 'Rikanti Puspa', 'rikanti.puspa@tiket.com', NULL, '$2y$10$CPYq0xvwvySKuyj3a7f2aeMJpFYgq4KFkl5sd4A9yLlPmp3qoxevi', NULL, 'Hotel', 'Market Executive', NULL, '2019-04-23 16:21:41', 1, '2019-04-23 09:26:52'),
(472, '2019-04-23 09:18:10', '2019-04-24 10:30:50', NULL, 'BXNDSX', NULL, 'Risa Kurniawan', 'risa.kurniawan@tiket.com', NULL, '$2y$10$XBbmyOD7GPe5mWT1hoHjq.fZPFvPdgmQfdZ2eC2cIiSs4n1nURvsC', NULL, 'Commercial', 'Bank Partnership', NULL, '2019-04-24 10:30:50', 1, '2019-04-23 09:26:52'),
(473, '2019-04-23 09:18:10', '2019-04-23 15:18:40', NULL, '6P4721', NULL, 'Risha Hardiana Devi', 'risha@tiket.com', NULL, '$2y$10$xKWso6njk3Sb//YxDNckFecK7xzUMgee7Dhq3rk1.zBn3nY65fY.C', NULL, 'Finance Accounting', 'Finance Operasional Staff', NULL, '2019-04-23 15:18:40', 1, '2019-04-23 09:26:52'),
(474, '2019-04-23 09:18:10', '2019-04-24 17:34:21', NULL, 'RTJSHS', NULL, 'Riska Andriana', 'riska.andriana@tiket.com', NULL, '$2y$10$IfSs.VtZCl0kJXKvH37/HOtWOkm/HAOKrDZUXYznPK58FesyRP9Ga', NULL, 'Commercial', 'Associate Market Manager, Bandung', NULL, '2019-04-24 17:34:21', 1, '2019-04-23 09:26:52'),
(475, '2019-04-23 09:18:10', '2019-04-23 16:52:01', NULL, 'TKDBVF', NULL, 'Riskon Fauzi Nasution', 'riskon.fauzi@tiket.com', NULL, '$2y$10$J9VPwU9acAJbujaBqKOvm.VOn73CvBO.UB4q5dSi9qwvarBvwPecy', NULL, 'B2B', 'Sales Executive', NULL, '2019-04-23 16:52:01', 1, '2019-04-23 09:26:52'),
(476, '2019-04-23 09:18:10', '2019-04-23 14:42:48', NULL, 'O4TIPH', NULL, 'Rita Wijaya', 'rita.wijaya@tiket.com', NULL, '$2y$10$z0GaaL/Us8V7.bR3zMteteG5.I.qocNx0WmTYHnJ.rS4Td0VfZ1bG', NULL, 'Finance Accounting', 'Accounting & Reporting', NULL, '2019-04-23 14:42:48', 1, '2019-04-23 09:26:52'),
(477, '2019-04-23 09:18:10', '2019-04-23 14:18:05', NULL, 'BS0A4M', NULL, 'Rizka Febrian', 'rizka.febrian@tiket.com', NULL, '$2y$10$pIloPXfwoiLyss9MU9FEAuBIpXrgTOmYn.ROIj7K3kMWB23XkDeQm', 'BS0A4M', 'Product', 'UI Designer Supervisor', NULL, '2019-04-23 14:18:05', 1, '2019-04-23 09:26:52'),
(478, '2019-04-23 09:18:10', '2019-04-23 16:48:42', NULL, 'YLTUVL', NULL, 'Rizki Aditya Perdana', 'rizky.aditya@tiket.com', NULL, '$2y$10$VM5Rz6bBtoYhYJKePrdMfuSGuMGceRVl0bh0ysq2iyHMxNa9YLx42', NULL, 'Technology', 'Backend Engineer (Bandung)', NULL, '2019-04-23 16:48:42', 1, '2019-04-23 09:26:52'),
(479, '2019-04-23 09:18:10', '2019-04-23 16:03:36', NULL, 'GARLOK', NULL, 'Rizki Anjar Anggara', 'rizki.anggara@tiket.com', NULL, '$2y$10$FBNRBGJg34pFQF54UNr7muGkWsa4M.BGviTys4OaFl9wciITgR0zO', NULL, 'Commercial', 'AMM Product', NULL, '2019-04-23 16:03:36', 1, '2019-04-23 09:26:52'),
(480, '2019-04-23 09:18:10', '2019-04-23 09:26:52', NULL, 'QSQX6H', NULL, 'Rizki Halasan', 'rizki.halasan@tiket.com', NULL, NULL, 'QSQX6H', 'Dev', 'Intern', NULL, NULL, 1, '2019-04-23 09:26:52'),
(481, '2019-04-23 09:18:10', '2019-04-23 21:47:42', NULL, 'WZDM0P', NULL, 'Rizky Paundra', 'rizky.paundra@tiket.com', NULL, '$2y$10$E4pCFpKBKI5UV/fW6BZ5ae8MfrIbRq1jfsjlJ3OhdRk0eBjZOh2Zq', NULL, 'Human Resources', 'Recruitment Specialist', NULL, '2019-04-23 21:47:42', 1, '2019-04-23 09:26:52'),
(482, '2019-04-23 09:18:10', '2019-04-23 14:24:48', NULL, '5HPJQ2', NULL, 'Rizky Pradita Yudhiasri', 'rizky.pradita@tiket.com', NULL, '$2y$10$cLIkww1CegQXYFR11PzxqOVr76itSvrcrmxw1Ii91qaZqRJqtHP.C', NULL, 'Brand Marketing', 'Content Writer', NULL, '2019-04-23 14:24:48', 1, '2019-04-23 09:26:52'),
(483, '2019-04-23 09:18:10', '2019-04-27 07:06:16', NULL, 'W5EPT6', NULL, 'Robert Polana', 'robert@tiket.com', NULL, '$2y$10$ZJ9hOobrjBMHIJjT1vs1yOSIZoFXCNGYqExiXolcfFnj8Pb4.R/aW', NULL, 'Finance and Accounting', 'Chief Financial Officer', NULL, '2019-04-27 07:06:16', 1, '2019-04-23 09:26:52'),
(484, '2019-04-23 09:18:10', '2019-04-24 13:27:56', NULL, 'BDNIIQ', NULL, 'Romdoni Agung Purbayanto', 'romdoni.purbayanto@tiket.com', NULL, '$2y$10$ydyyHdM//mmdTIK73aRRRuXnhDFVMgDT7T.XFrhLOBv0.4FhFxQgq', NULL, 'Developer', 'Fronted Engineer', NULL, '2019-04-24 13:27:56', 1, '2019-04-23 09:26:52'),
(485, '2019-04-23 09:18:10', '2019-04-23 17:33:12', NULL, '0O2H5A', NULL, 'Ronggo Bagus Pambudi', 'ronggo.pambudi@tiket.com', NULL, '$2y$10$KCH1kWa9zPmrL2nPSjPjwOeiMhzpWfU0Hg/qLEYdhPbQDd9fX6ZpG', NULL, 'Communication', 'Performance Marketing', NULL, '2019-04-23 17:33:12', 1, '2019-04-23 09:26:52'),
(486, '2019-04-23 09:18:10', '2019-04-24 16:58:01', NULL, 'W0JMZD', NULL, 'Ronny Adi Saputra', 'ronny.saputra@tiket.com', '081317090139', '$2y$10$LXOcHZXJkmZUK5QnrzhgyuKv67LCXLHbRAa33ZsOcd8EbrUd.Cw7e', NULL, 'Communication', 'Motion Graphic Designer', 'EVT-0001', '2019-04-23 14:31:05', 1, '2019-04-23 09:26:52'),
(487, '2019-04-23 09:18:10', '2019-04-23 14:37:39', NULL, 'UMEUIV', NULL, 'Rudy Meganoviar Widodo', 'rudy@tiket.com', NULL, '$2y$10$A5i09afVlxW.3f1yyb2C4eFgzZvJOJFgQCq7cpomES3MwuQcYjetq', 'UMEUIV', 'Customer Relationship Management', 'Customer Relationship Management Manager', NULL, '2019-04-23 14:37:39', 1, '2019-04-23 09:26:52'),
(488, '2019-04-23 09:18:10', '2019-04-23 22:06:31', NULL, 'KT7UWC', NULL, 'Rudy Ondolan Pargirian Harahap', 'rudy.ondolan@tiket.com', NULL, '$2y$10$lCGCmmpaGXL5RF7TDerC5.Cysms/zLIFU71AGF9grlblg89Sx3kBa', NULL, 'Developer', 'Frontend Engineer', NULL, '2019-04-23 22:06:31', 1, '2019-04-23 09:26:52'),
(489, '2019-04-23 09:18:10', '2019-04-23 15:27:05', NULL, 'YQTHH7', NULL, 'Ryan Handy Priyadma', 'ryan.handy@tiket.com', NULL, '$2y$10$ZLTi.e3fiaA5XlfrbS4wNOmoWxHHLrDMBTrhv/ILSEytgSfDAmROS', 'YQTHH7', 'Product', 'Head of Product Design', NULL, '2019-04-23 15:27:05', 1, '2019-04-23 09:26:52'),
(490, '2019-04-23 09:18:10', '2019-04-23 17:25:08', NULL, 'Z9JYLN', NULL, 'Rytha Handayani', 'rytha@tiket.com', NULL, '$2y$10$41iwQqPw65ZDm8QQ2rLOiOhRgy.ezeYOSkf3XFVL1aRHfWIlzd/5.', NULL, 'Customer Care', 'Customer Care Administrator', NULL, '2019-04-23 17:23:51', 1, '2019-04-23 09:26:52'),
(491, '2019-04-23 09:18:10', '2019-04-23 14:25:31', NULL, 'HUAJ01', NULL, 'S. Cindy Sutrisno', 'cindy.sutrisno@tiket.com', NULL, '$2y$10$81BiUKm6xVs11xjY/OWaB.H70a13qRJNQatCmVsDymsctm0iMsafC', NULL, 'Technology', 'Business Intelligence Engineer', NULL, '2019-04-23 14:25:31', 1, '2019-04-23 09:26:52'),
(492, '2019-04-23 09:18:10', '2019-04-23 14:15:14', NULL, 'UWEMQ3', NULL, 'Sabrina Lutfia Craffitasari', 'sabrina.craffitasari@tiket.com', NULL, '$2y$10$r8ME5uJjJKWJMUcvYYCqQOOfrAV9O6OfVmg0tnLx0jYVHiRbb0XrW', NULL, 'Performance Marketing', 'Data Analsyt', NULL, '2019-04-23 14:15:14', 1, '2019-04-23 09:26:52'),
(493, '2019-04-23 09:18:10', '2019-04-23 19:17:06', NULL, 'CIRTFX', NULL, 'Safira Haris', 'safira@tiket.com', NULL, '$2y$10$4IEGAcv6AUmTpNEob40jWOdOini1go65c.VqWmrxiN9dHcXMwHIBS', NULL, 'General Affair', 'General Affairs Administrator', NULL, '2019-04-23 19:17:06', 1, '2019-04-23 09:26:52'),
(494, '2019-04-23 09:18:10', '2019-04-23 16:33:34', NULL, 'BLZLSE', NULL, 'Sahat Parulian Gultom', 'sahat@tiket.com', NULL, '$2y$10$tVFIzo64pBdi1WIRmWnMh.5HGd9Yw4brub0eH33i1yDOxCpl3P.s.', NULL, 'Hotel', 'Market Executive', NULL, '2019-04-23 16:33:34', 1, '2019-04-23 09:26:52'),
(495, '2019-04-23 09:18:10', '2019-04-23 09:26:52', NULL, 'S3GNHE', NULL, 'Salman Helmy', 'salman.helmy@tiket.com', NULL, NULL, 'S3GNHE', 'Entertainment', 'Attraction staff', NULL, NULL, 1, '2019-04-23 09:26:52'),
(496, '2019-04-23 09:18:10', '2019-04-23 09:26:52', NULL, 'B4DDVC', NULL, 'Salman Helmy', 'salman.helmi@tiket.com', NULL, NULL, 'B4DDVC', 'Entertainment', 'Attraction staff', NULL, NULL, 1, '2019-04-23 09:26:52'),
(497, '2019-04-23 09:18:10', '2019-04-24 11:57:58', NULL, '4UV6LF', 'uploads/image_profile/497-1556078277.jpg', 'Samad', 'samad@tiket.com', NULL, '$2y$10$lpTxxAOc4m.fXD.78f1xnuodGnmlPJ6V3e4nBf3Y00wMoP02q3EIa', NULL, 'Product', 'UI Designer', NULL, '2019-04-24 11:56:02', 1, '2019-04-23 09:26:52'),
(498, '2019-04-23 09:18:10', '2019-04-23 14:22:51', NULL, 'MOD440', NULL, 'Sandar Klinton', 'sandar.klinton@tiket.com', NULL, '$2y$10$OI1xl0slz.yveSW9sBNbQ.z48b1bOjfrkNqUQjCL/47WXfr/kVK1.', NULL, 'Technology', 'Backend Engineer', NULL, '2019-04-23 14:22:51', 1, '2019-04-23 09:26:52'),
(499, '2019-04-23 09:18:10', '2019-04-25 10:44:35', NULL, 'ZZPKHI', NULL, 'Sandi Tanjaya', 'sandi@tiket.com', NULL, '$2y$10$SJ7hCRTuljsPicluY7V9KOF8AJR3/Brsk87OmfGrmz1HG1/G3JwSy', NULL, 'Operational Technology', 'Technical Support for Customer Services', NULL, '2019-04-25 10:44:35', 1, '2019-04-23 09:26:52'),
(500, '2019-04-23 09:18:10', '2019-04-23 14:41:33', NULL, 'LVLRVW', NULL, 'Sandra Kartika', 'sandra.kartika@tiket.com', NULL, '$2y$10$THN4WZVc/9iOG.JL6RvuEuPlaZLP7lUa/3yyyEFQb6G7tt/V.zF6C', NULL, 'General Affair', 'Receptionist', NULL, '2019-04-23 14:41:33', 1, '2019-04-23 09:26:52'),
(501, '2019-04-23 09:18:10', '2019-04-23 16:06:42', NULL, 'TDOTIO', NULL, 'Sandro Brayen Poluan', 'sandro.poluan@tiket.com', NULL, '$2y$10$rL9spzVUZJTerLGbqaDbIOPBx6R6wx1nxquiRuTO/.AqkhcXVZ91y', NULL, 'Developer', 'Backend Engineer', NULL, '2019-04-23 16:06:42', 1, '2019-04-23 09:26:52'),
(502, '2019-04-23 09:18:10', '2019-04-23 14:24:34', NULL, 'BOYBZ6', NULL, 'Sarah Oktavina', 'sarah.oktavina@tiket.com', NULL, '$2y$10$Q85OxDcvy6RzwItUAZbPpOX4A1JQp.vYsPmtX1.KoKDuADGFtc5cO', NULL, 'Communication', 'Acquisition Specialist', NULL, '2019-04-23 14:24:34', 1, '2019-04-23 09:26:52'),
(503, '2019-04-23 09:18:10', '2019-04-25 12:48:14', NULL, 'QL1KQL', NULL, 'Sarah Sajaratun Durry', 'sarah.sajaratun@tiket.com', NULL, '$2y$10$CY1EAzEP/.VPv4oIUw6D6ORsdOsPAtlpGFJtKjxj/X.QzhV9wDTZO', NULL, 'Technology', 'Fraud Administrator', NULL, '2019-04-25 12:48:14', 1, '2019-04-23 09:26:52'),
(504, '2019-04-23 09:18:10', '2019-04-23 09:26:52', NULL, 'UIKSK4', NULL, 'Sari Fauziah', 'sari.fauziah@tiket.com', NULL, NULL, 'UIKSK4', 'Customer Care', 'Customer Care Administrator', NULL, NULL, 1, '2019-04-23 09:26:52'),
(505, '2019-04-23 09:18:10', '2019-04-24 16:41:39', NULL, 'JAK1GD', NULL, 'Sari Megayanti', 'sari@tiket.com', NULL, '$2y$10$j7/qe5Xv149UbBWf2JprJO79RfB0xHF6pPg4YGPKq8HQXSJ3OrGK2', NULL, 'Transportation', 'LCC & Native Supervisor', NULL, '2019-04-24 16:41:39', 1, '2019-04-23 09:26:52'),
(506, '2019-04-23 09:18:10', '2019-04-23 09:26:52', NULL, '7HLRC6', NULL, 'Satrya Rangga Buana', 'satrya.rangga@tiket.com', NULL, NULL, '7HLRC6', 'Development', 'Frontend Engineer', NULL, NULL, 1, '2019-04-23 09:26:52'),
(507, '2019-04-23 09:18:10', '2019-04-23 14:17:23', NULL, '6NQC2W', NULL, 'Selviana Pratiwi', 'selviana.pratiwi@tiket.com', NULL, '$2y$10$1b5fVYrMpdh/JJz2XZimNu7ziE.Ln8YfQL17hArU5OHMNrOS92P82', NULL, 'Technology', 'Jr. Backend Engineer', NULL, '2019-04-23 14:17:23', 1, '2019-04-23 09:26:52'),
(508, '2019-04-23 09:18:10', '2019-04-23 22:20:07', NULL, 'ERRA64', NULL, 'Sembiring Ivandra Oktovan', 'sembiring.oktovan@tiket.com', NULL, '$2y$10$AUqOa15x1Nich6sc4ywlJuRHCLBQ54rRWdthpc223uo4laCYhjZNe', NULL, 'Developer', 'Jr. Backend Engineer', NULL, '2019-04-23 22:20:07', 1, '2019-04-23 09:26:52'),
(509, '2019-04-23 09:18:10', '2019-04-23 23:24:15', NULL, 'GMRYOC', NULL, 'Setiady Wiguna', 'setiady@tiket.com', NULL, '$2y$10$/NvxueljEJ4Vcqe1zS3HFO89eU0QSmVFBkrt5hIBUBDf00G6bcG8G', 'GMRYOC', 'Mobile Development', 'IOS Lead Engineer', NULL, '2019-04-23 23:24:15', 1, '2019-04-23 09:26:52'),
(510, '2019-04-23 09:18:10', '2019-04-24 04:19:22', NULL, 'PNKVH6', NULL, 'Sevira Arta', 'sevira@tiket.com', NULL, '$2y$10$ZcXd/Ksj/PDK8jgLyLMjrOcFS5a45e.sUivl6/j8qIS5y7KRqlwSi', NULL, 'Customer Care', 'Customer Care Agent - Inbound call', NULL, '2019-04-24 04:19:22', 1, '2019-04-23 09:26:52'),
(511, '2019-04-23 09:18:10', '2019-04-23 17:46:03', NULL, 'IBEJZS', NULL, 'Shandy Murethy', 'shandy@tiket.com', NULL, '$2y$10$k/adNrmaQoPVmYLIBJ4qDuq8rWsLjNFF3pMnJD9C3aP4dwRsJCJui', NULL, 'Brand Marketing', 'Sr. Creative Graphic Designer', NULL, '2019-04-23 17:46:03', 1, '2019-04-23 09:26:52'),
(512, '2019-04-23 09:18:10', '2019-04-23 21:58:19', NULL, 'KPLNXB', 'uploads/image_profile/512-1556027899.jpg', 'Shelby Sow', 'shelby@tiket.com', NULL, '$2y$10$LYtzTKnKrawR9iEQfVDeqOyFhEiSZr3FpEIbbRLwq2YSdsGxUdJs6', NULL, 'Commercial', 'Sr Manager Malaysia', NULL, '2019-04-23 21:56:59', 1, '2019-04-23 09:26:52'),
(513, '2019-04-23 09:18:10', '2019-04-23 15:31:56', NULL, 'UTQHKG', NULL, 'Shelly Chang', 'shelly.chang@tiket.com', NULL, '$2y$10$egRz7zF9L8CbVTgIncnDSOkVS4/D8zdATG.WNDImSTTxbtVDnXgxy', NULL, 'Communication', 'International Ticketing Staff', NULL, '2019-04-23 15:31:56', 1, '2019-04-23 09:26:52'),
(514, '2019-04-23 09:18:10', '2019-04-23 16:57:18', NULL, '47IDOF', NULL, 'Shinta Agathalia', 'shinta.agathalia@tiket.com', NULL, '$2y$10$7Gp1tw3LlMv6Gq5TjJJ96ege2uZjWfR/1tUol6ZpPX4QQg2C1nGHy', NULL, 'Technology', 'Software Quality Assurance (Intern)', NULL, '2019-04-23 16:57:18', 1, '2019-04-23 09:26:52'),
(515, '2019-04-23 09:18:10', '2019-04-24 17:57:55', NULL, 'SOWEVM', NULL, 'Siddik Purnomo', 'siddik.purnomo@tiket.com', NULL, '$2y$10$5B4DgZNGv8BPMghb4L0bl..0FdIvUk7iWPX.mnWCT8cZaxmHtnaAa', NULL, 'Technology', 'DevOps', NULL, '2019-04-24 17:57:55', 1, '2019-04-23 09:26:52'),
(516, '2019-04-23 09:18:10', '2019-04-23 14:57:57', NULL, 'CANLNB', NULL, 'Silvani Puji Hastuti', 'silvani.puji@tiket.com', NULL, '$2y$10$QiaH94JAUekq/xaFjjF8ouBw71OGx9sllyWNv1ABG8TlZaCdOH9PS', NULL, 'Communication', 'International Ticketing Staff', NULL, '2019-04-23 14:57:57', 1, '2019-04-23 09:26:52'),
(517, '2019-04-23 09:18:10', '2019-04-23 15:58:12', NULL, 'K1RYAW', NULL, 'Siska Paulina Hutauruk', 'siska@tiket.com', NULL, '$2y$10$vhQdvucIRmlAcdEvcnpbpummDstiae9S0MkGK7Y46NJ6AWKZPpW/u', NULL, 'Hotel', 'Associate Market Manager', NULL, '2019-04-23 15:58:12', 1, '2019-04-23 09:26:52'),
(518, '2019-04-23 09:18:10', '2019-04-23 14:35:59', NULL, 'AYIGJW', NULL, 'Siswo Harsoyo', 'siswo@tiket.com', NULL, '$2y$10$KHsKDjwiFGVTdvWbBa4OXegIaotl0ntcZQV/7DGaTmgjOGyNF8GY6', NULL, 'Accounting', 'Accounting Revenue & Refund Supervisor', NULL, '2019-04-23 14:35:59', 1, '2019-04-23 09:26:52'),
(519, '2019-04-23 09:18:10', '2019-04-23 09:26:52', NULL, '3U23JP', NULL, 'Slamet Rivai', 'slamet.rivai@tiket.com', NULL, NULL, '3U23JP', 'Communication', 'Contact Center Team Leader', NULL, NULL, 1, '2019-04-23 09:26:52'),
(520, '2019-04-23 09:18:10', '2019-04-23 09:26:52', NULL, 'BVMMJZ', NULL, 'Sonza Kusuma', 'sonza.kusuma@tiket.com', NULL, NULL, 'BVMMJZ', 'Communication', 'QA', NULL, NULL, 1, '2019-04-23 09:26:52'),
(521, '2019-04-23 09:18:10', '2019-04-23 14:54:41', NULL, '5JZ1XQ', NULL, 'Sri Pusponegoro', 'sri.pusponegoro@tiket.com', NULL, '$2y$10$EZJ/td5UlMBzblWJX/.NSOB2NbtYTqrUpDmD7qkmq9VYP/39LvW6G', '5JZ1XQ', 'Technology', 'Backend Engineer', NULL, '2019-04-23 14:54:41', 1, '2019-04-23 09:26:52'),
(522, '2019-04-23 09:18:10', '2019-04-23 15:56:55', NULL, 'CRB2HP', NULL, 'Stefanus Wibowo', 'stefanus@tiket.com', NULL, '$2y$10$w0yjDD6LxdAjcE9IOPrBheaQGLAHgJXzK2ifKkqaCrSgcAq6CtMCy', NULL, 'Mobile Development', 'Android Engineer', NULL, '2019-04-23 15:27:57', 1, '2019-04-23 09:26:52'),
(523, '2019-04-23 09:18:10', '2019-04-26 09:10:58', NULL, '0PMTDS', NULL, 'Stephanus Irwan Bramantyo', 'irwan.bramantyo@tiket.com', NULL, '$2y$10$7c.JX8TrnhqZg2t9zM2F/uhkLLurrrkFfu2TWDg.WwhzHDg46LEx6', NULL, 'Hotel', 'Associate Market Manager', NULL, '2019-04-26 09:10:58', 1, '2019-04-23 09:26:52'),
(524, '2019-04-23 09:18:10', '2019-04-25 12:32:10', NULL, 'ZLVBXY', NULL, 'Stephen', 'stephen.wang@tiket.com', NULL, '$2y$10$xSTjFvGGOCYZ7T46iN13ju2axx4EM7bqCfF5wPetzdh8BAcpy8JV.', 'ZLVBXY', 'Technology', 'Backend Engineer', NULL, '2019-04-25 12:32:10', 1, '2019-04-23 09:26:52'),
(525, '2019-04-23 09:18:10', '2019-04-23 09:26:52', NULL, 'GTTOAL', NULL, 'Steve Vinsensius Jo', 'steve.jo@tiket.com', NULL, NULL, 'GTTOAL', 'Developer', 'Internship', NULL, NULL, 1, '2019-04-23 09:26:52'),
(526, '2019-04-23 09:18:10', '2019-04-23 16:42:12', NULL, 'D4XQ3H', 'uploads/image_profile/526-1555993050.jpg', 'Steven Joan', 'steven.joan@tiket.com', '081223449451', '$2y$10$lthRBdeE7rGtkGO4Wu8eXezJPFUCV3Csqk/VTCYl8718B2zpuKs0K', 'D4XQ3H', 'Product', 'UI Designer', 'EVT-0001', '2019-04-23 16:42:12', 1, '2019-04-23 09:26:52'),
(527, '2019-04-23 09:18:10', '2019-04-23 15:37:19', NULL, '0LXHXO', NULL, 'Sugirwo', 'sugirwo@tiket.com', NULL, '$2y$10$lbUH9dg.x0h4J22kEQC5xuEmbl43bw2jLVq6J8YkIyTga8QnRjdga', NULL, 'B2C', 'Sr. Business Analyst', NULL, '2019-04-23 15:37:19', 1, '2019-04-23 09:26:52'),
(528, '2019-04-23 09:18:10', '2019-04-23 14:14:46', NULL, 'S9NIPH', NULL, 'Sukoreno Mukti Widodo', 'sukoreno.mukti@tiket.com', NULL, '$2y$10$C646zlxYPG98MKgW3mRCAuih0473sTN5nCEyycyYe/PctsDv7Oa5q', NULL, 'Development', 'Backend Engineer', NULL, '2019-04-23 14:14:46', 1, '2019-04-23 09:26:52'),
(529, '2019-04-23 09:18:10', '2019-04-23 14:26:50', NULL, 'G8KRXG', NULL, 'Sullivan Osmond Liemanjaya', 'osmond@tiket.com', NULL, '$2y$10$4xRFus.XZu70aaBS454qteVysIYiGpgy9hJ7Tm2P4Tkdd7P5tCVyO', NULL, 'Mobile Development', 'Frontend Engineer', NULL, '2019-04-23 14:26:50', 1, '2019-04-23 09:26:52');
INSERT INTO `member` (`id`, `created_at`, `updated_at`, `deleted_at`, `code`, `image`, `name`, `email`, `phone`, `password`, `forgot_password`, `company`, `departement`, `id_number`, `last_login`, `send_email`, `last_send_email`) VALUES
(530, '2019-04-23 09:18:10', '2019-04-25 17:22:01', NULL, 'JZSA7D', NULL, 'Sungkowo Galih Lianto', 'galih@tiket.com', NULL, '$2y$10$vhJdy1dWl7Y1YjZMRiuvJO6uTqzhQiqjgNWftq9m4xaSvEe1zdSpe', NULL, 'Customer Care', 'Team Leader Customer Care', NULL, '2019-04-25 17:22:01', 1, '2019-04-23 09:26:52'),
(531, '2019-04-23 09:18:10', '2019-04-23 14:28:10', NULL, 'VWCDXC', NULL, 'Supardi', 'supardi@tiket.com', NULL, '$2y$10$YCTbYEtzRyLusX7VJvqsG.jpe/s8R7VsMY3jThmycMU4o/HqBTb9S', NULL, 'Developer', 'Sr. Data Engineer', NULL, '2019-04-23 14:28:10', 1, '2019-04-23 09:26:52'),
(532, '2019-04-23 09:18:10', '2019-04-23 17:33:05', NULL, 'HSRQNA', NULL, 'Supriatno Ristanto', 'supriatno.ristanto@tiket.com', NULL, '$2y$10$XxMldme7SF2tPT3.qqALf..VZjVx8unjs2CgSC.MU.R0FRIYvXzFi', 'HSRQNA', 'Accounting', 'Tax Supervisor', NULL, '2019-04-23 17:33:05', 1, '2019-04-23 09:26:52'),
(533, '2019-04-23 09:18:10', '2019-04-24 19:31:45', NULL, 'XWTOX7', NULL, 'Susetyo Aribowo', 'susetyo.aribowo@tiket.com', NULL, '$2y$10$3Q/fm0kmwgD0aHilnYYUBu86oB5IfABYfAjypFJGA7wxmJYaEDuoi', NULL, 'Development', 'Frontend Engineer', NULL, '2019-04-24 19:31:45', 1, '2019-04-23 09:26:52'),
(534, '2019-04-23 09:18:10', '2019-04-24 14:35:54', NULL, 'ZNFIOR', NULL, 'Syaifulloh', 'syaifulloh@tiket.com', NULL, '$2y$10$6qJ1L1OLTCEya86wP5gXteRBhZGecPFUgTCnOd8MXx6JUS48BGRD2', NULL, 'SQA and Technical Writer', 'SQA', NULL, '2019-04-24 14:35:54', 1, '2019-04-23 09:26:52'),
(535, '2019-04-23 09:18:10', '2019-04-24 15:07:07', NULL, 'EHDF9M', NULL, 'Syifaul Husni', 'syifaul.husni@tiket.com', NULL, '$2y$10$DuGC5HQFOuWjTJggbN88M.jsay/j8mbWXh.sYT1YGoMnLJAS7jobC', NULL, 'Transportation', 'GDS & Legacy Staff', NULL, '2019-04-24 15:07:07', 1, '2019-04-23 09:26:52'),
(536, '2019-04-23 09:18:10', '2019-04-23 19:33:28', NULL, '0EINYQ', NULL, 'Taufiq Abdillah', 'taufiq.abdilla@tiket.com', NULL, '$2y$10$focHECbgwXzNkS0sB1AlOOZ0fgFAb4JFvwdbebW.y2iBtYEb9w/J6', NULL, 'Accounting', 'Bank Reconciliation Staff', NULL, '2019-04-23 19:33:28', 1, '2019-04-23 09:26:52'),
(537, '2019-04-23 09:18:10', '2019-04-23 17:42:25', NULL, 'JP8N7Q', NULL, 'Teddy Sugianto', 'teddy.sugianto@tiket.com', NULL, '$2y$10$lWLUukgO.in39VQIj3TIH.IP9/t4Cdq4IO/81UiuOGWUCeG.FCuti', NULL, 'Commercial', 'Senior Market Manager Non - Hotel Accomodation', NULL, '2019-04-23 17:42:25', 1, '2019-04-23 09:26:52'),
(538, '2019-04-23 09:18:10', '2019-04-24 13:16:01', NULL, 'B0WTJ8', NULL, 'Teguh Ginanjar', 'teguh.ginanjar@tiket.com', NULL, '$2y$10$.0iafzu4gdrupRrqAO080OsjTYs.Iyb5ZnOkIGYmjR96XjHESkLY6', NULL, 'Mobile Development', 'IOS Developer', NULL, '2019-04-24 13:16:01', 1, '2019-04-23 09:26:52'),
(539, '2019-04-23 09:18:10', '2019-04-24 12:48:27', NULL, '5OSD6L', NULL, 'Tengku Rasdisyah', 'tengku.rasdisyah@tiket.com', NULL, '$2y$10$XnZ5X06mbQcZHDkVN6V3VOSu2PULkoc7UZBG2yBXGcXWN6ZzGrojG', NULL, 'Transportation', 'Car Rental Executive', NULL, '2019-04-24 12:48:27', 1, '2019-04-23 09:26:52'),
(540, '2019-04-23 09:18:10', '2019-04-23 14:20:51', NULL, 'CSBKEN', NULL, 'Teodora Cikita Oktapiani Putri', 'teodora.cikita@tiket.com', NULL, '$2y$10$jVU3JX6Wynw5PDjW0f0e9OoHsSk04oyzEv7n.lnsysYgxLxVY3JKO', NULL, 'Commercial', 'Market Executive Bali', NULL, '2019-04-23 14:20:51', 1, '2019-04-23 09:26:52'),
(541, '2019-04-23 09:18:10', '2019-04-23 14:18:21', NULL, 'YMZQVS', NULL, 'Theresia Ing Sunardi', 'theresia.sunardi@tiket.com', NULL, '$2y$10$7YkppTjQLt0aQDtsHaRBfuhOfHCun1Ilv2vBvCqvv5NrXZ09Gr91y', NULL, 'Communication', 'User Engagement', NULL, '2019-04-23 14:18:21', 1, '2019-04-23 09:26:52'),
(542, '2019-04-23 09:18:10', '2019-04-23 21:46:27', NULL, 'TAHNJW', NULL, 'Theresia Puji', 'theresia.lestari@tiket.com', NULL, '$2y$10$szw7hI9EFktaNfvj6xcegON1lfiBNybkDoiWi16qAdbt9JGjpgiIq', NULL, 'HRGA', 'Organization Development Lead', NULL, '2019-04-23 21:46:27', 1, '2019-04-23 09:26:52'),
(543, '2019-04-23 09:18:10', '2019-04-23 09:26:52', NULL, 'JBHWR3', NULL, 'Thia Komalasari', 'thia.komalasari@tiket.com', NULL, NULL, 'JBHWR3', 'Accounting', 'Revenue & Refund Staff', NULL, NULL, 1, '2019-04-23 09:26:52'),
(544, '2019-04-23 09:18:10', '2019-04-23 09:26:52', NULL, 'YF9WPJ', NULL, 'Tifanny Tjiptoning', 'tifanny@tiket.com', NULL, NULL, 'YF9WPJ', 'Business Intelligence', 'VP of Business Intelligence, Data Analytics & Strategy', NULL, NULL, 1, '2019-04-23 09:26:52'),
(545, '2019-04-23 09:18:10', '2019-04-24 16:25:12', NULL, 'FTQGOE', NULL, 'Titis Rizki Akbar', 'titis.akbar@tiket.com', NULL, '$2y$10$GbPDq2GAKtbcgs4xmYxJ2uDGRfcc4wgzvk/6902NexzLxbE4yu7Gq', NULL, 'Technology', 'Junior Backend Engineer', NULL, '2019-04-24 16:25:12', 1, '2019-04-23 09:26:52'),
(546, '2019-04-23 09:18:10', '2019-04-24 02:01:10', NULL, 'DPZQU5', NULL, 'Tjiu Suryanto', 'tjiu@tiket.com', NULL, '$2y$10$/gBxp3kiIBuPGd.5nhq46uS70YK2kt94DEaVg6dC0hzg0Fl3p3F8W', NULL, 'Technology', 'VP Engineering', NULL, '2019-04-24 02:01:10', 1, '2019-04-23 09:26:52'),
(547, '2019-04-23 09:18:10', '2019-04-23 14:13:53', NULL, 'QR3C5Y', NULL, 'Tommy Fadillah', 'tommy.fadillah@tiket.com', NULL, '$2y$10$Fm3bBAh1JgqqT4oSVRt8juCCBZst4ifF7o7zDhJ3t3g7P0SiFh2iu', NULL, 'Development', 'Scrum Master Manager', NULL, '2019-04-23 14:13:53', 1, '2019-04-23 09:26:52'),
(548, '2019-04-23 09:18:10', '2019-04-23 21:22:09', NULL, 'SNFINP', NULL, 'Tresya Trinita', 'tresya@tiket.com', NULL, '$2y$10$745Vg0XJe/nOU03zl.maV.I.wqzaDxfQhF/GrCi8QqU/df1gTHiTK', NULL, 'Customer Care', 'Customer Care Agent - Livechat', NULL, '2019-04-23 21:09:32', 1, '2019-04-23 09:26:52'),
(549, '2019-04-23 09:18:10', '2019-04-23 18:50:52', NULL, '1BOJPZ', NULL, 'Tri Gustiani', 'tri.gustiani@tiket.com', NULL, '$2y$10$eB1RQl1NfVNLF5ERI8thweHWNvXybBt28f115jEE84g3ODCkByv6i', NULL, 'Commercial', 'Associate Market Manager', NULL, '2019-04-23 18:50:52', 1, '2019-04-23 09:26:52'),
(550, '2019-04-23 09:18:10', '2019-04-23 15:01:11', NULL, 'RKLEOC', NULL, 'Tri Susanti', 'tri.susanti@tiket.com', NULL, '$2y$10$EuHCyB4pPF/CyZcsBbVsTegWAJ/fc53vEdpscX2docLcg74MTPHXK', NULL, 'General Affair', 'General Affairs Administration Supervisor', NULL, '2019-04-23 15:01:11', 1, '2019-04-23 09:26:52'),
(551, '2019-04-23 09:18:10', '2019-04-23 14:22:21', NULL, 'KRYGCY', NULL, 'Triyatno Sulis', 'triyatno.sulis@tiket.com', NULL, '$2y$10$QtrOguTQe9U.cC7BG55xhuSy3YEK2QUxM2QXmrUI3yY0i5wh1sgry', NULL, 'Development', 'Backend Engineer', NULL, '2019-04-23 14:22:21', 1, '2019-04-23 09:26:52'),
(552, '2019-04-23 09:18:10', '2019-04-23 16:13:19', NULL, 'XOUIXK', NULL, 'Tuti Andrias', 'tuti.andrias@tiket.com', NULL, '$2y$10$N5JFs7aRcetAkeDUD3zft.7yVp/ILKJhDYC8T0rk8YdZXaOhVhk5S', NULL, 'Commercial', 'Market Manager Bodetabek', NULL, '2019-04-23 16:13:19', 1, '2019-04-23 09:26:52'),
(553, '2019-04-23 09:18:10', '2019-04-23 16:45:17', NULL, 'GNWOKH', NULL, 'Ummu Kalsum', 'ummu.kalsum@tiket.com', NULL, '$2y$10$q/QUu34qLBKE3wjMfsswH.Kb47SoYG/TFcxF/EByon7h/O6cxvPj.', NULL, 'Hotel', 'MM Kalimantan', NULL, '2019-04-23 16:45:17', 1, '2019-04-23 09:26:52'),
(554, '2019-04-23 09:18:10', '2019-04-23 14:13:24', NULL, 'MDADQT', NULL, 'Unggul Arlin Wiryanto', 'unggul.wiryanto@tiket.com', NULL, '$2y$10$uOk6O7QlJvxpIckTcHnomewIXlmCHqXDmYsIlwUCt6eQW1rd251u2', NULL, 'Developer', 'Backend Engineer', NULL, '2019-04-23 14:13:24', 1, '2019-04-23 09:26:52'),
(555, '2019-04-23 09:18:10', '2019-04-26 01:29:22', NULL, 'IVXJP4', 'uploads/image_profile/555-1556213355.jpg', 'Utiyah', 'utiyah@tiket.com', '081584464022', '$2y$10$nnj3C6oOd64HJ042H89wxeUigajckHcumNuBeidB3aRcqEMr/yIlu', NULL, 'B2C', 'Partnership', NULL, '2019-04-26 01:26:17', 1, '2019-04-23 09:26:52'),
(556, '2019-04-23 09:18:10', '2019-04-23 15:18:15', NULL, 'ETPHHX', NULL, 'Valonia Inge Santoso', 'valonia@tiket.com', NULL, '$2y$10$w47FLp8C7rCk.rax/Xen8OwBPCmTr60FQUTy.v/myTFraUHB4cnwq', NULL, 'SQA and Technical Writer', 'SQA', NULL, '2019-04-23 15:18:15', 1, '2019-04-23 09:26:52'),
(557, '2019-04-23 09:18:10', '2019-04-23 14:44:39', NULL, 'WR8HNN', NULL, 'Verdy Yordan', 'verdy.yordan@tiket.com', NULL, '$2y$10$GW1vTq3ImiGCBewewj0n4ObFBz04W9GMquEpDy677wVApMBQyAAYS', 'WR8HNN', 'Technology', 'Backend Engineer', NULL, '2019-04-23 14:44:39', 1, '2019-04-23 09:26:52'),
(558, '2019-04-23 09:18:10', '2019-04-23 17:06:31', NULL, 'SSGKDH', NULL, 'Verisky Mega Jaya', 'verisky.jaya@tiket.com', NULL, '$2y$10$nJ.fkWw3X9LgepAk3tIMn.m0QJ7Mi.Yq5buO.1smkWtg4BG7ZcKca', NULL, 'Technology', 'Jr. DevOps', NULL, '2019-04-23 17:06:31', 1, '2019-04-23 09:26:52'),
(559, '2019-04-23 09:18:10', '2019-04-23 09:26:52', NULL, 'FRX85A', NULL, 'Veronica Wijayanthy', 'veronica.wijayanthy@tiket.com', NULL, NULL, 'FRX85A', 'Product', 'UI UX Designer', NULL, NULL, 1, '2019-04-23 09:26:52'),
(560, '2019-04-23 09:18:10', '2019-04-23 14:11:37', NULL, 'HXEBDA', NULL, 'Vici Tritella Carmida', 'vici.carmida@tiket.com', NULL, '$2y$10$d2PmZ2xTC1sMKkwviBVffeay7a2D7kECyj1z6wmWeKgXn1rknmcYe', NULL, 'Developer', 'Jr. Backend Engineer', NULL, '2019-04-23 14:11:37', 1, '2019-04-23 09:26:52'),
(561, '2019-04-23 09:18:10', '2019-04-23 19:16:03', NULL, 'OGFSME', NULL, 'Victoria Ivy Tansil', 'victoria.tansil@tiket.com', NULL, '$2y$10$Digwwed6kC/Lv.Qm6Tas2.8GUXrFcC1r6EWBJOI/iSZkyUUeEu0NK', NULL, 'Technology', 'Jr. Backend Engineer', NULL, '2019-04-23 19:16:03', 1, '2019-04-23 09:26:52'),
(562, '2019-04-23 09:18:10', '2019-04-26 19:36:04', NULL, 'JGSH68', NULL, 'Victoria Noviantoro', 'victoria.noviantoro@tiket.com', NULL, '$2y$10$dSTimcvbKcihVQGl5G651eKySATAEhhL17.6170o5QguVAXr/Rxlm', NULL, 'Developer', 'Tech Support', NULL, '2019-04-26 19:36:04', 1, '2019-04-23 09:26:52'),
(563, '2019-04-23 09:18:10', '2019-04-23 14:49:59', NULL, '3F4KRO', NULL, 'Vina Aulia', 'vina.aulia@tiket.com', NULL, '$2y$10$WHLIWuXTSkxpEXLTMPX5webYt0jkJGEBD2kertJ7n9B/zNGzFFvAi', NULL, 'Finance Accounting', 'Accounting Staff', NULL, '2019-04-23 14:49:59', 1, '2019-04-23 09:26:52'),
(564, '2019-04-23 09:18:10', '2019-04-23 14:46:05', NULL, 'BLZNQA', 'uploads/image_profile/564-1555995132.jpg', 'Vinsensius Alvendo', 'vinsensius.alvendo@tiket.com', '085726518892', '$2y$10$s5CZjP/X4lPybxFf3dkYie4QVbqqvw2Y3/wIQFSfKPCfXqHdqtuVG', NULL, 'Commercial', 'Market Executive, Sumatera', NULL, '2019-04-23 14:46:05', 1, '2019-04-23 09:26:52'),
(565, '2019-04-23 09:18:10', '2019-04-23 16:59:55', NULL, 'Y8XLL9', NULL, 'Vinsensius Danny', 'vdanny@tiket.com', NULL, '$2y$10$Omc2Ed3A3URpisUOPgVGaO.3Yg.GZjKfA/MTtTDc1Mk7molklzI4W', 'Y8XLL9', 'Mobile Development', 'Backend Engineer', NULL, '2019-04-23 16:59:55', 1, '2019-04-23 09:26:52'),
(566, '2019-04-23 09:18:10', '2019-04-23 09:26:52', NULL, 'FGSOHO', NULL, 'Violeti Andridesela', 'violeti@tiket.com', NULL, NULL, 'FGSOHO', 'General Affair', 'General Affairs Administrator', NULL, NULL, 1, '2019-04-23 09:26:52'),
(567, '2019-04-23 09:18:10', '2019-04-23 09:26:52', NULL, 'DM0FR7', NULL, 'Vito Budiman', 'vito.budiman_to_be_deleted@tiket.com', NULL, NULL, 'DM0FR7', 'Product', 'Senior Product Manager', NULL, NULL, 1, '2019-04-23 09:26:52'),
(568, '2019-04-23 09:18:10', '2019-04-23 16:22:18', NULL, '8RDC5Z', 'uploads/image_profile/568-1556007717.jpg', 'Wahyudi', 'wahyudi.wahyudi@tiket.com', '082122206302', '$2y$10$/GnJfMdHuBJI8B4xjCVIMuHZyUE7XiDokRAKbLATaIA5gpgiqG3jy', '8RDC5Z', 'Finance Accounting', 'EDP Staff', NULL, '2019-04-23 16:19:34', 1, '2019-04-23 09:26:52'),
(569, '2019-04-23 09:18:10', '2019-04-25 08:01:52', NULL, 'NCNG5S', NULL, 'Wahyudi Sulistyo', 'wahyudi.sulistyo@tiket.com', NULL, '$2y$10$Fz41vitDLnQXs1.cXhiY..CMGzuQZbpBAmaLlL99/uWoHionTdv1a', 'NCNG5S', 'Hotel', 'Associate Market Manager', NULL, '2019-04-25 08:01:52', 1, '2019-04-23 09:26:52'),
(570, '2019-04-23 09:18:10', '2019-04-26 20:24:03', NULL, 'MMKCGK', NULL, 'Walji', 'walji@tiket.com', NULL, '$2y$10$.oQY5YZ6NKj.B0fykO494O/AiImAvwKMdaibn4F906b3Vm2.fRK4K', NULL, 'Mobile Development', 'Sr. Android Engineer', NULL, '2019-04-26 20:24:03', 1, '2019-04-23 09:26:52'),
(571, '2019-04-23 09:18:10', '2019-04-23 15:00:59', NULL, 'RAQM7D', NULL, 'Wandy Wijayanto', 'wandy.wijayanto@tiket.com', NULL, '$2y$10$/kyGNYL/QFfSC4sKnk0MAOjQON8DqOgCR3RD.Vx77DidNzXiJmLm6', 'RAQM7D', 'Mobile Development', 'Android Principal Engineer', NULL, '2019-04-23 15:00:59', 1, '2019-04-23 09:26:52'),
(572, '2019-04-23 09:18:10', '2019-04-23 17:43:23', NULL, 'EIYZTX', NULL, 'Waritsatul Jannah', 'waritsatul.jannah@tiket.com', NULL, '$2y$10$AnXFV41aNaPSIp6NC0OJre8a.Tsvp8eNrNRxb/37ucitznHOeO/Ly', NULL, 'Accounting', 'Revenue & Refund Staff', NULL, '2019-04-23 17:43:23', 1, '2019-04-23 09:26:52'),
(573, '2019-04-23 09:18:10', '2019-04-23 18:02:48', NULL, 'ZED2WW', NULL, 'Webster Tulai', 'webster.tulai@tiket.com', '081908882591', '$2y$10$.O4DeKEDcjJpVSV0JDNWGOsKunhHDict0MA3NEmeF.py.ClKfcp9q', NULL, 'Developer', 'Android Developer', 'EVT-0001', '2019-04-23 14:51:14', 1, '2019-04-23 09:26:52'),
(574, '2019-04-23 09:18:10', '2019-04-23 09:26:52', NULL, '4LVENL', NULL, 'Wenas Agus setiawan', 'wenas@tiket.com', NULL, NULL, '4LVENL', 'Technology', 'Co - Chief Technology Officer', NULL, NULL, 1, '2019-04-23 09:26:52'),
(575, '2019-04-23 09:18:10', '2019-04-23 18:35:56', NULL, 'RU3QBF', NULL, 'Widia Nurfadillah', 'widia.nurfadillah@tiket.com', NULL, '$2y$10$S1uZ/2CyGnOzMZCfER7T4eUrTq7ZI2g47wflP5M6ySFw1rzSJp4Ym', 'RU3QBF', 'Developer', 'Backend Engineer', NULL, '2019-04-23 14:20:50', 1, '2019-04-23 09:26:52'),
(576, '2019-04-23 09:18:10', '2019-04-23 14:45:37', NULL, 'NDWRWM', NULL, 'Wiliam Salim', 'william.salim@tiket.com', NULL, '$2y$10$/ll5VkdvoGAV.p8fOn5xsOUzp9XQC1ZsnK1pXKhW9uuSsxduiQ5se', 'NDWRWM', 'Mobile Development', 'Sr iOS Engineer', NULL, '2019-04-23 14:45:37', 1, '2019-04-23 09:26:52'),
(577, '2019-04-23 09:18:10', '2019-04-23 16:11:47', NULL, 'WWD0NW', NULL, 'William Anthony', 'william.anthony@tiket.com', NULL, '$2y$10$g9n5JwyHBoEsIR4h0pR0beL7hCbOLlf8J.8U3cJfFEc3wPhkBbkK6', NULL, 'Commercial', 'Associate Market Manager, Bali', NULL, '2019-04-23 16:11:47', 1, '2019-04-23 09:26:52'),
(578, '2019-04-23 09:18:10', '2019-04-23 15:34:33', NULL, 'ES5SX8', 'uploads/image_profile/578-1555993886.jpg', 'William Stefan Hartono', 'william.hartono@tiket.com', NULL, '$2y$10$F97IALG3P3wR249eLKugVee6BFPH0IvdmNRdMoTn9ukUpkZ6a.C06', 'ES5SX8', 'Product', 'UX Researcher', NULL, '2019-04-23 15:34:33', 1, '2019-04-23 09:26:52'),
(579, '2019-04-23 09:18:10', '2019-04-23 15:30:12', NULL, 'UP5ZUX', NULL, 'William Wonggianto', 'william.wonggianto@tiket.com', NULL, '$2y$10$YK0SdRW1RhE/KdGU7URyqO8S5lWEythWAXxK.S13OdkUPAL78Jnt2', 'UP5ZUX', 'Commercial', 'AMM, East Indonesia', NULL, '2019-04-23 15:30:12', 1, '2019-04-23 09:26:52'),
(580, '2019-04-23 09:18:10', '2019-04-23 14:48:48', NULL, 'L5H4UQ', NULL, 'Winarti Iswin', 'winartii@tiket.com', NULL, '$2y$10$7EqJAeA4fmjKL4cEauoVAu2F3LLjhen35bLuFfF/4c9W9bPFqDZXa', 'L5H4UQ', 'Mobile Development', 'Frontend Engineer', NULL, '2019-04-23 14:48:48', 1, '2019-04-23 09:26:52'),
(581, '2019-04-23 09:18:10', '2019-04-23 18:26:04', NULL, 'LOLNOG', NULL, 'Winson', 'winson.yang@tiket.com', NULL, '$2y$10$hd6tg7RoimpDRBrmrFPIh.exx7m6RAXDvfkFqIO25jz81ypk00vam', NULL, 'Product', 'Product Manager', NULL, '2019-04-23 18:26:04', 1, '2019-04-23 09:26:52'),
(582, '2019-04-23 09:18:10', '2019-04-23 09:26:52', NULL, '0NNHHY', NULL, 'Wulan Sri Andini', 'wulan.andini@tiket.com', NULL, NULL, '0NNHHY', 'Hotel', 'Market Manager', NULL, NULL, 1, '2019-04-23 09:26:52'),
(583, '2019-04-23 09:18:10', '2019-04-23 09:26:52', NULL, 'FA8UHJ', NULL, 'Yeni Dwi Aryani', 'yeni.dwi@tiket.com', NULL, NULL, 'FA8UHJ', 'Customer Care', 'Customer Care Agent - Email', NULL, NULL, 1, '2019-04-23 09:26:52'),
(584, '2019-04-23 09:18:10', '2019-04-23 22:11:23', NULL, 'BH1ALI', NULL, 'Yeremia Yudha Enrico', 'yeremia.enrico@tiket.com', NULL, '$2y$10$67WpITGAIRK.s77.qJtyge5ybbL20u6ZAZATRqNIzJ9kooqibA1bK', NULL, 'Product', 'Lead UX Designer', NULL, '2019-04-23 22:11:23', 1, '2019-04-23 09:26:52'),
(585, '2019-04-23 09:18:10', '2019-04-23 09:26:52', NULL, 'IIUHZJ', NULL, 'Yesnila Hutabarat', 'yesnila.hutabarat@tiket.com', NULL, NULL, 'IIUHZJ', 'Technology', 'SQA', NULL, NULL, 1, '2019-04-23 09:26:52'),
(586, '2019-04-23 09:18:10', '2019-04-23 17:31:46', NULL, 'I75BBF', NULL, 'Yogi Wisesa', 'yogi.wisesa@tiket.com', NULL, '$2y$10$1jhiAzlG1zCWq.qECnd/m.Kyszo/aNU78UAn4Rw4mNjb39ATqWsOe', 'I75BBF', 'Technology', 'Jr Frontend Engineer', NULL, '2019-04-23 17:31:46', 1, '2019-04-23 09:26:52'),
(587, '2019-04-23 09:18:10', '2019-04-23 14:25:42', NULL, 'HM7QKD', NULL, 'Yonathan', 'yonathan@tiket.com', NULL, '$2y$10$.fTBp.B8yL501rXOR5MN0uUs0zgA2saMBdSVCY5UwEk5KRM04VGWe', NULL, 'Development', 'Sr. Backend Engineer', NULL, '2019-04-23 14:25:42', 1, '2019-04-23 09:26:52'),
(588, '2019-04-23 09:18:10', '2019-04-23 09:26:52', NULL, 'ZJSHGF', NULL, 'Yopie Alfitri', 'yopie.alfitri@tiket.com', NULL, NULL, 'ZJSHGF', 'Technology', 'Software Quality Assurance', NULL, NULL, 1, '2019-04-23 09:26:52'),
(589, '2019-04-23 09:18:10', '2019-04-26 19:21:48', NULL, 'STXQG3', NULL, 'Yoppy Nelwanto', 'yoppy@tiket.com', NULL, '$2y$10$pa4un7VPqykiZ5FMmYRpn.p9nYDjPeqW1v5xKl5UJL5VpvW77aJ6m', NULL, 'Mobile Development', 'VP of Tech Hotel & Apps', NULL, '2019-04-26 19:21:48', 1, '2019-04-23 09:26:52'),
(590, '2019-04-23 09:18:10', '2019-04-26 09:46:17', NULL, 'EL4A9P', NULL, 'Yosafat Jefry Nainggolan', 'jefry.nainggolan@tiket.com', '081197100845', '$2y$10$UtuY509ZHwJbwDgz/p8Zj.ECQ.osKNr9fzj0NwBcPYsC/Qlv6NmIW', NULL, 'Hotel', 'Associate Market Manager', NULL, '2019-04-25 13:24:52', 1, '2019-04-23 09:26:52'),
(591, '2019-04-23 09:18:10', '2019-04-25 12:29:58', NULL, 'RGYFBR', 'uploads/image_profile/591-1556166596.jpg', 'Yoseph Christianto', 'yoseph.christianto@tiket.com', '082236284904', '$2y$10$bjszuutCCGSaF5vY4PnVR.6CAHSPexDZ7AYbyNae0UtwfmKChH0Hu', NULL, 'Technology', 'Frontend Engineer', 'EVT-0001', '2019-04-23 14:32:11', 1, '2019-04-23 09:26:52'),
(592, '2019-04-23 09:18:10', '2019-04-23 14:46:36', NULL, '1V8OI9', NULL, 'Yosi Marhayati', 'yosi.marhayati@tiket.com', NULL, '$2y$10$4u9ZpM3pjSANftL2pZWn/erNWDr6CewuCHj.OwbIZhumWiI5yDHMW', NULL, 'Public Relation', 'Public Relation Executive', NULL, '2019-04-23 14:46:36', 1, '2019-04-23 09:26:52'),
(593, '2019-04-23 09:18:10', '2019-04-23 18:24:20', NULL, 'EXM7GP', NULL, 'Yosia', 'yosia@tiket.com', NULL, '$2y$10$3KyX57kr6lxMVE9o0F213erWdd089W1Oymy1etufyK3mwrjHLgG2O', NULL, 'Technology', 'Principal Engineer', NULL, '2019-04-23 18:24:20', 1, '2019-04-23 09:26:52'),
(594, '2019-04-23 09:18:10', '2019-04-23 16:54:42', NULL, 'FX2QKX', NULL, 'Yosie Rifayani', 'yosie.rifayani@tiket.com', NULL, '$2y$10$QHBUs5NRUkeGToBPIOH0t.3KhD1g2XDDFeHDHs9u9gHf2SugnoEQa', NULL, 'Internal Control', 'Internal Control Manager', NULL, '2019-04-23 16:54:42', 1, '2019-04-23 09:26:52'),
(595, '2019-04-23 09:18:10', '2019-04-23 09:26:52', NULL, 'OFFJ7B', NULL, 'Yudhi Pramono', 'yudhi.pramono@tiket.com', NULL, NULL, 'OFFJ7B', 'Legal', 'Manager', NULL, NULL, 1, '2019-04-23 09:26:52'),
(596, '2019-04-23 09:18:10', '2019-04-27 04:58:22', NULL, 'CINSVJ', NULL, 'Yudo Ariyono Priyadi', 'yudo.ariyono@tiket.com', NULL, '$2y$10$QYroDRstP8rjL7INhtDGFuy/NslDA48hmnQhQBjVALqXJAxHjAPxG', 'CINSVJ', 'Accounting', 'Tax Staff', NULL, '2019-04-27 04:58:22', 1, '2019-04-23 09:26:52'),
(597, '2019-04-23 09:18:10', '2019-04-23 09:26:52', NULL, 'QSITYW', NULL, 'Yulia Mega Sari', 'mega@tiket.com', NULL, NULL, 'QSITYW', 'Commercial', 'Sales Supervisor', NULL, NULL, 1, '2019-04-23 09:26:52'),
(598, '2019-04-23 09:18:10', '2019-04-23 12:31:01', NULL, 'GQYKWG', NULL, 'Yuni Wijilestari', 'yuni.wijilestari@tiket.com', NULL, '$2y$10$UJkjhfRCLDtcngfTU87aauSZEie9dMuHxoOkw0A/gkIC3q0kIJQ4u', 'GQYKWG', 'Customer Care', 'Customer Care Manager', NULL, '2019-04-23 12:31:01', 1, '2019-04-23 09:26:52'),
(599, '2019-04-23 09:18:10', '2019-04-23 15:06:44', NULL, 'S6YZK6', NULL, 'Yusnia', 'yusnia.antika@tiket.com', NULL, '$2y$10$qeZndg.R9k53YYing7Hw0uRnWzeDRGoCXc4Mrp0CCCLyhJohwAPBO', NULL, 'Finance Accounting', 'Finance Admin', NULL, '2019-04-23 15:06:44', 1, '2019-04-23 09:26:52'),
(600, '2019-04-23 09:18:10', '2019-04-23 17:22:17', NULL, '0IE2QG', NULL, 'Yuwono Chaiyadi', 'yuwono.chaiyadi@tiket.com', NULL, '$2y$10$AcnYx8YYQX/iC7ipiYGpFeXp8.OyAogvUI3nJZLcqXvWtbpAm72Em', '0IE2QG', 'Product', 'Associate Product Growth', NULL, '2019-04-23 17:22:17', 1, '2019-04-23 09:26:52'),
(601, '2019-04-23 09:18:10', '2019-04-23 14:30:40', NULL, '2U1BGY', NULL, 'Zefania Maleeva Palilingan', 'zefania.palilingan@tiket.com', NULL, '$2y$10$kK1B6DWM3lodOcJBTYtCN.3lG170L7OUTMpTCXQPQ6cxaZ4kXoYo6', NULL, 'Communication', 'Email Marketing Specialist', NULL, '2019-04-23 14:30:40', 1, '2019-04-23 09:26:52'),
(602, '2019-04-23 09:18:10', '2019-04-23 16:32:39', NULL, 'MP98LE', NULL, 'Zilvia Permata Sari', 'zilvia@tiket.com', NULL, '$2y$10$ZiijhXtTxxwzK45T65Rkl.O59Bid0ay3hbFKN3X5No7iX7yvdkjX2', NULL, 'Customer Care', 'Customer Care Supervisor', NULL, '2019-04-23 16:32:39', 1, '2019-04-23 09:26:52'),
(603, '2019-04-23 09:18:10', '2019-04-26 08:11:59', NULL, '57OCQF', NULL, 'Zulistian Muchsin', 'zulistian@tiket.com', NULL, '$2y$10$6PR3aexSR4ATJOujJvDlBOX.WTWcoy0fGt45koWQXEKKX1IZssVAO', NULL, 'B2B', 'Product Development Supervisor', NULL, '2019-04-26 08:11:59', 1, '2019-04-23 09:26:52'),
(604, '2019-04-24 15:26:30', '2019-04-24 15:53:29', NULL, 'MLTKJO', NULL, 'risyad andi', 'risyad.andi@tiket.com', NULL, '$2y$10$bwr8Ovs39vrl6P.MRM0eeOIfRty6UpaYqc/4w2soY5xVmXAdyQqba', NULL, NULL, 'Communication', NULL, '2019-04-24 15:53:29', 1, '2019-04-24 15:45:05'),
(605, '2019-04-24 15:26:30', '2019-04-24 16:00:02', NULL, 'CTS0YI', NULL, 'rahman sidik', 'rahman.sidik@tiket.com', NULL, '$2y$10$mxGr8K3cwyOOGL6a0ZXCr.EX/aBuCB59WgRB8A6tE13rRhyVNqyxa', NULL, NULL, 'Communication', NULL, '2019-04-24 16:00:02', 1, '2019-04-24 15:45:05'),
(606, '2019-04-24 15:26:30', '2019-04-24 15:51:14', NULL, 'OURT8E', NULL, 'Arini', 'arini.asaroh@tiket.com', NULL, '$2y$10$HFRdgK/X7Xs5M.a1yT6DMueuEJsdtkAy3qutSQnWxUQh.K5Ezdf1.', NULL, NULL, 'Technology', NULL, '2019-04-24 15:51:14', 1, '2019-04-24 15:45:05'),
(607, '2019-04-24 15:26:30', '2019-04-24 16:44:03', NULL, 'XE3XRF', NULL, 'Xyavierst Christo VD W', 'christo.valentino@tiket.com', NULL, '$2y$10$.boa.ZPDVBEWM56oBFSaau7yoU2gF3LkTmZbEBamxbFFJb865kgO2', NULL, NULL, 'Commercial', NULL, '2019-04-24 16:40:49', 1, '2019-04-24 15:45:05'),
(608, '2019-04-24 15:26:30', '2019-04-25 12:43:40', NULL, 'TKHWCV', NULL, 'Sulistiyo Tri Raharjo', 'sulistyo.raharjo@tiket.com', NULL, '$2y$10$4orOpnqEVH5OMRyMjPc7gecQSltzgC.1gvquPVANXGbIsaAnJ/9nS', NULL, NULL, 'Product', NULL, '2019-04-25 12:42:28', 2, '2019-04-25 12:41:44'),
(609, '2019-04-24 15:26:30', '2019-04-24 15:55:48', NULL, 'RSVGHR', NULL, 'patrisio', 'patrisio.laopatty@tiket.com', NULL, '$2y$10$44fBv3rx2XCw.lAPlMj9eO5GA4cBVz8TMV5fSrA.FI0vwwJufKEbS', NULL, NULL, 'Technology', NULL, '2019-04-24 15:55:12', 1, '2019-04-24 15:45:05'),
(610, '2019-04-24 15:26:30', '2019-04-24 15:47:04', NULL, 'PDAIXW', NULL, 'zahra amalia', 'zahra.amalia@tiket.com', NULL, '$2y$10$.R/qvCpN5I.NAYzpXoaTK.nbw2i4LQNQxgzUILJ2LcPllFMVCtVJ.', NULL, NULL, 'Product', NULL, '2019-04-24 15:47:04', 1, '2019-04-24 15:45:05'),
(611, '2019-04-24 15:26:30', '2019-04-24 17:48:28', NULL, 'TPCOTL', NULL, 'Muhammad Mi\'raj', 'muhammad.miraj@tiket.com', NULL, '$2y$10$D4xJx996wxhOdCKI7pmhJOL3jc/o3A0/2L84jMM5VmFBgVs1P5A/e', NULL, NULL, 'Technology', NULL, '2019-04-24 17:48:28', 1, '2019-04-24 15:45:05'),
(612, '2019-04-24 15:26:30', '2019-04-24 20:16:10', NULL, 'WMWF6I', NULL, 'Siti Masitoh', 'siti.marsitoh@tiket.com', NULL, '$2y$10$9eeLFGZSGZZixcmRfTFZN.yTv6zm3tW2Kj8yVqsykm7uuGbe4LksO', NULL, NULL, 'Finance & Accounting', NULL, '2019-04-24 20:16:10', 1, '2019-04-24 15:45:05'),
(613, '2019-04-24 15:26:30', '2019-04-24 15:50:15', NULL, '3SCMKF', NULL, 'Rahmat Wahyu Hadi', 'rahmat.hadi@tiket.com', NULL, '$2y$10$BubISx9VSvJ0k2JVNFnnjeJzwT6jjlft2zn73Z4oQS2pHVYlJDLDq', NULL, NULL, 'Technology', NULL, '2019-04-24 15:50:15', 1, '2019-04-24 15:45:05'),
(614, '2019-04-24 15:26:30', '2019-04-24 15:48:51', NULL, 'WVN2VB', NULL, 'Muhamad Shulkhan Efendi', 'muhamad.efendi@tiket.com', NULL, '$2y$10$of4jeAidtRmcnl27MNKffuxHwikZbQhfNLf4OEvWaYzJ0oy9KFux6', NULL, NULL, 'Technology', NULL, '2019-04-24 15:48:51', 1, '2019-04-24 15:45:05'),
(615, '2019-04-24 15:26:30', '2019-04-24 18:24:44', NULL, 'BGRYU2', NULL, 'Moch Huda Avianto', 'huda.avianto@tiket.com', NULL, '$2y$10$cTEoUVfN9ayuh4.dABvhleJRnlMMl/YfL6An2cNRK2FpHT9NNgJpK', NULL, NULL, 'Technology', NULL, '2019-04-24 18:24:03', 1, '2019-04-24 15:45:05'),
(616, '2019-04-24 15:26:30', '2019-04-24 15:45:05', NULL, '8W8DPS', NULL, 'andri riana putra', 'andri.jihanriana9980@gmail.com', NULL, NULL, '8W8DPS', NULL, 'Finance & Accounting', NULL, NULL, 1, '2019-04-24 15:45:05'),
(617, '2019-04-24 15:26:30', '2019-04-24 18:11:18', NULL, 'GGVRQR', NULL, 'Zulkifli lessy', 'zulkifli@tiket.com', NULL, '$2y$10$gKRi6qjqSdJs9TUX.EkEuuqIwOddVgfp2y1xpgSayfTb3a0RV.IL6', NULL, NULL, 'Communication', NULL, '2019-04-24 18:11:18', 1, '2019-04-24 15:45:05'),
(618, '2019-04-24 15:26:30', '2019-04-24 15:55:09', NULL, 'MHTMTX', NULL, 'fajar monroe', 'fajar.monroe@tiket.com', NULL, '$2y$10$QF28vZYs.6PO0HyapKQpZuSwSYnsGheTs7x.F.1OAhG/clHb.xaIG', NULL, NULL, 'Commercial', NULL, '2019-04-24 15:55:09', 1, '2019-04-24 15:45:05'),
(619, '2019-04-24 15:26:30', '2019-04-24 16:00:49', NULL, 'AMP4JW', NULL, 'Hasan Nurdiansyah', 'hasan.nurdiansyah@tiket.com', NULL, '$2y$10$bORyi5aD6C2x1BjJBG4vW.fz.5dYxtnqAI0dsR2gNFkbEbcmDbD9a', NULL, NULL, 'Commercial', NULL, '2019-04-24 15:48:01', 1, '2019-04-24 15:45:05'),
(620, '2019-04-24 15:26:30', '2019-04-24 15:48:47', NULL, 'NBXJQB', NULL, 'Susy Pangaribuan', 'susy.pangaribuan@tiket.com', NULL, '$2y$10$zIEr8yE8536LDhXLlp5Nu.Lonu5VfrRcSYrMfuywYhHd/8Ewj4qmy', NULL, NULL, 'Technology', NULL, '2019-04-24 15:48:47', 1, '2019-04-24 15:45:05'),
(621, '2019-04-24 15:26:30', '2019-04-24 16:09:33', NULL, 'U6V1EU', NULL, 'Rangga Kharisma Putra', 'rangga.putra@tiket.com', NULL, '$2y$10$zy0S5pVBTxBXeh/8gzk7A.ZigydHkUEBePDKjXBq6cD186T.qvytC', NULL, NULL, 'Technology', NULL, '2019-04-24 16:09:02', 1, '2019-04-24 15:45:05'),
(622, '2019-04-24 15:26:30', '2019-04-24 16:13:26', NULL, 'NOESYU', NULL, 'Sreeram Gopalakrishna', 'sreeram.krishna@tiket.com', NULL, '$2y$10$jEHcKbB0l7UPzNyhYfn7z.QaBAO9vwMFTBxfOyS.uK1bwvVtbnIUC', NULL, NULL, 'Technology', NULL, '2019-04-24 16:12:39', 1, '2019-04-24 15:45:05'),
(623, '2019-04-24 15:26:30', '2019-04-24 19:35:05', NULL, 'MWHRAJ', NULL, 'Mohammed Sajeel Aafaq P', 'sajeel.aafaq@tiket.com', NULL, '$2y$10$p5KkefYleJdOzNqom/zB9.vIXOkf18MJqS.8GHJ6tVyQXRk.FYTXS', NULL, NULL, 'Technology', NULL, '2019-04-24 19:34:30', 1, '2019-04-24 15:45:05'),
(624, '2019-04-24 15:26:30', '2019-04-24 16:08:20', NULL, 'LU84QI', NULL, 'Rifqi Fauzan Pratama', 'rifqi.pratama@tiket.com', NULL, '$2y$10$jyQv8sd3GclC3AA.RaH9IeUwVyKSNanOcyk5aXyMft73R4vgri44G', NULL, NULL, 'Technology', NULL, '2019-04-24 16:07:21', 1, '2019-04-24 15:45:05'),
(625, '2019-04-24 15:26:30', '2019-04-24 16:04:37', NULL, '4SEP6M', NULL, 'Johanes Ronaldo', 'johanes.ronaldo@tiket.com', NULL, '$2y$10$ggOlUibCdclC2JrRL80lIOBNIATliszUVoX14AxVtqX2YceYkRv4i', NULL, NULL, 'Technology', NULL, '2019-04-24 16:04:06', 1, '2019-04-24 15:45:05'),
(626, '2019-04-24 15:26:30', '2019-04-24 20:26:26', NULL, 'CYLF6S', NULL, 'imania ainiputri mahidin', 'imania@tiket.com', NULL, '$2y$10$vliblKHTV/NGKQRz35VgsejMBybdT37qGzh.deySx1D3tAullExLi', NULL, NULL, 'Product', NULL, '2019-04-24 20:26:26', 1, '2019-04-24 15:45:05'),
(627, '2019-04-24 15:26:30', '2019-04-26 23:41:19', NULL, '1XEPDO', NULL, 'Ravi Beck', 'ravi.beck@tiket.com', NULL, '$2y$10$ZSun6GUFo3XxE56978ShYuTbEEMmCiMoHHCXdyk.96bvpOgSFY3Mm', NULL, NULL, 'Technology', NULL, '2019-04-26 23:41:19', 1, '2019-04-24 15:45:05'),
(628, '2019-04-24 15:26:30', '2019-04-24 19:36:01', NULL, 'ZIBX5H', NULL, 'Malati Behera', 'malati.behera@tiket.com', NULL, '$2y$10$djwVML4ha4BBEuTFg8t6.eN9l9ABLc3jmXt85oQobJWIbn/YWCTaC', NULL, NULL, 'Technology', NULL, '2019-04-24 19:36:01', 1, '2019-04-24 15:45:05'),
(629, '2019-04-24 15:26:30', '2019-04-25 17:05:43', NULL, '36QY90', NULL, 'Abdul Rachman', 'rahman@tiket.com', NULL, '$2y$10$uliSTTwNh80fEimqILDGvuw/H7U22FFABRcXBp7/be65tvj39WHtq', NULL, NULL, 'Technology', NULL, '2019-04-25 17:05:43', 1, '2019-04-24 15:45:05'),
(630, '2019-04-24 15:26:30', '2019-04-26 01:45:11', NULL, 'BLFK2Z', NULL, 'Rafika syaesarani', 'rafika.syaesarani@tiket.com', NULL, '$2y$10$nO/9lnr8AhuWsi3wmYyqR.QNEGPxlRvUxwaZMnX2FHrAVGiBixWDy', NULL, NULL, 'Commercial', NULL, '2019-04-26 01:45:11', 2, '2019-04-25 21:52:38'),
(631, '2019-04-24 15:26:30', '2019-04-24 16:02:41', NULL, 'Z6TSNJ', NULL, 'Kunto Aji Kristianto', 'kunto.aji@tiket.com', NULL, '$2y$10$ZtlvYJraxuCaFIAnMB.WAe03xYOSjOwqvrdD/ZnLS3A4ChR5jCf9q', NULL, NULL, 'Technology', NULL, '2019-04-24 16:02:41', 1, '2019-04-24 15:45:05'),
(632, '2019-04-24 15:26:30', '2019-04-24 17:46:16', NULL, 'IK0CKO', NULL, 'Andhi novian wahid', 'andiz.novean@tiket.com', NULL, '$2y$10$JYrsJXSVwn3m0e/HbWZvguUi6R6YI2dDW/6VCK.7SEe6J4/YX6f8W', NULL, NULL, 'Commercial', NULL, '2019-04-24 17:46:16', 1, '2019-04-24 15:45:05'),
(633, '2019-04-24 15:26:30', '2019-04-24 17:35:17', NULL, 'P4ADLO', NULL, 'maria windha', 'windha@tiket.com', NULL, '$2y$10$y5bFfJmxyg4LvVONJ9C2wOn.Du50U836s9RqicODHpHeumyc9XMO2', NULL, NULL, 'Communication', NULL, '2019-04-24 17:35:17', 1, '2019-04-24 15:45:05'),
(634, '2019-04-24 15:26:30', '2019-04-24 23:05:07', NULL, 'VEWKTK', NULL, 'Megha', 'megha.baweja@tiket.com', NULL, '$2y$10$9zreHLWcpOoUs4/Zfff3kO7/8URLxdJjuPqR9aE4ow6KQhIuR4Vh2', NULL, NULL, 'Technology', NULL, '2019-04-24 23:04:24', 1, '2019-04-24 15:45:05'),
(635, '2019-04-24 17:57:36', '2019-04-25 22:53:10', NULL, 'BDA14W', NULL, 'Nurwati', 'wati@tiket.com', '087784801980', '$2y$10$e54wQYtG8lKhXQGTC3rqwe8zrrnBsp39mrZMRb6pMGWdIV/PQ.5ta', NULL, NULL, 'Communication', NULL, '2019-04-24 19:02:06', 1, '2019-04-24 17:59:53'),
(636, '2019-04-26 14:14:39', '2019-04-26 15:27:43', NULL, 'FNZYJC', NULL, 'Hiwang', 'ries.narpati@tiket.com', NULL, '$2y$10$.khPza2Kei9cg.nwYfTtCO51nlQB2IwOLE/09HYv/X/7BOKHqwlV6', NULL, NULL, NULL, NULL, '2019-04-26 15:27:43', 1, '2019-04-26 14:15:37'),
(637, '2019-04-26 14:15:22', '2019-04-26 14:47:16', NULL, 'TXLOE7', NULL, 'Kahal Kevin', 'kevin@tiket.com', NULL, '$2y$10$nO4WOJxmaOjGJcjckqpc1em1ZSuCnXC3J1kh4efqgvVkVP1TmZyAq', NULL, NULL, NULL, NULL, '2019-04-26 14:47:16', 1, '2019-04-26 14:15:32'),
(638, '2019-04-26 16:28:24', '2019-04-26 16:29:49', NULL, 'H9DO5H', NULL, 'Marthin Sianipar', 'marthin@tiket.com', NULL, '$2y$10$s1AHkPDVDId1IAiT3fuJYOd0tTvFOo//VLMVUoqE8s7DPtKYDoZIK', NULL, NULL, NULL, NULL, '2019-04-26 16:29:49', 1, '2019-04-26 16:29:11'),
(639, '2019-04-26 23:54:14', '2019-04-27 07:03:27', NULL, 'DC0YXF', NULL, 'Yohanes  Christanto', 'yohanes.christanto@tiket.com', NULL, '$2y$10$hTXcbdhlZDZViXEna5WFh.B/r/Yx9IyN7G3.g7dujtBsBHnjRaK9G', NULL, NULL, NULL, NULL, '2019-04-27 07:03:27', 1, '2019-04-26 23:54:38'),
(640, '2019-04-27 07:28:29', '2019-04-27 07:51:09', NULL, 'AKJM31', NULL, 'Ronald Winardi', 'ronald@tiket.com', NULL, '$2y$10$vmk4TdONYyYbpTqwUukRAuZca/BS.qZ2fvGwt6Xdk.XYRvfOec9IS', NULL, NULL, NULL, NULL, '2019-04-27 07:51:09', 0, NULL),
(641, '2019-04-27 07:48:47', '2019-04-27 07:48:47', '2019-04-27 07:51:08', 'PGCEWU', NULL, 'Kristina', 'kristina@tiket.com', NULL, NULL, 'IDACZ', NULL, NULL, NULL, NULL, 0, NULL),
(642, '2019-04-27 07:49:33', '2019-04-27 08:17:11', NULL, 'JJ6ZZD', NULL, 'Kristina', 'kristina@tiket.com', NULL, '$2y$10$/zZdoohktr3Mk1udROCCruYvUhAH7LNVaQoGAox56EwTJg7EvQQlS', NULL, NULL, NULL, NULL, '2019-04-27 08:17:11', 0, NULL),
(643, '2019-04-27 08:05:34', '2019-04-27 08:06:27', NULL, 'L6NDP1', NULL, 'Kezia', 'kezia.intan@tiket.com', NULL, '$2y$10$VHSW/p4DTSnJnsVPyTVEt.mePCPcwFxehx5L5SzeHrzibPpEaiNru', NULL, NULL, NULL, NULL, '2019-04-27 08:06:27', 0, NULL),
(644, '2019-04-27 08:16:43', '2019-04-27 08:16:43', NULL, 'BYHX0T', NULL, 'Rajasa', 'rajasa@tiket.com', NULL, NULL, 'RAJASA', NULL, NULL, NULL, NULL, 0, NULL),
(645, '2019-04-27 08:20:19', '2019-04-27 09:03:30', NULL, 'OAP4R7', NULL, 'Altobelino Verano', 'altobelino.verano@tiket.com', NULL, '$2y$10$KeZH/xk88FvugHU1WeBRJOvKtKR6ROalNwJmJTBtiLwbsEBilLg6u', NULL, NULL, NULL, NULL, '2019-04-27 09:03:30', 0, NULL);

-- --------------------------------------------------------

--
-- Table structure for table `member_regid`
--

CREATE TABLE `member_regid` (
  `id` int(11) NOT NULL,
  `created_at` datetime DEFAULT NULL,
  `updated_at` datetime DEFAULT NULL,
  `deleted_at` datetime DEFAULT NULL,
  `id_member` int(11) DEFAULT NULL,
  `token` varchar(255) DEFAULT NULL,
  `platform` varchar(10) DEFAULT NULL
) ENGINE=InnoDB DEFAULT CHARSET=utf8;

--
-- Dumping data for table `member_regid`
--

INSERT INTO `member_regid` (`id`, `created_at`, `updated_at`, `deleted_at`, `id_member`, `token`, `platform`) VALUES
(1, '2019-04-12 17:47:47', '2019-04-23 12:56:58', NULL, 1, 'cxcfqxfES3I:APA91bE7J2siC-b9cr-4ictPoCXEwE58SeNd_Aw5sCYhLUn3JM4kXlhw-iBZw0sH0kRrQcyYePNrbHhcGBFhRyCDSgV9Gsk9Qd-0oXoafr8chX3vCTMn1U0zUFsDO3ksyGqvlKuXTuJA', 'Android'),
(2, '2019-04-17 17:44:29', '2019-04-24 15:56:46', NULL, 64, 'testing', 'Android'),
(3, '2019-04-18 10:21:00', '2019-04-18 16:45:56', NULL, 1, 'evgLW49kh8U:APA91bFt50LkQKR8bPRGvLFwp-K_NlPh0AOZTDbQkZMnsZfcamlQOkx3PitWOZ-M_3-mL8crn4ZUvZqa3__dt4Z7wgL_TyGN01p_ms9KM8TmB2U4u41Y31tsjc1uCFdLcYkNGuQBEhUK', NULL),
(4, '2019-04-18 10:39:52', '2019-04-25 12:31:51', NULL, 1, 'fqWQeUNN8P8:APA91bFCM2rDJW4C-YpaEk0BjOnvq948LF5wJHjODoqEM3TFayfHFbpKaKopTgVSHyu1Pr0rUdoDQMMOyOEZzZIwt-vQVQn8FMBkbUNiQio9ITHLQ0DD1QTOttfmvQklM5x6cn54mMhQ', 'Android'),
(5, '2019-04-18 14:39:09', '2019-04-22 23:00:02', NULL, 1, 'f6bcTIM_Ip0:APA91bG5QHMJSqISOvIoUdOPve6Wf-sMoyF1M0Nay0BHZcvhWUAW9l5znoVtA4AMslRQ6tZVqN_FfcChBWgkedXltj8sPfhAJgI5oFqW0cLk0DCuyAbnR6tmJ9j2MIrSKL1XR3UDnsTx', 'Android'),
(6, '2019-04-18 16:51:22', NULL, NULL, 1, 'fPRLCcb5PHI:APA91bEQ-Z2k6N9dQRjoavX7s8vta4yhShA7F1dd2ZnkHnqFv8wN6OLsLC9fRudhyEd07kYQzvHAo6qN0sD9IyRFYxWVjt2kDNGf6hUbkL-4zFtPz8_OESeEPe3VFt6SFv7CLFEZoNDR', NULL),
(7, '2019-04-18 18:35:40', '2019-04-27 08:20:49', NULL, 645, 'cd3OV-LOAH0:APA91bFb5D5ifEWdiKoxfk1qJ9o21V7IIxX4XeaXN9QkKd6X8CxGmH2WsDlZQ-NVWauzQYt-tDzV0BFV7C8yBmjOlHaf5XfIdogyhaLzOHtYx-FVggdMvVe73hpwg2bU7Jz1MZLD6wWx', 'Android'),
(8, '2019-04-18 22:11:46', NULL, NULL, 1, 'fMFCTml5vjQ:APA91bGi7_zBMaLzWDJG6xU9M2i6CjbR0y7czhIH77qPlYs2hqouIi1dvY5xE3HF55u6A4fnvCvaCRu76dwcGUgN_YQptDkMkA9_OOsJBwE7yVr38HXLJfGxIX_dCCx9q8BonJmoXcdC', NULL),
(9, '2019-04-18 23:01:32', NULL, NULL, 1, 'eAAdODCiLEc:APA91bGaCGR0vNxUlG0e4v9pVJv7psnrLhcIE1XQKran8gnaUlrARrJUnlo5_vflXhX4NyuQ54E5JdFCdLhmt2lXBjOniSv0SqSHeWzO_c_d9U3MVHalUqsqNTzMapqlxN8saGEx1HzC', NULL),
(10, '2019-04-19 10:58:04', '2019-04-19 11:01:24', NULL, 1, 'eE6dUU0PTck:APA91bGbax7xeKnr0sKSTZKfJQ8gm2p3oboEyq9a6M75XhNbVo8Xsf2VunMxYDmbtpVEuBhZZkXh38jVAnXiDMf4V2WpnbVFNoGzLcxxW51_eAgzZ9U5PbMYlHqN9oSA8lyugMtlyI6E', NULL),
(11, '2019-04-19 11:08:19', NULL, NULL, 1, 'c8W610r-z1s:APA91bF7U_ipta8Tdi5nRkw0VRG3mz0fVPRFe6DAasDSmfzMZSHFH_-z3nw7mVkUPrZXt0cyOB-ddcCFNo6gncFx8MiwKejnWbESfR2usAte4hwUomxrqkyY80I0TrGmP98VA4umf_sf', NULL),
(12, '2019-04-19 11:29:08', NULL, NULL, 1, 'fr1MN6EkmNs:APA91bFDmK-PFmxnHc2xByWT7XYpbvyZJSDSzjLbW6P01hzK91mnMNJuToYNSdAw175uPhLiIctbiSx5Idfth0FQ7_aR9U-uF0iwKCuHX_m498zAyVR8PpHHQAqvNpOOj9-ofqvtwl_Z', NULL),
(13, '2019-04-19 11:32:47', NULL, NULL, 1, 'f5_nqbb7jRs:APA91bFD3EUvEh2VJD0usyh82xMo_MOzhgw2jI7UY_-kJ31gIgPfq2s12oHOXUFgpQgMA4FHotOB0ruEZ6cO1cc96ny9vto6LxFOR4l0b3yFfQdd0JbIQiBdX6kSwoptzgSKiXa42zHM', NULL),
(14, '2019-04-19 11:33:24', '2019-04-26 16:50:27', NULL, 1, 'fMIObkgEQXY:APA91bHCWllR04Kx_JAWaibOWL52UUHVuuvmyE1oH7bKIH0svuJQoUPJsTsCygAuj5bhDwz_vQPRWTc_ebVPmFkIB40m6tAFaRRdCXksEgpIoT1_6SS1BqxMSdoZW732tQH9jmHwXouv', 'Android'),
(15, '2019-04-19 11:40:36', NULL, NULL, 1, 'cSrUOfl50I8:APA91bEptE127BHEVT7LUSfLSqstdRA0G5HuVVHTK_Ql8DwC8afBTLRALCv7Q3IlpYoXeWai0bK3zomfmVhvmTNEzHJWEGrP_TTNBeYVQT7KVgd5rJ3jGSpDfqmQ7q2zOtWjpgNomGJa', NULL),
(16, '2019-04-19 11:57:10', '2019-04-19 15:35:53', NULL, 1, 'cRuo69ONE20:APA91bEF0timjqq7MnhOEJLE9YrnDGNBR0wAxQiaLxRbEsJEcPjLReBeI3LRDGd-nQ0LJkaPCZd0_4xdA-eRAPRdfk0XmUrtcGTpF2_3rm_7w0k83H9P32F91gl2nwhW53FPjZbpr5n-', 'IOS'),
(17, '2019-04-19 12:04:23', '2019-04-19 15:15:06', NULL, 1, 'enxO5lCE2aM:APA91bGi6K2abnfWytzU0o7H-6UM-rQm5R-KDRu6qYGPjMdMR2BUqZzRHXGmMUmbELT3sVLRDisWZ9Vh-F2r4ePukj4wkj3kfef6pEYGkOThx5TpQMRYQRBQE3P6qwhjX4YQnEv-_gY6', NULL),
(18, '2019-04-19 15:15:41', '2019-04-19 16:07:07', NULL, 1, 'dbXeVEu6lD8:APA91bFMbjgMQMVkswBAvRFovti_zWlKpcKooUArroNiVybqqXPPl-V7T-WbKioN7REuU9FQQi8C1GKmO_wBSmXPiwAgPYUwZpFJbaZKsJJtvBS46xJJPoAPEgrX8zaM6WelB-7xw4rx', 'Android'),
(19, '2019-04-19 16:40:14', NULL, NULL, 1, 'cuQqQUmpzS4:APA91bH7K30cxujTvguTUPLrYlX6XMujNn14bWM3ovY2oYiR1rC8OulbM3ijsJbAjpZGUfMghfX16jp8x3P9KcZAXkAu4AoCkVpDXLDn37kfoeqQ6nzpC3z3IjoVynApOUHhrIU3vxXZ', 'Android'),
(20, '2019-04-19 17:50:31', NULL, NULL, 1, 'elkDWy-o6MA:APA91bFABZiLUZDGG8fGSG5oVaxCzfKquDb7jGUu1GsX5i4jyCgpd15N846hawmzHO9SG4vTyy1YCRoBogLu6_xb5LvwZKKRQog61sF9apS8JNORpqc3iw4pAh7vLZKv5Q3Jx6efYeCh', 'Android'),
(21, '2019-04-19 18:00:27', NULL, NULL, 1, 'flqmnHw-xd8:APA91bE3dnPt69lmDCQJlAnrs9o1hsQLwtV6RhNQf8udOWHlo3q4jzHoi8fUMg5udbF97woV4OIA-TXixLCNKBx4DyIqeRB8xPoS95Dg-aqp_X1_srD148ZWE2fg4Fb5u-fzq_P7mcvX', 'Android'),
(22, '2019-04-20 07:34:19', NULL, NULL, 1, 'eUAmvnYUmzs:APA91bGnV-lR9c4VU8tZUJWjuRG0fphJLAPW6m9VigiK0taAuWg2IZXVm4kZ5pjmggIekJF0oWWNPa4qE3QlPJTxcp7DYn8lp2NO-cx78SJ0BMRqwVCgsGsHawDQ6FJmaeXQCmRWMsyJ', NULL),
(23, '2019-04-21 05:57:38', NULL, NULL, 1, 'eWJBjZXhT9s:APA91bHrn5yfthRv9cjzFEOC2cdPqczR5gh0spNHr_9WlP5ePMiOK8FTIyLyURTmaVfU4Kr-mKEoF-Sv4E4IN_JHHo3NuRy78AVZrvkgUllqdiIb7rbTR5cBu5UNk324TbqXQQDIiC3P', 'IOS'),
(24, '2019-04-22 19:54:31', '2019-04-23 12:42:47', NULL, 2, 'dZjvbjeoaWw:APA91bE_DGT-sEbwNr1bJjwe2oc3GJKn8brNtbnbuKtfeBSEOEr7izK8o-r-UsoEqP3fk5QMco5eLHbkCPE8AvktBNhehWeQmPG2tclISaRuYwh-XKThFtU3mDHT8x6j3eFGYR0TxXKx', 'Android'),
(25, '2019-04-22 19:58:09', NULL, NULL, 3, 'eTWP0MPrF3w:APA91bEpf5Lr_Kjj3doyX6K5RRuTUPGyFlcOg9KRsus6T6xH5_X4vk2pyjYGIzFm3_nIq2uDWEMVbkiE_-S1HNIDM06DcJpC16TrmVNW85CNkBM8QXOXMmDrXE4wAjfP8tfPT6p7GFoB', 'Android'),
(26, '2019-04-22 20:06:49', NULL, NULL, 3, 'd9wLBxtzOcg:APA91bFZUCd_3espB_jzvv8DoGClEFhSm2oABn-4p4QI0Qu1w3m_5A1SnOzvOexjmPv0kFYBlGNv_Dj9jh4ywjE07Vf2dNW_srIcUCDcfd3eLqFRe1bDgS3fV4ykIyArEyxoM20jhQn4', 'Android'),
(27, '2019-04-22 22:05:49', NULL, NULL, 1, 'erupGDQXpow:APA91bEVfvLGedGh5_3xMISzmrXihWIXZ0QuHFDJgBJsiX9B4LUftTtIYEi6ZM3mYNEgtGNMac_IOWiTyq0emtcc2Xo4MDS1CLhCOpCDY9q8AYUNnJSeEivdzDlrbQr__3OzHPJMESAx', 'Android'),
(28, '2019-04-23 09:40:00', '2019-04-23 15:56:56', NULL, 570, 'ceTOo--5a4Y:APA91bEmCh1Q32ZZVx_XQ8d9-jO_mN4QM4hEwYDbDxAD_rqIZLTAqvaGS0sY4k3BGtpC6IBrmSDHNOFnbSY99g9GZMSkmhlJ5U5JjeYqEEmWhbYSJB_c-TU2pew6cadofXeKKoDGU28q', 'IOS'),
(29, '2019-04-23 12:19:47', NULL, NULL, 444, 'cYf7FxsYDBg:APA91bEcDoxQj8pX1jmyqAq4_2EFnDEw_LxEbNPWVLTKMfPfLwOL5Qr8da15g5LLG-g2BV7VIUoOSaAyR5lwYUc6k0QaKHGqZp20puXezGKRPupJ4p6qvpz_cxZDAvH6iW3d9Z8Pfe6T', 'Android'),
(30, '2019-04-23 12:20:50', NULL, NULL, 336, 'fzAN9f10DwY:APA91bEgvxswLT3sg2sS_EHud79Ip1uYSptJnGu4GqLZM_YMAzfHPkTAzidImKtGPICfBwEwdx-gwV9XahNfbYFzQl1pVscFnFrsPz83k4T1qXw8EGNJPWHb0R2OlP0oNPn-YJPImuN9', 'Android'),
(31, '2019-04-23 12:31:01', NULL, NULL, 598, 'cxX9a2vszog:APA91bHGH1TkWpzkD7IsRzSeUYrfHBj_GLGXtWgwCOEZ2sJrBiho0BvayxNJyFkTl13QA2KEJGZi1a-hUmYP48UJl2ClgbRpCBxJKvq7AjtpwaPlYL1McVoIkjaXUB47cpENvCbvUe57', 'IOS'),
(32, '2019-04-23 12:47:37', NULL, NULL, 196, 'cxTwrSIGfJs:APA91bEvE6OH0bL3vW1XOUbAbm_gw2f4L1R3_nCcU7lBdwIQhLngMrQUSC-MNQo8FkH7e7wU2ooLV-K3SM7j-hd3Xw1gguNDR9ozDQ0aNPYF5ycWke1jRv_esW9q4HAT1wR-hLUFR_gn', 'IOS'),
(33, '2019-04-23 12:51:35', NULL, NULL, 2, 'djcM_juUpbo:APA91bEpuNPp3mU1t2Ug2PJND0PkcTy3uw0V17xy6NG1U4WEJory-5JLiKmC87d_jtN622e0J3xz_NbPagw6gJc0k940KVsEUccSyjr4AGXvkrb3zPODoKR0HFJaYntXf2TpiCg8pCA9', 'Android'),
(34, '2019-04-23 13:14:21', '2019-04-26 18:00:01', NULL, 1, 'c3yxLnaUHvI:APA91bHgpB8zIIwO9TplCVxbKztIgjLyNFrmlNiav9P_tOLVqCcN2Q5ELgtORdlOvNH0JFvgu-JgT8q6s4axJAYfEFJiJ3rMP4_ciaz3oUcwZeM3VL1y_0MOIRuVF7PKWIb_zqces3ZV', 'Android'),
(35, '2019-04-23 13:29:36', NULL, NULL, 400, 'fwtJVqZCffo:APA91bER1gz_0f3iNWZlOqqC3KxT9YfRkzm454vzLGxPL5Itc3EMtFEzbgqQD-7CTbCh0yG0bb1zAiXVR2Ivn3pW2Q8Omp64oSYPU6yi34UnNhG_wQcwbZal8v5v726IoUhln2aHfqDe', 'Android'),
(36, '2019-04-23 14:10:03', NULL, NULL, 313, 'fp1YMyy6-gY:APA91bGCC6WZCDBZEhcp-_fQgEreoBtEORF-a38_lRDrRzwtN9C2p0FYtyxmUP5MWzwiYjm9Hexo8LI9SAUusQx9m4ZPxiPzF-SlRT_OZw_pLJW2GVgAaGEHUSZKAPf8NDL-oTxDngiW', 'IOS'),
(37, '2019-04-23 14:11:37', NULL, NULL, 560, 'dQpbjM2CZgU:APA91bFgSGzkMKubisMur0rKPTnZ3SyjKnKZfT-YDhIJVU_jMrNXIZTbkD09-MMmmoMXr7veEgLlBCiRI-Wexn2oUboz6CMY_6FQxFfz8jW46g7FA8-t3Lpig7Lw7awWJQ8n6tJAOKsX', 'Android'),
(38, '2019-04-23 14:12:57', NULL, NULL, 225, 'cl_7R9CfGzk:APA91bHKH4Ghb19q5OuBGvTeHsqcbvu_72AYMfo1any-yb-ggMnmra9lBXx-QpGH3hJJBOS_uz7ZvxXndqrJ3fJUurFPVb2Sh89lWZSHyCgIX14YhydwA0lNgD8gLIIjpTYWunalrOyp', 'Android'),
(39, '2019-04-23 14:13:24', NULL, NULL, 554, 'ckSVCkcNsSY:APA91bGwwuqdFg9LSAfNorXBaIiVySVllJHhVyUX3SKCtbjlPl1njNVEO1ffaBVP3d0xFhWRoCSWPQ5pBL02hCcGInTgL8QVIpRYHdj709LNuUBamy4dkncrN32MmIX85dzzO9uFSaVB', 'IOS'),
(40, '2019-04-23 14:13:37', NULL, NULL, 347, 'ePe4WiedJAo:APA91bFe48GCeEaUdm2vZDCcGzdQ6F3GIa61U1dQrBEtYUw1LnKaB1Ebu5tCX9mx43OASVvrG4UNTRac2ZqGH9v0T-4kPNLhKcoeNnmP06pC7NZJNUDfrYahHs94BNo12-D_TKrXO6yF', 'IOS'),
(41, '2019-04-23 14:13:54', NULL, NULL, 326, 'ev3yytJNkes:APA91bHS8VOkztktxPJpmW6345ghNSGRFEYVjjJEWDACWCsA9d2mKNhF3sLsMU5uCTtFoCoBqBbMaA6VjHVVRHh5PKPJabFXRtDtknV57qrfhzNnTbOtE9EF5T8s5agA4MpYn0bGD14M', 'Android'),
(42, '2019-04-23 14:14:17', NULL, NULL, 155, 'f45TGyxBjeQ:APA91bEvudokYLn7seEZfqyzE84TWPMbehy_a-J50MRg_7LpNbzDlSADGdPF9nPKvYghLbufmqz1RwUE4n5v5uQ4OY_k4y2JGWrg9_jkCTiZnMxRIOJuxjHgQuyhxPT98jxiAfAGLLwE', 'Android'),
(43, '2019-04-23 14:14:25', NULL, NULL, 262, 'dJlFECBQ6XA:APA91bF85jp5-zbaxNEWMid_WGomUNQiCLYefzfQ3pATjX-Xqxe08yRDgS3l99eIQ1W5y9VLZzfnwttaxHfpJzlJ72rPhI16nuC-WaaqYdq0wPMauaZaHwDAHkxF5qkH2e6ZBzrU826y', 'Android'),
(44, '2019-04-23 14:15:14', NULL, NULL, 492, 'fUd3s-4HnHs:APA91bFnkG-HKos_-H-MF7w6ggyqtt_UNVPdo25fxndZD-mRYvwYwsdvfkxM6fTgPqfOwDoFVL2eW5yEWtRjMK2WIi6Vg4Yr8f-Eyc6lK-OVyIW00qqgLXO12OJyEyJnxXrBQtH4gED0', 'Android'),
(45, '2019-04-23 14:16:07', NULL, NULL, 286, 'f7Onazsl3_I:APA91bG9nf-OdyHU-VKVn5vzurwoQlIt9uRNNt6279E-5YaArMkACAp8kwBqXRH3vTEcCgfQ-FnhnA4_6S4LIoUeFJLUXNpQjBBcXqCBK66wNk6TuIVWbX6i5vsIRqViL8D244LRvcJF', 'IOS'),
(46, '2019-04-23 14:16:52', NULL, NULL, 424, 'f6wU3ElDj_w:APA91bE_ZNdErXMra9KUehrqm6HqVbN15AF4KvUI3pKjQpVyXygeNFtBl9E9r6RckkkNf6Vu_0hV_UDXqX8J1yE3RbEiA7EPi43C3FqjhcJBTQNztylO4kH2rVVshMkSziVWulqXJmm_', 'IOS'),
(47, '2019-04-23 14:16:58', NULL, NULL, 66, 'eY79ST_DSzU:APA91bEh1jhwrWnZi95ipJx8LBhH-g3IfcVevaK5ksYygqdsrZJSZPhx0W3qiCIQrDHTe0FlMwsG34ly2S7JTcO_lhTXNPA7a6MP3M9al5bH3g9X8FW4oXzT8fnFxG0SDRvl2AvKejED', 'IOS'),
(48, '2019-04-23 14:16:58', NULL, NULL, 79, 'c0GdgkRKQDc:APA91bGYgrDEbtMVE2aqU4jZvOr8tWqQ2DYEWWk92GvQcKCS5uAUvrGQd2ln4bQ-3_ZcODfkvaWddGEKZzDOp4vaoB-RxgEZqzSq9gl-w3HkY-HrKBd4HUvoPwUAqn0VrO3IZYRxH53Y', 'Android'),
(49, '2019-04-23 14:17:38', NULL, NULL, 176, 'eCzB7vw5Q0Q:APA91bGOf1ruODvzS7rsFz5pNt1Px4KmyAqLQmmjvARATfi8FPRHv4JzF5SsWR6hL9SA1PJwBZkR978suNdkRD7qM8-_BM0lCODM5ItEy6OALwqHpCaEzl-kQqLhQrCXHQOkBpERZq0E', 'Android'),
(50, '2019-04-23 14:18:36', NULL, NULL, 172, 'f8HG3dfEMMc:APA91bH-XETIBDH3xB7jJ9_qSPKaTObY4OFhiCF5u4za6IgDC-kZkvkWtIWEKpqsaEGzT8vUMdYDM9iqShWLa1QD_WhgwuP2PeuoUrpTxVcBguwWLFNZRW6j-7sy7KaiaywVeeV3R2iV', 'Android'),
(51, '2019-04-23 14:18:50', NULL, NULL, 440, 'e0rDvzeMdH4:APA91bE4QON9_lNtbbKluoYuy271VQCpg-tl8eIQeUcrqCth9LyOVdOwcVZvEB1WkLl_TrBgjMKGi9AP_jTWc2edFQtd0ay3flH0HBX4vFDccjul3QaP4QIsSIxPq1BJWPaMUiXjHGqd', 'Android'),
(52, '2019-04-23 14:19:38', NULL, NULL, 140, 'dl93ep3aMDQ:APA91bH_KFKBP8PzeDOabBD3crfplSugtnVh8zF_S-a8kdWPRd9ADKGRHc36AfDLM6JsWJnddUONoEY3N0cM1fsVW6nKwR6h38peKcPFJ_dEEOfmtvUv51v-uh2t3pO_c-1X_BjdPmjc', 'Android'),
(53, '2019-04-23 14:19:44', NULL, NULL, 158, 'fIlSb_YGuyI:APA91bEAAAwuqYSFCaDHlKG5bkIb85HyYgw4Hc8YoFyli-N2Lvp98t5MjMCWtYIgkNNUW9584Cg8hD5oAG6GQNfOMDG5gaQu1z_U5ctcZcaygFdE5mWqF-K1OqVSMmh2KP-snP10aePY', 'IOS'),
(54, '2019-04-23 14:19:54', NULL, NULL, 69, 'dF4tN0lNMdo:APA91bEWEnuM4XQ65NHVgQ5Is4nt1Kd4LFP2CYKsoscYISn7HmJilmrODIXL0MmgpNDj8ghR-JMK1KUYEVQGYvmREkAvlmZF7gOFkb4QeqfEYehdUOzRdqhLHVL0e4HVzlit6SjaGhhv', 'Android'),
(55, '2019-04-23 14:19:57', NULL, NULL, 248, 'fhDgQBdsZtM:APA91bGRGWTAgB-53Ow65aqWryTDiAgESm1J1MxjB49XHXO39-6i6qGtY3NMogq9q0J7cMNpZSt822bPzCYKsBJu1wUjg0eE1CccTABkyZF8nq-AIKg53W-cvZxWwLTT-v-VQxHCoUvm', 'Android'),
(56, '2019-04-23 14:20:27', NULL, NULL, 318, 'cwcZHHEBBJA:APA91bHeEbClIRFmjHt34uBg6SIU7OkOjTpX6NGX0rMD45ZD5GnUZflG3tSLvUe0eZcgXoP-7fz5X1DI1gQ5gH0bbDbr_-SaK-xpsBXsWM1rKYH9tJLHvb2R4_f2CVBCtuXbTC8jdOz-', 'Android'),
(57, '2019-04-23 14:20:51', NULL, NULL, 540, 'dXlnZ9_cGFE:APA91bHtWpxMtgPMsni_Fj0crHGwUSfmW7KPPQXwPDzFCGEqLqBZGBfdUQ5jcT7lmBEXEpJwMrqJu4Q8OBSCdx2AQP3pdahPLRJF0fzz1nOPwUJNiRLMdGuSA1nkQpMVTPc8GPn6wmUX', 'IOS'),
(58, '2019-04-23 14:21:13', NULL, NULL, 344, 'c1U61BEQ49s:APA91bF7g9bWLkC6EjY7cS6jmIGAUCezrqj-YMyDTikL0BDWMsFbLBhbR-5qCGEVyfSoDCzIDTFW8J9Wdqh60h7Q5NITEz5taPq03izQOrVRRMnuZLCFganWnd-11Y8mN1kPFMky37jz', 'Android'),
(59, '2019-04-23 14:21:15', NULL, NULL, 159, 'fFP9uhA4F04:APA91bFOtPiF_QqaxLhrVtDTQh9zuHzwzpNDywjml-SBRkClShXmgBhi2kRTmJtPbivqZgcgRvTWNVODdVdxXRA78DbDm9NcPYI17bXv3Km6QClVlGvUNf9qDg8vQm6QV6zFMbFQn9Q3', 'Android'),
(60, '2019-04-23 14:21:18', NULL, NULL, 421, 'd7ghrPJ5FDE:APA91bESnvHA0CVCEMVe4BC4brYTJKERDmWssenfMsyP_P0jRUQQ8hzyeJ2f8_GV7QuzkgB56l3NkNWA5io_3R-Mv_7hm7362ZtQC70cX0p75L96XgX2j5EaBauHvxS2umKZK-i3eefj', 'IOS'),
(61, '2019-04-23 14:21:20', NULL, NULL, 274, 'eaeyMg8nVQM:APA91bHZf8Ss_UYXtqaPckpzJpwRbQEEoib-9InyUEDf0_pAMpLbsWeK8aIrdhYLUb6knMk4Oz1C0NHgwsolIrhxbrtOg10c3M694rO3J626hWiX_tbB_bMrzgRtyDJlGx82rMuoi8T1', 'Android'),
(62, '2019-04-23 14:21:57', NULL, NULL, 380, 'coBC4Ja0vmQ:APA91bEvoYh4DwTpWxfefN-40nKFSA_k0q-WtP1w4yBh1-GcexPH8aqNRP1LwLdY7t1sHz5giQALF9lWvYjw5vvcIstaCgBwlxDkJ9aPkVuQm1LiGdiMHJq-UeRbjY4-o84LVImsKi65', 'Android'),
(63, '2019-04-23 14:22:11', NULL, NULL, 362, 'f8hQNm8UIGM:APA91bEpvIIsNE5o2CX754KMckZVDl32VR4Xlovq3w5knBHE0-s9_J2Byi6LqIQq1BWs9zlnYYa05QkteigK_Gox7tTWhjhe0X0Jza7JCRVGBRc_K8_Twf4Co-c5NGp-5x4809EL1wmo', 'Android'),
(64, '2019-04-23 14:22:17', NULL, NULL, 437, 'evAJmX6iK10:APA91bGOPmXNqW8hI2jXL92_cUgOLzPTiSrjysC0jAUX2ikG2uz_De2hlGmwFXrE8R2roklndaqZFmwaI-WduAp8lvw7CcmiCJrx-mLwG8EuRi8hFCiEdoaBAKA2NppmFokFc4wzsrlp', 'Android'),
(65, '2019-04-23 14:22:21', NULL, NULL, 551, 'cWTwcGeTEXs:APA91bGsyPIxIHx52HUipFGAJM-X9Qs7vofG6Ua0FHiX0SqLGGwSeXcTwoDT9vRaqrPjUf67kCbuDXOA5Iab6-Diihwd7uxAWgYSGaiyVjSsypXr_jOYh4FZpusxvvYbrMdBlgMSXzTq', 'Android'),
(66, '2019-04-23 14:23:05', NULL, NULL, 177, 'dLcjqUJHl3w:APA91bHSZI5cOgU7y_NJY-qTNbNnzeOigbFMOJbc0lQAVNTbj_DjYwDHunrfToWDV-uxrUCJfB7_h1-72xr-poYweYvCSQA4S96GgLpBYqK7h7IdQTL6FdN_Svk79EPvqSSpXbKOrVsW', 'Android'),
(67, '2019-04-23 14:23:13', NULL, NULL, 121, 'eHa5HZeJO74:APA91bE-VQQkqtN5evXhXOQnSQXZXUC7qSe_SBAbzr81jsUJE0D2FLsRqsi-cKjAiFdn8LEAbIBbhpcIGwtj7WP1C1J11YTjhe8Rhfy1bC3jHccnlb3h0zNXvM-u32SS14R6ESW7hp_X', 'Android'),
(68, '2019-04-23 14:23:54', NULL, NULL, 295, 'cmT0IiSI-8s:APA91bHLf-1VNvtbJhmsqA_2DSHJwxyEtEKYpWlHasU4CAFFC4Q3eUsLIt3iTBANqvYLwA3T0LTRsVz3RsbpBKfwD3yq7ZvQ9WAKJDoslhJc-xVL77B8HKtj5Zu-avIz1VsWD_1uksSt', 'Android'),
(69, '2019-04-23 14:24:22', NULL, NULL, 376, 'feKn29SGlRs:APA91bERtCR5YKu9irPndrhIAvX3I1YML485Cpt2zp3mKkGUlqUF3DEt1pIo03yBlz_Q0CkL1Lqxxyn9laQyRXZt4LURorgLLtZYQ_kp_hDF-hncidZmPPubMZ0TjW_yfjnf2j_4mz-j', 'Android'),
(70, '2019-04-23 14:24:34', NULL, NULL, 502, 'e8S7SJlYVY0:APA91bHoUD1SrydM0zkyc25E6i6YWFq5XW47jWe_fYTieOsZtSOnQjAtXGEDMFsBxw7d_vvKkM08PcaJgYezSTDb31nDNwpN85lSZ8Se69bCAJA2zFyAWMLGz1pn_WRJbWATvTh_uc6m', 'Android'),
(71, '2019-04-23 14:24:35', NULL, NULL, 157, 'eADgWWSJQmM:APA91bEEDkVR9883LlfKRjB7iFGGAs23DiBFwrovguAKs71fMnVu2MljLF353l3zpSo6LBdACtw8FmV5f-mw0SWL42hiFYt4QmcM3sGXtdYgEDKPjTJfUBeOegl89m9IuQSAAK6SG9sJ', 'Android'),
(72, '2019-04-23 14:24:48', NULL, NULL, 482, 'd2xpSc1iJfI:APA91bGWsXHjL006VYNJ8Q9-6EKDJQpXPf5HyXXKYytrQKVuCUkOqc20ppgQE9guIpKotV90pP4HLRPxgK0iGbkrtM2G9IXZJQO5ELk1-qZO603LXlAU8zbENLMyWkmimAhdnhsu8C9W', 'IOS'),
(73, '2019-04-23 14:25:12', NULL, NULL, 17, 'c01VKx1UuTY:APA91bF9O3rblHzRwsB4k_lnx2CA55VdqgANzzT5OqKm1Pg5cEP3ljqoFoMLWTOipXLAeoLORDB96oWqUD9sdhuy8uxUy7ufkq89cYk5S4IfJl-6_IrNT6yiYal3GGUHt3MR0G9OkFkK', 'IOS'),
(74, '2019-04-23 14:25:21', NULL, NULL, 21, 'ehWSl4Xvwj8:APA91bGrg27MEqTMj7iCnnH53wkhLTmuqmKQwnPqnQrc2-lf1FBGSpPk7CCLFbAN8PQvZ98ir_jhy5L3HIxUTyQGijTCPyUdowl-1zpjLvqzWo9FcC9Esd1qfkguEv3ENFSmPlr6MtQO', 'Android'),
(75, '2019-04-23 14:25:27', NULL, NULL, 429, 'd3H6FDSg7sQ:APA91bGp7oZJRQIRSAtte3E14MSSAkk4CCFzIH_D35CPeVOfTbarJY8OMfqRovpIGfRYFu9TGpA_Huj86Kt9Mtnu5vsLZcee6565D53CLXMPk84L2tK48pgVoXP9aXNWCDKUiC45VqEQ', 'Android'),
(76, '2019-04-23 14:25:30', '2019-04-26 19:26:27', NULL, 307, 'fr1x7W8piOo:APA91bE88XU41K0dCwOV6kpilbfJTmnIgR41DsViKUGCb3daxHlxBpNxEU16fZtILaELNkP6Nr3Parq8vdnIxkaFeytNL2dyq3w_zblc5bK1SQ-PTR8wgLbm5h5PucA3N_Jnybsdu6P_', 'Android'),
(77, '2019-04-23 14:25:31', NULL, NULL, 491, 'ejzT5OkaATw:APA91bHtD_82kI0cCr9nRIgclhz236Xa2mCg41TQD4JNcEe9zSW-zhWPXOepEt-Wuxw78LZGwa9HG7jq80qdWAGdOZ1DRNdbxb8UVO7MuXd3YtA3hNUSAqFwbo8MY0UWa76cakomALNZ', 'Android'),
(78, '2019-04-23 14:25:42', NULL, NULL, 587, 'eJJ3HPJTfVc:APA91bFCHXgpDpEfJQ1O4pYnw-7eRs1F3ABGwXi2uwN-Buc1phoJfAxO5fdxc-kK7mjh2x107WBitVR6ZYKEk0zhzeOvg1pjRDn0AZbven5fxVqcT9i7owXz_FE_5Hz18xC72T5Oo1Hz', 'Android'),
(79, '2019-04-23 14:25:46', NULL, NULL, 428, 'dS3-IhUAGTM:APA91bEezjjWFky6YogC3AxckyvUbR0AaP8MUY5WaqHy12rKy5ONVLFeMveox8WlMVNI4_cgindvwHKHgLUAs2szyQhqklJZ2yBUAVJ94CSLJgbTbuBUJ_bpF3kQRW95ABzyjf_3KzOa', 'Android'),
(80, '2019-04-23 14:26:16', NULL, NULL, 360, 'd7E_LmH9ajw:APA91bHTFYmr2dGXIqPsEwNEduVknBJaifYja-076POPCenioMlO0HawYztkNJd-Igl-lgE6K0JJ0XoS6R0OzwfMUgooCdS-XY3S9bYtw8NxU2iwULiGXw99Wl7_GNcFXE3MisJtYp1Y', 'Android'),
(81, '2019-04-23 14:26:50', NULL, NULL, 529, 'e8ooJ3AT_Vs:APA91bGiRQ0Mg7tCc0RcslknG0GOW7m9aqLvX0dNlQOHjyECf1IhMlsvrJFR16rVP6Q97TfpfWIKmgnMfCXdZcVeNoxT_gmO75MfH6Zh7eYAZDGgJAYFEQt9eL1FeleqJV-_6FH--5nQ', 'Android'),
(82, '2019-04-23 14:27:12', NULL, NULL, 293, 'eQk_ubLztsc:APA91bGSHQ5v4W7_WnY6oxTLhzV66HqYOcCXw4qVJn-3PZBo47bb-tYgJ9j7QS9K4XEZhT0bd8k36E4ybQfD3e7PxOpMdLsjR96IZYqmkDbbLggX-VqvR31KBrRhoiaPCykGhszBTKQo', 'IOS'),
(83, '2019-04-23 14:28:10', NULL, NULL, 531, 'frLtHmteZxY:APA91bGvhJLTFk4VGVD3Hj8XdYOLSWfMMMCfndf16ZMcEZBvPJenYyvNMhYg4fpIK0fPWtY3puzJ4f7zYJFPmqJXFSU36SEBvHfzudcKhXCCTnMNbzHfchAmM5MZu7L7VPz6wR1lY7pL', 'Android'),
(84, '2019-04-23 14:28:20', NULL, NULL, 377, 'f4d_W9bfqEE:APA91bEM0ITOZ_RaI_3dZh3gjvFSYf4WHs_ksygbNvyaDXtVSwKzOy5SEwWmXvVEgaxNmSZEldO8FHujCrpObT9vNbqT5vSc3dMv4_9mPel6nBD5A7AzcO0xmp7PeCLI95wCEal_q1ST', 'Android'),
(85, '2019-04-23 14:29:37', NULL, NULL, 175, 'dONlPbgqaGw:APA91bHz6_9dy_K88VfMZWdR_xzMkCu0bWBx3FPUjxHesah_x8o-tSXyhsIvBdqxtpbuDuOjuGBf-TW6xL_CugJD0yIlSthocp4iVeKFsfpqSZEuqNDlRMjGrEQrD9aKvX2LKSnI8Ra_', 'Android'),
(86, '2019-04-23 14:29:41', NULL, NULL, 355, 'cy9E3RE7nxQ:APA91bH2vh5gZ67m_IEYHJwtiGrqRvOUApSWLh0TOIzEgj3sGLa1TUJuiw0sKSPruR_weB-Yq5iB4PfKq2nlEH1RjNe8bn86KWwhvLnluZmMen52VGUb-W2xGK4nQwje6n3erEqd9i_Z', 'Android'),
(87, '2019-04-23 14:29:59', NULL, NULL, 229, 'dN6k-RP9e3c:APA91bETdqSpPPxDoyCUag87mbIx7RD67PiLQCxeR7CmPCgvPlYe68ur2VD7pV17XXakNznH5UPujIPYhaA2RulMrWKcEIXMgTcFOssGMIggzfhq3bT0pig-dZEmysjQIcvAU3KUjo-r', 'Android'),
(88, '2019-04-23 14:30:10', NULL, NULL, 169, 'fR6XuWSE3e0:APA91bEFGxl5Bmfisfp-DeQ__LDdz6Ue_ztJZTpUGi8BsnnPHdeRHkrzTjh2r9z1Bn85KA0iCktaQRzKEJwgolh-aUduaJQhlpoDNNT6PjtDDN8xJhte0TvpZQ6rJLxymZvx0Wahs31T', 'IOS'),
(89, '2019-04-23 14:30:41', NULL, NULL, 164, 'cgjaF7vNOdw:APA91bG3aAKhw_Vc9e57UI60OXtaPIUjbJsYyPdSKhoW7RYfdhsLT5ERiVrvZ-OozO1-i4dCfA7xYQ1ZEfwd5El4Tf1TjlHJic8SxebKm_LnENishFC9xYWrH5d45rxB8NOXIQT5jDSU', 'Android'),
(90, '2019-04-23 14:31:05', NULL, NULL, 486, 'fCJ4HaPJVBQ:APA91bE8QySktuH_6y-PtTw8P-zU-HcXSWY_qskMNfhXoPKpKB6i_cTt9P3IQEqvB0wm_eJIPhF1tznVImqEUFAffez_GBshNR3fnXeNxax_G_hm_N0xWTA5XuUFfmP9vD17zL72rk91', 'IOS'),
(91, '2019-04-23 14:31:05', '2019-04-26 17:39:03', NULL, 86, 'dK-KpVgPTvA:APA91bGvZLGSIBPFoAU8V1B7h0hgObZlOlFswPJD9Vpu9uotIiInkG1Sg9VareWZtq3XKjfz9JwBIVbxxrnhdkrzk7sHYJ_Ba76jC34HirarSzG2qFs78xHR0r4YSYeyh89MjgrpflrZ', 'IOS'),
(92, '2019-04-23 14:31:51', NULL, NULL, 144, 'cPBIpcYKP_o:APA91bGA7u8EDYlhhC67bKIZfrUlb0_UBB48EHVZRruXwVYmYHOuCViDGnctPC1TRwNf6LE-6o3AuCNqeaR6Nw0rlpmbsERmMk0Nqij4xam-0AcFnDQ3DHmbDP8dyBTrBhP5S_4iJEWq', 'Android'),
(93, '2019-04-23 14:32:11', NULL, NULL, 591, 'clZMQw9OfUQ:APA91bFCJEwOnSII684I9mjk6BXVs711GtbFDm0vEdwb4Ys4Zw7ODmrIYw8OQ_HqyY5J1_R9rbyGu9rjHQyR_cBK0O1xVGhthAgFR9k_WfvBJK36GedMVlthXLp1L7X7krz0suCXTR86', 'IOS'),
(94, '2019-04-23 14:32:16', NULL, NULL, 77, 'cBHsdlTZuoQ:APA91bGNhJlakYRuWD-TpKX6BHANwvnlMwdwSWatMvGl_9DMO99Q87ftO7c8wnd_JS7KUwb6I8G4WYVbU2s9YaPuiKliAgP3ungF2OIqKanfHyptXiVbtryEy2Md2ycEkQ1Mem40IthA', 'IOS'),
(95, '2019-04-23 14:32:32', NULL, NULL, 308, 'cni1keRzHYA:APA91bHC-csK5bQQbRmMq2PrU_TsjILtcp5ilwEBrC7MwZ3o246de2tfpp6ujz0tvaUPoue1_qvB3K-8uhfzI6xBkiDrSpu2nYfVrtaEkzIa6r9miEwdmBGRt7frZJd7M4D6iaVxZwKt', 'IOS'),
(96, '2019-04-23 14:32:52', NULL, NULL, 62, 'cgndc4lnCX0:APA91bGSJvaRK5q183sx6BB5IfANX6q67f3rY68hPp8TTN5R_J1VERJMnLkkRmA3XGu2lyD6gCIDsgOimXeRYd6SO2DukaJHlDT6tnXeVBSqjRMneM6TdXNR770fzM5lXipopaEpWF7g', 'Android'),
(97, '2019-04-23 14:33:25', NULL, NULL, 154, 'fcdlUm0xAMc:APA91bFy-tzJvD1a0_-j_MQbvzUOGuSsP-YaS6HVA2KMKjSs6LTIcLoqOAvYmtGhokSzpGTF23wfeLyAggLzC9Zz0U05XAJFTRQkJOvII0w3_3YEnOsS2TISxfDlpU5CTYxDg2VmxKqE', 'Android'),
(98, '2019-04-23 14:33:50', NULL, NULL, 163, 'f5crryM08xM:APA91bENqCgq7qIqd8d98Ixlk9ztVVH0DjOboY_GVQmCmydnaDB-3F6_tFWF8RW1uld-B5RUYC3u34Z_9coYnWRJKdhfP-PrAszjDTbHfbvZKCvrMQLxEgWlB0ncgGJvR_H1nfVSXxzF', 'IOS'),
(99, '2019-04-23 14:33:57', NULL, NULL, 330, 'fwYQ_1aFVik:APA91bGQu7e1IUusa3QeLO6WxZb_xQrKadBgnia-YuVqn8ml0ZA4rwsbLEAenm2UQgVdS_tQqPvOJWMoj9Ps03JdXYQdSj3pidZrZSgHfI6ZBAaAnJ9IsYthcPqyY4HTPBWymhuWaR7U', 'Android'),
(100, '2019-04-23 14:34:45', NULL, NULL, 452, 'di1PbHmsaqA:APA91bH9BXo07QYtn5Y_dM-NX5KG_aM5FBn0UcQ5ca3aCqMuY5bTREnlpPHcJFlT3OKLyMPIQzznRlFq-aIFs53ZfR5sK6K6iIMbGz9PzQ3w06tPDXL4AhaqPDoTOt6AhtDK9vu3z-_P', 'Android'),
(101, '2019-04-23 14:35:48', NULL, NULL, 179, 'enokBdQX6ak:APA91bGJ_Q5sfYH-CnRNaZ8inTK9kBnQvc7y3yHacMUFLEZXaRuZzwdCHFr5gPBJSS4u5VT5PnEXVZEXtsra5rCbVyYpIaJiU6KUNMqXVcQ_5c2ltSJ85xfQsqLUbwACeC-1MaCExBKX', 'IOS'),
(102, '2019-04-23 14:35:59', NULL, NULL, 518, 'f4_LGGRV6No:APA91bHH_cun29WlyYTnpy6ABSE7IjV-yJgUwI5UQ_OKml4jdIex9mCzyKeHNbBLDwDkI2K7_aGF5mFcIMxjYrFYNR-6Y8xye03z7FvTV8amHwTPjDNOo11Hn5EpOr3sK95grU4XQ2BR', 'Android'),
(103, '2019-04-23 14:38:00', NULL, NULL, 310, 'eJD7WMzwNg4:APA91bFUfO1h4ZlPtypKrMXFStwrXMVhH3rQAu30n2TNUIR4ZFC2_qnloYg3qWXl-DjvHNHe4OcpYuhGv6H7eQW273VQ4bKfWPXKAho8S6Ux2ZnIVgB8rfgyFFgPVa13z-54G9bGv2eV', 'Android'),
(104, '2019-04-23 14:38:22', NULL, NULL, 299, 'cnNTHGlQcJk:APA91bFLXfHtG6H7rZmncpyL7y6KfITOsUkyLZm2AXBJ6QYy0ykBY5tsS8b8jzbNmTrMnKuDl0-NICgFIx_Txc3XlKbAHCC9vrOBb2X_5dzpWLAcCkxUNFR5STx5HH8CG66ntX7tbCLY', 'Android'),
(105, '2019-04-23 14:38:38', NULL, NULL, 147, 'chSxvk2rnP4:APA91bHt0ffJCemML7J1TLn1xT_JC9LCBXdy5lnSMINKtmGsJIezT4rlK0s-IUtxwzFC1939_UnEdI_by2MiKS60rbceUIk4_ej1g32icfUqGPe11cKnV8892_iencg2x1PTEWvoItN3', 'Android'),
(106, '2019-04-23 14:39:11', NULL, NULL, 8, 'etV1V0sVzZw:APA91bFaBem0oJoWZn5DbuH1ykbzPFN7wp1470Z-etH8xXPxJCc8v0xR3uPPLm1Tsjlc6d0de0yKScPmYWCSCfrvJC9XX8LnUSqNY5Pw0wi1CqnoX8YRQghwHlPHHzQ9LVzO-Id94X0D', 'Android'),
(107, '2019-04-23 14:40:13', NULL, NULL, 101, 'ckkOaAADO0k:APA91bGDxYzhDAfNC9ZThGFjw3XEByB6gClXTMrzDLlhDmKHHw7mJ97Jv2YkR6Jk7fiTLHJKWBBYp5xMel0p2vWBpBPd-7N1s6ue7eJcmjEGk2xwIuJ33t0sHShtQjl4iG3VrwTYQOXJ', 'IOS'),
(108, '2019-04-23 14:41:04', NULL, NULL, 127, 'eb3axMjx4lw:APA91bHHsXijh_cSHw_veKl-gSJGG_KP6qPu-r_NJsK6-U6wqt7zkNaT8uoVa54KbBeVTV5pbmcke3TerAGD48Sb-qAQF1mgPg4LuQDPeEAu_7Byr9nAGGoPbWnPdDoKpAAPVVgLsT1W', 'Android'),
(109, '2019-04-23 14:41:14', NULL, NULL, 364, 'd74aSaQbh7k:APA91bE4H2naYIVoNMV4qaFsHcEh08NCy9wEosBcQt8WijCc6HU43yYfSrf7ujN-fQlaezurKWLARC4-23Pcrqd3pvWu4zDxBXzMA7iNIu-D9yN2KeYfOOF5Le11doqmNSnszjn0GG-U', 'Android'),
(110, '2019-04-23 14:41:47', NULL, NULL, 245, 'e03pH9aWkb8:APA91bESdi0aidKC7vWEeZ7lG0Mi5h0wvG_QesxaQ_N1_qB5qoJkU_cWwWIt9Ry0VRDJs85ReuuYp7fe0FfnwTdZOWy0f8rI-MvHK167UuNRsX5KuZ8hL-DNjd1XETn9QvlWCfN5ah2d', 'Android'),
(111, '2019-04-23 14:43:18', NULL, NULL, 30, 'dJUoZuTajF0:APA91bHFpwkTCz1C2kYRGFaOukcYBBCMQArORGlnJCC2S3XxEU0ePoJMa-23rmuPne95BJeW6nhxXogUm7lSCol53iIMZ5T0dBayWVj15Q7qEzxCfwyKXw5UGwz4tWtVGKnT17icS4x3', 'Android'),
(112, '2019-04-23 14:46:36', NULL, NULL, 592, 'dPV8ML_WiKA:APA91bHSGHCdvBgYK_bRa3K8aX8wdR-zjWARBrHUjJudEE1uuATGMjMDTUAs7Y5WZrOzNZIlR055K9nIh7vZSAPW0UwnsoJtcmhv6cjZkCWou66nej2foeZgewU6NKWEixIpq8dp5B-o', 'IOS'),
(113, '2019-04-23 14:48:37', NULL, NULL, 365, 'fZEM6DdCZjs:APA91bEpJQsBPozhNvk_2iahf6hvBxV4z259dzAKasfHYfoXOgtVOl6h0Q1SpsCqAUOYLcgwXP5Moh386Vs47GtAEAVPIqlgl1pHy_8-5j3lR4l1AWjNDo4Nk4wsP6J_Y_s0XIttyXyj', 'Android'),
(114, '2019-04-23 14:48:46', NULL, NULL, 197, 'f2fVuQXwg9E:APA91bHnwFiImFD_w5IKH5tvqejjEjVgJXKp3-URnr_g08TuM78onH5Be_Ut3UkXxEC-Nqx-15w_mkx-hNoGgjOMwVHGxnFMuvJERXwQXYrH9UoZSNRujkCPPfkkNZ_lZ8eocc3FFJTT', 'Android'),
(115, '2019-04-23 14:49:34', NULL, NULL, 141, 'dsHCJH-9uls:APA91bElBj_squr26RSGwmlDzFVDLN7OCiCBo5PUvT8CmgetgBpLlhvr7nyPHwXSF1YXdqJujWrrhEKZplEqTOhVxtv1PFrZ3xu2pCmC4KfUlMDpyisezAKafckUKM8UKPcgwN6bPpwK', 'Android'),
(116, '2019-04-23 14:51:12', NULL, NULL, 240, 'djzVhi85lsc:APA91bE4Mh_OiJsycxg9U9l07g_FweQIVopLDpUsLqM8lyMd34OH-x3Cl7Mc15sMvnrpa7jC72eCfyDBQ1B9iduvDNe9JkmKaMuhFHkx7g4kx6wceiDyCnEBD91up9hcit5N1snzGBR5', 'Android'),
(117, '2019-04-23 14:52:58', NULL, NULL, 343, 'e4oBa28eP20:APA91bHVAqfB0a6H8P2_US8ONfdjP5JXAWegonMEcn0Lx4Y78SeE0QiJO0TNDr1of8k7zLlfXhuM6iApZRLZYo8erjQFUki5X4xrMrdiyYYcgPgkljLeIf7CNOgmGxAm47zDepvD9r9s', 'IOS'),
(118, '2019-04-23 14:55:32', NULL, NULL, 98, 'ecY4RK698_c:APA91bFCGkNvWRCJNfjuJ5UgURQK5tV_5nFBIUILVihbcl2IaIXcI6Ixa1hkDgEnSePsfDOK7sqpWcCStZOugwv3eJRIPo5QbZ8JxEXKdvBr3czJVLwIz714zPWjrcBkH--D_MuKj6VO', 'IOS'),
(119, '2019-04-23 14:56:07', NULL, NULL, 317, 'dKRFiOWX5mg:APA91bEqZeNCJExf6C9cDeCzHxzwdxNaK0n1bG09uiKU08v7iPDXQdIaIJTJ82OF6BIaHQ2y2RF17zQmBVX_fFVyFNEmvWNwiJy8BBUC5aUHtz8l9u67V2nEWFMrJT2yzIQSrSdd2N9p', 'Android'),
(120, '2019-04-23 14:57:06', NULL, NULL, 218, 'dK-T2ylXqEQ:APA91bF9y4-3OrmEX2LDRMSinTTknP_U9uiKkLJ7iNohrF3dvrHipijCv59Jm8aekBVIA_t6zSk2EXAcHr-fXmE-uuIUeNWEU8Usxq-a0IBVcCisyk4ufMalM7YoShCDtZ-Oyi_8P9gn', 'Android'),
(121, '2019-04-23 14:57:26', NULL, NULL, 18, 'f2h2ti2mzQg:APA91bE8aOyoJTaA48x-JX9HdYGtth0GoObLPF-o4CQZwldbNyfmFjdUGcBOIkZyxSTLaoftczXTkLlbMa9cLwsNw4bTmo3DN-qL0LdHbH_toO104vsszQdNbZVrrhlsijSmjIXvZPbN', 'Android'),
(122, '2019-04-23 14:57:57', NULL, NULL, 516, 'eGNxogGwzc8:APA91bEjiv1D4P98uT-dy0IWEDD8zGDIday_NlxJgsTK7cWiONNElNnM8gSYegNxIZ_fth8MV7BJL7yppVcJ3uwgO9EUaMWI6m20bT7swAiZFPdWQnMkK7xUgeUIC_h9avqBJx75VH92', 'IOS'),
(123, '2019-04-23 14:58:19', NULL, NULL, 444, 'em7knl3vj_I:APA91bEM20CayWxyDtTYc9pVD58wMziSG2gOXwvoCwBzLKpY4gZfWkWrRMigTZdTIrHgtCWS5_PyaOrNM1O_dN5oV8wvR6DIIEqjDx8VMfE68tykiU7NfFHqauUQEfaYij-3HWAnH5SC', 'Android'),
(124, '2019-04-23 14:59:42', NULL, NULL, 16, 'dourETOGp2k:APA91bGf-WQfgsM9iKHw2L8uhVqrukH9r_FUOpeEKDnyhtVDopgW9bZ6aAZTXqKHWj7bvD0JWVQr2mKC6E2dsHCtpFUC2XMk2YufYLx_DpIx5STlY8NiiWfw3aTMhPO44tHjzvcq3gMD', 'Android'),
(125, '2019-04-23 15:01:25', '2019-04-23 15:34:53', NULL, 72, 'c6qykSbHvE0:APA91bH7Xl45XZkmLnF3joIfVHOe349Nz_YFuCtGKdzTYJoDkCcTuC4FcehIXCkSkdOBPdYfB6YMN5ScE7lqhUytBkE_RjRPz97ag85jUtOtOgH0As4nlypnlnVu0oo0i0zf22A0ntsA', 'Android'),
(126, '2019-04-23 15:01:50', NULL, NULL, 111, 'eQ_cto6Yqjo:APA91bGCrLig0BjwbxbfGgoPoYjWv2ROsv4oFhoDdAby3eRlktVFdkDD6TiQsFkiHHSUQgc5aNBL1Hw_B_WkhzfY2z6TrapplIOszFbyyHev3VcZIXE8Z83vWiqkB3ZkIWRQ8hwbInuX', 'IOS'),
(127, '2019-04-23 15:01:54', NULL, NULL, 178, 'e2GvXPwXKwE:APA91bHisi6p_1C3IA0JCsFJQ89P4L8xZRclw5uqyZAC1EiaJRAuO_HlhyFfDIYcebwc4EGkqOXAUmYW6jM16bSjjodiTgyqQ4N20LsljxrzZB4DxG0deiCZlpli8dbDt9elDLmXfnbd', 'Android'),
(128, '2019-04-23 15:02:33', NULL, NULL, 300, 'et1ChxnVEPY:APA91bHXESfnB-nJIYYt5u31PQ-ZpjiPpPaPn4wlCZwvzH6JLkZmgA8u91zPPBIUa4NhaX4vU2OSCbk2PDFG_DmjPvNQ8CBQ933qDsn3l6W-_vbw8hcPLCkvUjdHwBFlGWrqYoGE3SWz', 'IOS'),
(129, '2019-04-23 15:04:13', NULL, NULL, 385, 'f1YPevyjnXY:APA91bFbIDbCAzyKvm9x9Sm4JC-8fPcGO_P-6B445AK-XfAOyozy3bLUMzKyQQ7xU-iJnMuXbWGYEYBF248QmwpiDSFVf1diVep7M3aUCbiuen_Fbg0rrExnONZ5j3a1OkIXOzpli8s_', 'Android'),
(130, '2019-04-23 15:06:11', NULL, NULL, 103, 'c5QpeCGSOGs:APA91bH6gCodfn5Ptq5OD48bkdOTkfYPtYvw-rioFB5mEPktZx_vpBbt5S2EuTKYq7q3Pm8VBgY247MhSYrPuB9w52UwrMpKd4_ednxdtBj47lSUlrtOmKxbraWP7bdtJ0gj-UBguAW1', 'IOS'),
(131, '2019-04-23 15:06:25', '2019-04-27 07:31:01', NULL, 337, 'd6pY6Gk_h6o:APA91bGF-deEJGOLNtiGondd-jSxvP9QI31fw2xV7mA7-TCNdHDGDgkPAjWluxV9W-d8v4jlZjnfwXvjGNWjiTNBGooj3EtGNwvyAmcvAuQ0KxyTLVjtCRuNqEywJij0RkFg5HOhjJIG', 'Android'),
(132, '2019-04-23 15:06:44', NULL, NULL, 599, 'fW0-kC1vpxY:APA91bFBtQhYLr7iIGQGFxDppVS5ZSgy5AHuH33piw0jGeNe59lIyKIeHpoS8xkukFOg7ahBYkoTiUfwpQcu1AeIYBNYjclsUbXSs6m0SM6fIAecqrAe9ZOgG4izzslFh1JNxcqvyvzg', 'Android'),
(133, '2019-04-23 15:07:57', '2019-04-23 15:48:47', NULL, 369, 'cuWgW3jwxmg:APA91bHDSKLNzk57a8hDVFb7wWb3JiFgmNYu6ZU3okpm_hxlsqQxyWIvllMeorMliLqhyE0N6m97ObQC8aXDygKRuSA4Z6wbaPWySkJaP_BV92MLTZ5vqTtn62D06ZYxvC5uQMLIksMD', 'Android'),
(134, '2019-04-23 15:13:45', NULL, NULL, 464, 'dYuGyneMsco:APA91bFbnthdP64X0jDyWdHpKPlESG134zLkL1bJPgoIBKibO9KWXXRwl8M6B19qfZ0UsA1A2pRUXWB1f7QLtmkdy9_ZBmZOGplh6Df-4YAbCRi6iIJDzn3s2x-0OKchRNLJqCRl7l-7', 'IOS'),
(135, '2019-04-23 15:17:13', NULL, NULL, 461, 'ct-TDLWwtsI:APA91bF3wQZhi_xfqHnuKHnQIw0msvoizGIKjiuQBQuJYJwvD7UkOkslg-V6QOKSirio8Ow4gOyGnZyIg5f0aAmngKXhwp2EeFEBVYZvHegrQg5YAgSCM-du5f3Y9Y6X7ccaSZx_7Nwr', 'Android'),
(136, '2019-04-23 15:19:13', NULL, NULL, 397, 'fY6K2eI6XZw:APA91bFfWcqj0qbGSA-9J0hso9oenR1X6JGOaScw-FMI5nv23ByD97Z81JwXBYXZ5dISs3TLgTokfsBxHa3KUcyoxXjt7ur7I8AteFjWybYALWTRXgpB5ORPR0kbg8DP5308ArOT8zP8', 'Android'),
(137, '2019-04-23 15:19:18', NULL, NULL, 407, 'eKNaz_2vT6U:APA91bFEA7os2mdnF6kNV7B-q16t2XGv3v0PgWMmIp2JXR-HhOzfgvwhJEC_erQmgkgYAnGipkDxPme544S7lC9IQhxf9WZmxdW8yzHmIwICp8LYESGWlTfmN1xb4TgIq6wWvRH2YeMx', 'IOS'),
(138, '2019-04-23 15:23:26', NULL, NULL, 260, 'e0HuVLNl5wk:APA91bGbqqFvVcYuimUvR2xP-Wtk7o9M1IyRJ47clmg3LpVL6DTtmRrl2du38XhvVhTgemDrauxXWefRf5GxyQ6FWx5dgK4CNo_bCzXfGP-1KiGM6bxC6uqa2grqDl0GDJgski3v8c1Z', 'Android'),
(139, '2019-04-23 15:26:47', NULL, NULL, 412, 'dgdjEcGvhPU:APA91bHPK93VNBnoQDSl51Vdt4rHXV8g3Nltf7Nu1iADfMt0241tQ5qcAjZCUzlWsM_8SwX8ZtNoLgo82NUDAecUbotawA21B7yaZoy7d7DzjckuErKORKc3q2yFm_Qym48Hpn9TRwZY', 'IOS'),
(140, '2019-04-23 15:27:57', NULL, NULL, 522, 'fufRoU3vBwU:APA91bGnB13KMD6G2n3Vd6wo8seEbeoWC6U6edgeHfrn89ED4fRkABWugZ5BoXCwXycc1w87XYTp04bPJjjzxLvXQT0aMQiPxaBt6d4DKn7Jj8pLO2Ug7270_7Oww1_HBRs08G7B5fQf', 'Android'),
(141, '2019-04-23 15:30:04', NULL, NULL, 126, 'd9XonpTcObw:APA91bGJ05fIUHTWCv4iSLRLwB6-Sfh0VYoneNfGO9VHN54vTNDy0Cl3Pfd2Jao4UpQSDU2CNjzn4BMOYORPIo6IaoqQajovqSQ_mnTwHQ32dC54T9zX93mF5xbwVrAsAOoZPAW3ILgn', 'IOS'),
(142, '2019-04-23 15:30:07', NULL, NULL, 302, 'cY8jgYybDHk:APA91bHIOcw5ePsAd652FlFCi1VOHimHsvTubqK5sWw2v8iOTA-yyHacf-7dscRxBQMhUd9scqbtaV_UMpRTSOtLBqyRq1ZYrfhQfSNoSLXXj3ynHMbLtcZerq6Wx4b0ExkoqgOHfZpz', 'IOS'),
(143, '2019-04-23 15:30:35', NULL, NULL, 107, 'fZ9SUWT-xjg:APA91bGaOYBJDCvrNNY9K4hnBxC8ZN1yhFUOIdzbfLGRf8Lz5J2rdFLdkAqUpz3fl-2IZDX8CfLSta_tOfF3FLGsWx15dQIR5XJh6CXAWIWtufWImiXgDZtdQ6b9K_hR-Avw0gv7jI7i', 'IOS'),
(144, '2019-04-23 15:31:36', NULL, NULL, 14, 'c4FllldWO0g:APA91bEtOWPubmODyeXZZ_Y3j06tCZWDmc6cgdvcCCtMMAMWSStuVRGcbHYDBpTWB-TKB5XR_-JnHKL5cdElRbVHjdaeXuziTwehwXMWEIaiidzFloqZJh8QfcaSIA_h6XpQYaQb2g3z', 'Android'),
(145, '2019-04-23 15:31:43', NULL, NULL, 247, 'dwkanGB8QXI:APA91bFh-xqOep1We7eXgYeJdhr2XaVTOWU5idGOe4JoyZADwqex0c2dk2ny3jnFMucOg3b16beuopweWaklCOrfFj6znOW_td4C1n3Es_68EAyuTgVoY9O2MbzUUPm6U7i4KY1s_ju7', 'IOS'),
(146, '2019-04-23 15:31:56', NULL, NULL, 513, 'clZrcSYp4Og:APA91bENfZ-p6IAqyxewaVmnfkenoSjP0glZIdMDE6k2gVn0P2mgFDTl_f0nqMRWsW4UMuYj6FfDsE7M7mItiSf4ebCFZ1nb1OCRx-Ng4CKKQKTvFh7zg0ut-SZl6p5-1FBrf5_oIis1', 'IOS'),
(147, '2019-04-23 15:33:48', NULL, NULL, 78, 'cbAjGo0xrds:APA91bH5Gn9hvbv40mYqdY7RK_RLax3N36XlWAcyKGlfTZIApla3A8GSVaRTCI4Xrm_NFsEKtwZ33rLswkrLr-PDihXQ4nX6ZHMbWwS5JksNg4KLUBT5klRhlmSQwha7J1CJCZKBCtUm', 'IOS'),
(148, '2019-04-23 15:33:56', NULL, NULL, 265, 'cFeEkCTK_z4:APA91bH0g7K0zk7qQNuiXbXw-S_xWdnH5orPQ_ClfnOu8b_zvOczepTnq6_gJlWCSPf5fux24e0MPwq1pg8IshVNuZjKI815Q--0TZcPpHiqekRYBK7lba65VM5AqUhsaYNxfRN-z_45', 'IOS'),
(149, '2019-04-23 15:36:38', NULL, NULL, 110, 'ciuj_J0C-i0:APA91bH-dEl76mHLUnW933_wlJ-1IJXMNwnwdvDRdrX2YSDKW5nqwkmZ6aFRGeMX_kv9pYyxhVZELMTYxl2RKFjzNQkiBLNcxq00xXhcOT1atfkEfE7GPtXyQd0ZMYFf6FTdGaXWudNx', 'IOS'),
(150, '2019-04-23 15:37:19', NULL, NULL, 527, 'eoG92m8C9Mc:APA91bE0XRtV9BpaM-qe7kItVJLA6CSAeZN_l5L1swWEI-5Nlcme-mwrO6W7SA343_F7WcQ353JkpGSIIFFcrFBgXVYhxeJ8JUDRvaeH9Rtui30yhZHxSH0eYFZYJ9n5Bt4hNtoGRPQT', 'IOS'),
(151, '2019-04-23 15:39:47', NULL, NULL, 311, 'dsjI1880t34:APA91bH-ZkiuV2UsvnjL3BO7tCur04uwrqmj7rp9yNtCoxUd8E6D38U6cjK4dyAjE8qn31c_U0JAb2_5mEPUkiuMex5klTLFIiheRgLXVo0tgzvvbeDu3XUdrDqV4a20oBRt-DpaZbyU', 'Android'),
(152, '2019-04-23 15:41:44', NULL, NULL, 201, 'cfAiV3ogkm4:APA91bFKFYy5aBI5StzM23EyrBwf5kSxtwMD47YKzgTA6Ir00sBiE23ZB1drCgjVyi_rPYS_DYzSpsNlPZISC5sPoO5dKZbbOY6vf7WG8tJ0dQo7TARpHGDIQSVnxnfj-7HiQV-V5Fm7', 'IOS'),
(153, '2019-04-23 15:51:28', NULL, NULL, 216, 'flRv7JFNa04:APA91bGZUtGkTwn9es1IPVgWoUw87-nbsj3w3kaNgQKvyL_2vnThwOXrM6RO36HU61ExNtoMVqRQbGBkuVhGYjn2qBRu4kfc1RN2FaLJ7u2HCP_cdiwQKOUqBgnuWiOvHd9R6atEZn7h', 'Android'),
(154, '2019-04-23 15:53:15', NULL, NULL, 384, 'eTqVmhT-qAs:APA91bFZAFeHWfCWggCKsdkeFfw7MgKlW2ef4sb8GUWP2IY9UWHLsmwkZbxnMGUMho7PaoLTwV90ahLTVBJyxJ-Bmen0vl2ySO8RyxqctMTv-GthDWbzVaIHVpaWyIA9D_kjK94tvOii', 'Android'),
(155, '2019-04-23 15:53:36', NULL, NULL, 156, 'eOBYq9fXvxw:APA91bH3bAP_GRQ0x5lJ3iM3wuOQB4xZZplUMF7FjYL2ytA7gUsDfWf3eCDbbblR464arnSaNM0ounpKLtJDEcqQyDNXFFdoDK9Z_l9PdFdINdyp9czmZeslb_lQcsHIpseJHog-rt14', 'Android'),
(156, '2019-04-23 15:56:42', NULL, NULL, 275, 'cmHZ3gfbIoU:APA91bEaRg3OYvIYMrpqPzo42URhOeitgLZmGaZjOrDFaerg36WfLqbS-Qx7ZcweXZ5qO_p2C5G7AwfzYW7afLeeNYvA8b4-oTLZFEpJUCpVs00haBHkI-US42aTeKP4VqHtmIsnULl7', 'Android'),
(157, '2019-04-23 15:58:12', NULL, NULL, 517, 'cvJSUICXJJw:APA91bEx9dJCyz5b8WgflJzH_-7giEtLripZRyYoRx4yAitUm3aHZRR5xAl8cLTvg4hu2oKsdOQ9FIs2YpUAPvNl1CrMhrgkhgxhvR8jxgJSle3gaXdZy07mh1LxI0IDsLnfi_WDRUnd', 'IOS'),
(158, '2019-04-23 15:58:30', NULL, NULL, 19, 'cb5XTyn0DdY:APA91bFceq4NRtbLQkH6PpYf4ItgZ-x7At0B2wJ0DkMKn9cNEJk5c5va7_Z8OljeTy_bFBZY0XRm5CXUtTQoWQdJ_S8bEfMfOQ2FPdJ5DuHDWOzTm3_oTtPzfUDJfwtKXnx8BOBrlHO4', 'IOS'),
(159, '2019-04-23 16:02:39', NULL, NULL, 250, 'eTJK4qnEloU:APA91bGUjd_BrUUL-nBT8s2epf89cJjUqz94wQoVFS3XsLiKncxW9pOOjKkq45ZUs4vylnrtkCrHjIY3AK0Ny75FEHu9C7mXt9Ok0WD2ifujOp6riT8VrNF7XUQjSsn9dMt1_H8ZXXYE', 'Android'),
(160, '2019-04-23 16:03:36', NULL, NULL, 479, 'dLwXyLKQJ8M:APA91bHX8doouDQvwge-ZHSPQ8hm8l4eBwawXDhor48PRLYItgoG46n4S2ZyO4RltT3LRhhmNxhg2kFLA8H1PhGBqXIUkyuesF8SW_iluHjtV_jM7SxttOqZzVcWf2fsheIikGjzoqBZ', 'Android'),
(161, '2019-04-23 16:05:50', NULL, NULL, 160, 'eW_mXMQHSTw:APA91bFQha6RnF1zMrI7vnyejp1bjyZzmbqMP18HMHFGhgKThmAI8hUuS5ICjg4ozNrRMBdKGRMdmxn1NfULyndfAemjZgoKZ4fmoft_yf56oAfYDnMOSn3-Lh98PwwpsGkwGXZ7w9Pq', 'Android'),
(162, '2019-04-23 16:06:42', NULL, NULL, 501, 'dwUvIkXVMDE:APA91bHYX2yM-ze25hEE3dti9ixCtPngj-HuEt8QiI3VWwDW34sgnaYTVuuZ2qEiPpnL-58uaTNSugJd7vPWWMCFlAwqwkTB8mHxfxJB8-ILx8MScd_zSA_r-UOsr6LAzv8rwuAS6P88', 'Android'),
(163, '2019-04-23 16:11:47', NULL, NULL, 577, 'eAcPw2eISvM:APA91bFRBcLaZ1ciG8p6VLd9hgqS3U1nmkeeN5P9TMXONCTEfsH69ebltEYkD6grGKLLBzXZ-thp3ze1Dqrjj9wPfDJbWhst3BYPXxn75ygdtG5v4TNRn3q4tVp01E7fIWk-xbpwiyb-', 'Android'),
(164, '2019-04-23 16:13:01', NULL, NULL, 398, 'cVYnhAlgoyg:APA91bFduHy2XDqHXxDaJrJrXIVNzbfRZw-GzjU5hS2AmZbdH1DypjdOIAZ2uCCIek-o_Qu8wcrwlpNqbzaTR2FvPNmtqnaNWOzQZPUkC5IEh-5MoAv4727uAM3JACEpmj1htKrZr9A9', 'Android'),
(165, '2019-04-23 16:13:23', NULL, NULL, 335, 'cop5jG3t0WI:APA91bFPeMP7TEdUka_3y6MzHrV7E7_VOXxOfV63HFQXa9ncAlnHn3sSEWVLVGmfzT5SclMGReWC72DhoOkeuYmn7AG0kuGIxVaRHu1DXJXC1GwdPi6TzYzr30DonHySmyUOvXqP9Z-v', 'Android'),
(166, '2019-04-23 16:17:39', NULL, NULL, 426, 'dm-087ncENk:APA91bG_N2-zcQamviHhlNw3pUx-wVZ3WYCEr7O4z2DznzNbdAUzwahdPNEKHhH4-9Rg3YORuYL_4taGpahe-YsmTWTGn-MVG291S3acSkf39MdmOcOu-QW9lQWCea5fjmLAuUAOAjbk', 'IOS'),
(167, '2019-04-23 16:18:30', NULL, NULL, 292, 'cQWiujBJuNA:APA91bGS1SvWJJu5awFQqo7J_M9ZPYSeBDAJP5m7mVIW2g0sFTjiQe8rcXxb1lbINe_tQKLQd4xrHygMJ5rum2rdDj1zZoqV72NdlRxd4STbGLlt13ryTvg9H-nIp3UMI5M_jiyGC9xh', 'Android'),
(168, '2019-04-23 16:21:41', NULL, NULL, 471, 'ea3Y12KuME8:APA91bHzEY1aoYmPjE9f8f-2rhJQIbIo3H7AitcAYdlfyPvq84JdDVZXlqoZJerdBzEjumOTwUyIcKJSwQiJAS2HREa_xIcDEV-qNF0XC-4eE8HMdUd1NaLS5NsRQntDWcGyUEqAFxDy', 'Android'),
(169, '2019-04-23 16:24:19', NULL, NULL, 391, 'fyU3VZHnh0U:APA91bHwld1B5L66UFD5f_8eHpzsf8dwnXxTlpVrbytBfJyv8xpOB8xWsY1zTv7tYq79fypx_vYtmtXCe1nJdR3HlyCx8KPLoJAv-9oQY22bctJCo3jTRH8BNAvP2aIopZVhuho_oivB', 'Android'),
(170, '2019-04-23 16:26:46', NULL, NULL, 221, 'c9vo8yPGB2w:APA91bGDBzrGqvE62x7gEO6MZBc5cGH46eMUl_Iu1BO3-PYloHiPrKmqxVQSwqF-f8ogDJT-XckzZF3God2pBwZGzeHejQZW_Lp87t9RlUf9dZAdyV785909ufQVDjtapes6mhtL3s60', 'Android'),
(171, '2019-04-23 16:29:36', '2019-04-26 11:12:37', NULL, 1, 'fPynexA-iRc:APA91bFdHJGViSj1L3glyPhf6UoBn1x1JNsN5I9sz5vWcfpI1L-Er54hrrFXgJ0Y8oOhWQCJJ6rhAyYMh2Oookc4pgI8aPGLqcG1iX_33WElD7NFjKar3UaXmlFjEdtaQwAyYVBAn3At', 'IOS'),
(172, '2019-04-23 16:32:39', NULL, NULL, 602, 'dv_oJpQz8WI:APA91bEyf6e4g6vFDRrCczXgks1SQNognn4hRCb0rwMyBKQdbdrsueUOaeVRbFEF29Rt9gNWhF4X_tinVbdB1A6aD_7VWhuKvRsfC4GLbwgVmqCNszYF1KqHT3mX-oT1qac4EhdYLsDp', 'Android'),
(173, '2019-04-23 16:33:34', NULL, NULL, 494, 'fzWQfrctsGI:APA91bEVEH89N1QGZa1geQVOSlLHhppk-0_fNx9cg51W7S4Gvk5CyEOrwm0x7q0H34nXT4YzbySS9848gCnqDh9EOa1k464hQjVkDpDOU2qRIk2HELDwl1XeSa_HCKwZHlPEFCSV5Eu5', 'IOS'),
(174, '2019-04-23 16:34:39', NULL, NULL, 366, 'd_hUEtSk-Qg:APA91bGOx0kFpDoJWSVEarP_zE7kCdvE2tlcpgJnPMX2l3J_nnmgjXAn23oKFFLb3589XFjyNc9FcBIDk-nEsE5dT9-wCQr1ukMJcIe_LYSwSNf8v0LT3fU1RFBhcEK36mqsqCqylSaX', 'Android'),
(175, '2019-04-23 16:38:55', NULL, NULL, 198, 'fP1TcPLRmto:APA91bFPlJV9EAi0_qjCNTKUzBlWklLJLxnYqe3_rcjxjpSUEiVH-Mn1W4XscsBGqVok3QYMMmVWjq_D5PEGLzhF247bcDeee96f96iP_Q0gg5lUcwY2kuz0cS3ODAGS6JMBZTzl_noH', 'Android'),
(176, '2019-04-23 16:45:17', NULL, NULL, 553, 'drKbPdhLmW8:APA91bGwY7sJMEi1_dII1OquNYLNbdzTMyH70q_ZSTHpfr_TWrrzuEKG7-mte9XyKw1IcQnu_f-9IasKWo9kWfF3HHkqUU8rB__ZnW45L8LazLmQfjUMZxjXfoExmWTOjBAaxOElv1XR', 'Android'),
(177, '2019-04-23 16:48:42', NULL, NULL, 478, 'd-n6F-2z0lU:APA91bGew4uTEOX2a-HHOlC3NlItyTNjZIj-neR-aj36rcV4DHf4i62WG79CXQ6Xsq58EhckufjLoC6ECahw5opjA3Y9wRd1AcEWBZz2Asp9fqQ9fxpS3MvzspA8y8ATdFiRnCbcjy9J', 'Android'),
(178, '2019-04-23 16:51:03', NULL, NULL, 183, 'c9AiGmk6k2o:APA91bHWwiBMmWBS7_FX7W-QjIWBIHqn60EJwwDvOrMcUXd8_ooybD5CiIx7N48PyjVWcbVrBp_2bb8ETqG61786WTkLroIwKXJIAjE9WCkK522KMhzKZRKbQ9OKc5xa78we3Q0WEmJ3', 'Android'),
(179, '2019-04-23 16:52:12', NULL, NULL, 414, 'dyvKGYvyMLM:APA91bFHAVYFVv0zJKu9MJ3fCbPXpoP5NmNku7z_0EHzpVAjk9DOoMcs6iuanHeEeO8eMxPlDQlGkPOf0jtsZBJC4urxEKfeR27mzCAHzfXO77LMuYd6_sISrAVGOrjnCW4Jvs8_Kb3x', 'IOS'),
(180, '2019-04-23 16:54:31', NULL, NULL, 228, 'flEDw3UOS2U:APA91bE0Nbvrc7Xc4F-nVoopIt1YnzDDcNfsn3_io-J-BPBOcbpK4Gnr8EwxvbQRXEWmG7e7tuyB3PVAo1L2inNE2T7kXf_jjsyOPJ0Te95RoZHL8MQN2ddd8UkOUEBYGakNjonnHmMB', 'Android'),
(181, '2019-04-23 16:54:31', NULL, NULL, 339, 'csmxM-eOHB8:APA91bENxzUi4GF8eiEpBcFQP9Vwe63nglNL9zJ4Qxex4J9VcucLkELQrQFTg6kRxc-qgIRMwJnjQr-_Pv6SqnbVZQwFzA0qg_RyRPOvIqJ6LUeeKD7vlqlIjvNPkR0kKD2p2A2TdIrD', 'IOS'),
(182, '2019-04-23 16:55:21', NULL, NULL, 303, 'cm-nXYBniJk:APA91bF02mT_sam587Cv_imL4pCKzgxefy1E55QESMAklwbzZW4ST7VAypbTTW44tGV3ipaUzo8Zs3he9hrzM7mGfQQrPfVzGjZLfFqdW61o9SEm0yuS7YfJ26qLPHDeYlM7Mmk8P0Cl', 'IOS'),
(183, '2019-04-23 16:57:18', NULL, NULL, 514, 'eLZdnW_Krbw:APA91bHoKLDw51Gk1kXgHg8n9Nl9LrCUIPFpsVg8CwHexcqWFRAvp52isBoVJF0eYazNwlEqyMEfWpU5zeIAByGPjwAy3YnJ07LSNjXRmce6-m22JeiKmQQoCQBh0fZE_Shn9hYciYCy', 'IOS'),
(184, '2019-04-23 17:00:31', '2019-04-23 17:01:33', NULL, 443, 'evunAItEKJY:APA91bEil7rwbBUsnFN6XXjYbcFRaNhUdFGDbjxQC0FT1i9SREeHd8u2qvsVrnQlBB34p7oA52ngV-xEwmkz0PUWwtOT9b-6SQF-_0NUdVtaC_5bVsgwWEDHyZlWprvXbXIyta6GaF-Y', 'IOS'),
(185, '2019-04-23 17:06:46', NULL, NULL, 462, 'eof1tYF0Ww0:APA91bGlOAx9uuXmGSydcehGKicb3M_T8dJGGA8jkUUQdeOaAZ_QZOG7urncqk09aA0p937Jg7tHkJZPweN-CGizCtE3yDJi4Yzz2Mv-fHN6LtwvcK7UIKw6lgv_WS-F1Oo9ERy6Scix', 'Android'),
(186, '2019-04-23 17:16:09', NULL, NULL, 219, 'efiUiTFpzJI:APA91bEOkyiIBqCQa7hs5rCHxgexNkCSqIHxIMjlOKsYcGbXIE9y8m4TeUJPfddLTZlxQurVIQQuhw1-1ER03-yTzw2mI1CHPNp7FikLuUuEFOJUuniofn_vOH2W71dl8U3u_jzhjPux', 'Android'),
(187, '2019-04-23 17:16:25', NULL, NULL, 76, 'cnsFNkew3Zw:APA91bGHHko0SXHg6u17UP5b8QlR7cflqGmmVIXgh6_SmWU7ERJSDtiV3vu_LXnu86e45CfAvhueCeb61NoPZk6SUzm2e7Ba6G-_wZjbwilPiiFZhUU_-Q3w1F4t9Gcfk_9-BU_TR-11', 'IOS'),
(188, '2019-04-23 17:22:00', NULL, NULL, 603, 'cY2DLjI2w54:APA91bEX9YC8cHErSmLpozPvR4Fn4UHaBhI8oPlGxvNech-mlImAsDN3k_3GeJdJxv008__YPat1q94orOHmcLcVN7RlruiDCcqqxsm92PVDQ4qiKhH3qQgG1Z0mKfpBjhvWiJAsIZty', 'Android'),
(189, '2019-04-23 17:23:44', NULL, NULL, 91, 'c1jwi_uygB0:APA91bH0SaDg6vE6yVryU1hriaOWMv_uMxgUSQglBRURxZU4sPXXGPknq4r52HuMwFfLd6IMDrhMH80G726Wlf3b3G4OirGJUP2W9jpdMrIEGvWWq1UjfSOXyNh7rducU4vel2ql-F6F', 'Android'),
(190, '2019-04-23 17:23:51', NULL, NULL, 490, 'dXYnUUmspec:APA91bEKlBHT85maPmZh670XhWoPFEbrhKcoisMUEsnslTyhwTGV34AM7maI_9QVoI3IE_0m7I88OHqYUN6Fqb9V1sHt0ccrujBIHHbJCn1hA8Sbgzi4rM7E18FZvn5QqnTm42NonryR', 'IOS'),
(191, '2019-04-23 17:26:43', NULL, NULL, 363, 'fDdRDQY7LQY:APA91bF2lt3UgV5gvy3hYfoCDNODcNM0Ur-IvEPYaSvUEKDDxe2pRuh-0RDPYCWFHtboAKa36_4ebraRm147gVL8f5p3cbyoOEkJ_We6QhGex4Yw6iu83k8x7a33UUWaeCqpbSD2lJnb', 'Android'),
(192, '2019-04-23 17:33:12', NULL, NULL, 485, 'cWwOxvcIf50:APA91bFAX3CiL717D-Fc2H2kBMSrBDN8zYrTac6wxuM4jucfWf80OFvsG4sUrtTji02lMU7PrMAdS5goD9olyDn6lEMK5NiZXYZHGjoYwi0D-_Ezcd_NUZoAQ3DVnSzIMAahi8-nGBR3', 'IOS'),
(193, '2019-04-23 17:34:37', NULL, NULL, 206, 'd4jlAA2sDw0:APA91bHuHAvBhEQ3u5dXqLJnlfXkVKxzKB1AlMXMRzf-8Iu61jf8vR5KomuEmpD8yAj4k08mhoN68zw_IRxogl5Q5heDw1YW77Ezg_A_b0v6ebmhOur3AeLx4L60n1O2KRptGhZMMEyJ', 'Android'),
(194, '2019-04-23 17:38:55', NULL, NULL, 5, 'f87g2hUHa2Y:APA91bE2UIIT1cTH8KnQBrqpFg6BANjTSaxRNVHCKDw4SuQW8t0ZC-v3ODv27y1INdgGV0y53VuBjTQqMzIBw7duWgJCyns7g6n2FoF84zkvg-FGhrQmieP01ikEmAIvmD7stALcfUQd', 'IOS'),
(195, '2019-04-23 17:39:28', NULL, NULL, 188, 'f1AVbySTN5I:APA91bHRBdJd879L28fSxXcga4IdvbztkGy2AwCCqNy5IGXwegPH_e9pkLX7n_2jTuX_X1cuxgJ22-seRany5PYRwIsTn4R9sCGZGiYUnqqJpKNcK3HZ5XcopgMq_6Slxd4GGDnwlgYE', 'Android'),
(196, '2019-04-23 17:40:58', NULL, NULL, 315, 'cZcjixMYZ7A:APA91bHACEBOckn3P44GE00nRIo20bQiLQwXwxHpZxVW44vYZivQK-Fv-T-oWD806RWsopEGzUuWQW6iTeNKuQZxF-_y92JSIRwtUCBmpJYCFue-RfDdaSQ2ziAj3h2i0SJdwuWpVdIK', 'Android'),
(197, '2019-04-23 17:44:43', NULL, NULL, 88, 'egkzPUK4waA:APA91bGmx4yTt_EtKtyKVVjTGCZ-cUvRHETi_tH71afVdEg5nFnTSiShdP5LNHyrECwqMlVs3Oe2fKDFrB_Yr8G84P1YFhyxUiHlvUVbUVL4_nbNb8ro9_Jthp99ovEWjW8LsGXCKYcA', 'IOS'),
(198, '2019-04-23 17:46:03', NULL, NULL, 511, 'fzrDAJNwbMA:APA91bEFtIiNoGEE2W4D7W0b5RpHOw9HPICcZkKvbJxOG2EtuD4UQpbyGgQhogZ9BpLvAczWrxYi3iEzygKHtH5pv2a3-I7aPHAFWSHGt1eFfRtAM5AJDxJsOLuzN4_8rUy9XkljVdh-', 'IOS'),
(199, '2019-04-23 18:11:49', NULL, NULL, 137, 'cOFkpoB0Zbk:APA91bGe9aT6Z_60QvErzPpwA1jDO6HSu6X9iMRP_UWjqTUjN-0fo6IibNzb9NYtmY2mapYPPJlHWZo72IKh0r2vGZkCSXVDchMMvSXeSwRTeFQAU-1K2pm3lhigdGHuwG4oV2WPRxnU', 'Android'),
(200, '2019-04-23 18:18:45', '2019-04-23 19:32:44', NULL, 430, 'dQ-RCVnDhI8:APA91bGgkLrM6EijQ7dNwDAK2wPXxP8-PudjOQov6-2F_Ez5_0UpfxIgrkcJgH0oNC5UP6vRc9KwE5b1WoraL3gEhsu-CkwROhudOGCfOAW0tbBiw3C7odd_B7IcXrX5dv6-D9pBKudu', 'IOS'),
(201, '2019-04-23 18:23:37', NULL, NULL, 437, 'cNX4_Gtd0Ps:APA91bEZMedS96N5TvjLU_PVhWE85jMVzLQSd_ParoCK8iYrHuOzfGpnyTAp8o7sZtnGRfTj6NV0FbT3hjet60cnUCjTU4XjeX4-c_cwxzWmmlOZ8WW5lbwvmq2JMUQgd_txoniO5kVp', 'IOS'),
(202, '2019-04-23 18:26:04', NULL, NULL, 581, 'dHrpPg7LSJ8:APA91bHrUvC-1uz88rsVKthCKubZU51u78VCDb96lPb3B1E1ta0HJDWez70BiZSrp1uukG5tw59rsbHUjBskYy45AW0TM2JUYe64896cYl4q010TEZHUwpVNzPjQsQe0O2CWDaLSNbGk', 'Android'),
(203, '2019-04-23 18:35:44', NULL, NULL, 65, 'flLEV-QDxAs:APA91bFrMO0WTr37N5E7ayFEIonCpCOUb53b0SIrHVCqa9KEzolZl2OvZ3Pg3asss7UEppof_wdhK1yoYVtEqwK8UtwvVVfAsUhUz_ZYEeCIAcb3OM-yh9i0zbsbtUEpJfBWaeOoMBYc', 'Android'),
(204, '2019-04-23 18:38:10', NULL, NULL, 53, 'cVtkDWGy1e4:APA91bGCKuatwBS46SZ5MvygkjCmdotbaljZSwfx0ZlGxW7y3hctNS-4gYa16r2i1vsmGGhhF6RH8JcXyZOYRhbzbxbMwWrLt6GW0asPrhdCdz3H9KtYBn6ONrDoTGzE3e3eZEenC-QD', 'Android'),
(205, '2019-04-23 18:50:52', NULL, NULL, 549, 'dQPlsXWX7og:APA91bHeM-pRPw6xHh1708KF1sF1WTy-5ILjasOQqcTxVkKEYYPM-GJMSFoBjm6a3p8yxlX44shN95bYfwhutIQpA0sBHrOowu-GZ8SZi0w0CFPvBQp3P0T4RDSqrSAQAsN8bjYLB-j5', 'IOS'),
(206, '2019-04-23 18:52:01', NULL, NULL, 392, 'dv6Kkwc7B8g:APA91bHiLdocpUMIJCHGZJFmh-dt4VboJxX5pMdoYfDHgPMbj4hgQVjyR8Xwzg5_2aMqLCK6PZTKz9jLQubDOQyUKT4iU0DLqVCcI-ngR_zXxuVuQ-GcChX_z6ZR6KlrWoyLyIUftcri', 'Android'),
(207, '2019-04-23 19:06:47', NULL, NULL, 41, 'f3dlxOd0QLw:APA91bHTl-rx5rS2hJX8RRvSqPhQE-eCSenUGPTZvN5uhVbMlelVUNTyadB6irZzlNBuwAn451iCsleFEQ1RDMbnmeigUBGnCW61y4eFX78HO1HVGrzL3DJcNzGy7K8Ym7gmIT1ZVniR', 'Android'),
(208, '2019-04-23 19:22:52', NULL, NULL, 328, 'dVXOrhN2LgQ:APA91bHlK9ECtgeyDnDFT-6WISmV_pQai_lbkKB3Sh06ciIOSdsGsJ6oagegZTXlhMFq2zzoKoyNj-DPIStIJ2W_s86GSKE4-RUL9SBMCF-hIqUHfwUuLSAmDhQBG6rHZ1ResWolturH', 'Android'),
(209, '2019-04-23 19:27:02', NULL, NULL, 151, 'eo_yrbH1KtA:APA91bHYuaIp5hSBz3S36rPIRIdAjdiAeYwmNgoeGFR4LNMXtcs5sH4AbyRzYERnVieCjO58rcLKdMkDQbzmQO64tao9PpBPXyj6KZ5mWqW7XS0qLmg2m8fXT6t-Fh81xxMfZ8ObgR3c', 'IOS'),
(210, '2019-04-23 19:29:03', NULL, NULL, 466, 'd3TxXHrAPys:APA91bGVsKmOpZ1YdWh0-wk71pa-slwEbZsTEDGJUG6OjslkwBWgiJTNQI8UL-LnBkYZNdwuPNmy5bSKLqs1ymide7ID_vprOKNIXOkkC9WJSz9duE2ddMqEoFRNWVCsTZArwdKZgTTm', 'Android'),
(211, '2019-04-23 19:29:23', NULL, NULL, 247, 'fuuqGDQb_14:APA91bEK8rJOXahaQTu8CDBG3VnsteUjh5nV7BT9fMoJtGcIwrasHKDAebgdObsIIQKw2UAmPK0fYnvVNVj5sQw4U7d58_WIlxNgsmJaDtGyvxrX13xJvun-4P4glo4TwtSDZuKUQha4', 'Android'),
(212, '2019-04-23 19:40:42', NULL, NULL, 117, 'dm-YRY0MXJY:APA91bEiIAMn9vgcUsXx9PDgOMZctnbrDbFVXuOBhQyiHGRG7_KpLIOMqQ9prDmO-HQ-nWWd9C69x7yDqxcLU_iIHswa3JurdJg8hIiSEaVHvuTF_Cv1rAkmGfpYW8soqm_pUk8Fbrhv', 'IOS'),
(213, '2019-04-23 19:50:17', NULL, NULL, 342, 'dG3MsTKOAtc:APA91bGFYhuL6KAiK5UK6aQ33nUI1NA3OsrjHUjzPwLvd8qdfKyH8HkmC89eoYmvyzoMVLLjknq_lny74zQYEtrOpEC4lEalRz9I333_ihRmEugO5UhSKQJy1gjdtED4ohxjjgdizTOq', 'IOS'),
(214, '2019-04-23 19:56:24', NULL, NULL, 348, 'd0AmIsAp8PA:APA91bEmO5e_bfn24AeRi1kDpQhUvMjjPU8ZXiNp2ME9DBGYx5Y64F4-hOpTXpWKqjWptuRMcJnAgGbEsdrzBrjdn9rwVxRoxPw1xikBqN7JU202PAs2RNsrFVZw0FwqjLxkWCN7PGsq', 'Android'),
(215, '2019-04-23 20:15:33', NULL, NULL, 97, 'eZHnca0JlHM:APA91bEsIQaliwu4Z4HsLfV77K43hG7QiytIohgLca6vLX7nRJOcrmBcihLX8iLLkpBCvaUQe7SPXv-e6Py6OoximR3wnup1dr9J1i33zTl2_ux1TVeYh8kbxa8ZxHYny9lC1FkCx6SV', 'Android'),
(216, '2019-04-23 20:29:52', NULL, NULL, 184, 'ePk7FJUIf9g:APA91bGOZjQYkx0sLXnfsLpgMKiYOS-n8wpQ4O61y45oIi02EpIJTCYunI80mt1uBQhdSvAmUeUtixV7q1KEfH2T3tusdB49yJALz_xLLXzsn2eG5tMYWhjFlVYktvJdVh8Ot1VqO9Um', 'Android'),
(217, '2019-04-23 20:39:05', NULL, NULL, 67, 'dsFspHWYAr0:APA91bHJzew0njlkPvwynqFkaCxau9WtGrp4dibyP5e7vLMYfSNl437t8S9pGpO4gbC_SiDNnsdjXDV1VWUGGcS__yWoMa_dWOqWsf4TezRTFv0bz3WYC1rxSWAv32UTFLnygiyS9m6v', 'Android'),
(218, '2019-04-23 20:49:36', NULL, NULL, 42, 'cfJ8Ueymu1s:APA91bGfskv3BPWpV_GclYN1ganG6xu8QJ1rRZUdsj_rqJtAS8w33DFghaCWF1lI8HOF7ayYG6yNiRDIMjP382cCqwECdKQ1pYyudGuKC2UsD7ay61vCxnYunwqXsXCfHcJAUsuzaSa7', 'IOS'),
(219, '2019-04-23 21:09:32', NULL, NULL, 548, 'dZ04du226Is:APA91bHiuUU9cmEzqZiBjH6W6uW0Cv4mw9k-VnR7UYpSXlCnhnDQPlhEDsP5adXvne4fY4e0xNpYtsvuSaBsz_ZYgY8jl_69-P_vi8h_25_sM3uBgL50nrPJZ-OsQ5HpPcCBoIEbRSIv', 'Android'),
(220, '2019-04-23 21:46:27', NULL, NULL, 542, 'ecL7EGj3RhQ:APA91bGoYy_yHLEVOJW6PaIALzM37BhnlXa2XF65BVKdV-QF7iyAujTjgivugq9GaLvTNiBSJCmgmY_VSF3KJQcTgVgunovcErLfxIvk_aHDtPlVws3RiQIaD0GdjrPuiZ7XYGu4pFXw', 'Android'),
(221, '2019-04-23 21:47:42', NULL, NULL, 481, 'd7Lp5VH5dLc:APA91bEba-FdHUjZyHMv2RwSL06NVNzpDDwx__nzJw0qF3AApJf6LwVfweLyKdZta84V_o07DDRw94ToLidQZRmckrrbutddy1PoSPwWYGeuTpfRjz5YVH7mwXbUsG-jVzsGtA_8GrpX', 'IOS'),
(222, '2019-04-23 21:56:59', NULL, NULL, 512, 'c5iTz0K_QgQ:APA91bEVjBXZmDil5Os_YRIHTv6EkK5pd2N8cqlXZYa6mUoMDQTVceafO7TDOQoRr_vpEFGkml8SEI4cGHV8Mk5FC6V15H7DpnAbcYYapzHecO9PelJn-evvI3zOPPOff4Z1G8el4fFU', 'Android'),
(223, '2019-04-23 21:58:16', NULL, NULL, 11, 'duCC5gM6RzI:APA91bHIjxXUGiEPFJ81ME174Ya58ZWnV0HjLuWLyiDtfMBzvA-RE8Ov2qpESPFkRKL2pP9xbuSgkYwAWka_kyMimLDdPK2ReIFQHaXRCUv0NvogWupUX1xWwAjhLJC-ESlk_8P12a8N', 'IOS'),
(224, '2019-04-23 22:06:31', NULL, NULL, 488, 'd_j3CbqQXJ8:APA91bGDwiPPxV2jCYxu4h7HiRXUgh9vLt2kOKVNY87xBZTUN4cy6V0S7apk3DJPlqZeQcHIqteKInSyT3AWBFBwGXKNXwRdaIcSCHzs31huBia2iBezt2yl4Mmormmfmj1s4CrnYZzJ', 'Android'),
(225, '2019-04-23 22:09:11', NULL, NULL, 211, 'e7AEAR-Wwxk:APA91bHGfF-uSuMboCF2mGysgiAk8uHD5E2VEvPIfYnboyDsjCjPp9t9oO98cGrHlDx82D6CpigKsb-qikP1zAh2x8XL5QV-QztK5Bd4PZVydYGAJZFzJ0Uzl12h-kEl9_ZQC70vufvN', 'IOS'),
(226, '2019-04-23 22:10:00', NULL, NULL, 340, 'dWm-mLxq1wo:APA91bHtLTcW80BaUkgn1C_VZKJyLxHU5byC1pinmkA8e9IT43aUtBlZ_Rn9eJyElgh4TtSDozgPbPgXU4i1yumZ5dSXxCfv98QfQynpAxsfdEsUQ_1SuGcXGKIPDXAgT4qdtUOEMB1Q', 'Android'),
(227, '2019-04-23 22:11:23', NULL, NULL, 584, 'f3IGxeNQfIQ:APA91bFdZaD9cWouKS9QQ50873VvxCbzVvb_JD2bn5l4koANqdxIAvMhH8G_2xXdddqyc30SSZDaXNe1c8edYXRXrBBERvfK70Mm3kUGrGP2XhITAwH5_8dr6FEjddQ7Q3qcNp1e1jSC', 'IOS'),
(228, '2019-04-23 22:25:56', NULL, NULL, 149, 'fSapHGU88Lc:APA91bH3-QB1pSQv8YMz6CEnspzCFaACe67FEf_ckDhYOx6svyC99ELbko6QzNE_-8EbCjqlUizOqF4VJFd3G8AyzLx6fa8Wlep86jo8FATOfF4F8hvjTvIehwR9q5rnZ9GwYmOaXUzD', 'Android'),
(229, '2019-04-23 22:42:36', NULL, NULL, 92, 'cngMUFvV45o:APA91bGb-iQctV3ai1GYKuVjiLPULXfa5yyfBMwGFCGykRBTO8Ay5zeVR221G7gpdxzwHaDX_tBdwwM-1xFTLtOWGLRVX_N-ZdSpgwHw5MCJ2txNQnzNvMKDOpGRawngthid9YTEkQtB', 'IOS'),
(230, '2019-04-23 23:39:22', NULL, NULL, 124, 'edKyLDtReow:APA91bExSlpoftpwtOJ3R-J82c31-3ckIRm1MMQJAsJ--oRu0Zzm9yw0jBdFKCsRscp6vwDbhi3S-kZvz5A0B7InMubNJ9dNZvox3fjvFPnqhd6pigQGluXYZye5Ao4CBU56hpgA9m0h', 'Android'),
(231, '2019-04-23 23:57:20', NULL, NULL, 165, 'dhu6E6frbV4:APA91bH09FlbdqI49oC3t4fMWZlqPvwl791d3cZjegXescRaMbuyyO8Ev3NhyNASBLM2ORQ3dHMnlyjerqYvMSmwhI2HgneF8qMUjbPLC9oRKhI93iuce11mBcN3GPjpT7p_SrgDwgnP', 'IOS'),
(232, '2019-04-24 00:42:08', NULL, NULL, 16, 'ffLQ-1t3JKs:APA91bH6JYwyhK8KxxwkAv5-c2z6GsY6_eGOMrtxIOcFirJuRL3DD3PK9wL-wyfbi_KVdXL2wy1fKAp22nwe-_arwgXd5yM8GCmmxpzRRc_bxrHVmb0B5yVzaYuVsIqwbJrrlkZTyHhB', 'IOS'),
(233, '2019-04-24 01:06:01', NULL, NULL, 351, 'e-4NY45WoPc:APA91bGGVtOhA4Azl9_Zl41K9YNPC58FZ2piVoIXfceLIVm7-dOB586lfAn7wkWJhwSMMo66WDjCMXKzgD7qrDxhVJ45mm-T85a-dKcyxLprTh9WCLwTSsPX1U35So4z4HV4hroBi5XC', 'IOS'),
(234, '2019-04-24 02:01:10', NULL, NULL, 546, 'fHJaKaL7vR4:APA91bExN7FkRuXDLo8gT23T_iu7TvqQV5X8mRJYsTfpCP63L2f1FX-u96-Wp1iAarduYLfmJcV7YvdMekaHxriD3OExw2WB-oIw-2nsvVC4do3EicY5cnKQ3FcUM_dfCctXXsxrMOQD', 'Android'),
(235, '2019-04-24 04:19:22', NULL, NULL, 510, 'fl2qsYZ0oUc:APA91bE-cleoCunKYSRDVCMQvXeei3mTUuGgw47mr-6jVzfW-UF77TZdYegG09mRJgyLNYOW7rez3p03Vqu7cQcW9ut_DnIIm0TgHbzPM61DuAztoNPcPMtBT1fCpmE3jZR8I3kqRGzR', 'Android'),
(236, '2019-04-24 06:10:51', NULL, NULL, 450, 'fOgjnkaYnXM:APA91bHVftZbYLZtVWCmT7E5LFAGPaVp-7Ucd3DxV8uyoJHHOAA-CUtYqscg4YFluHgnPI8a6yh5CpM5U--VLoXjGfXshdxcE6sUszLVKeArMEU7OutrbZvFbARQ6HB1CrIXIxKPkNnF', 'IOS');
INSERT INTO `member_regid` (`id`, `created_at`, `updated_at`, `deleted_at`, `id_member`, `token`, `platform`) VALUES
(237, '2019-04-24 06:57:39', NULL, NULL, 203, 'cqp3ta3coUQ:APA91bGF74WGRsqEHzCz6cFlAm10af3cZdxTzpXY5hTm0MC5x7LPglXam90BVfGQ7mL5DHAkxL9m1RJ0Z5V1z_QpLSp2OeOZjnk1slGA9EyDcOHnRdotZ4VfHEIlNLQoS0ZA2AdbkoMX', 'Android'),
(238, '2019-04-24 10:16:37', NULL, NULL, 237, 'e5DdrW43O5k:APA91bHs6YVzEns5_1BvXJq6HtgbSwYSO2Wfax9kAtMMzC95L-W7ywEg1sthPfIYofHl6Jl7PBTvlgjJ2ka1MJN9nKsjRk14abYnjO8wcObZ8_WgpH979KqDwJr71Qthlk8ziCq1Tq3N', 'IOS'),
(239, '2019-04-24 10:30:50', NULL, NULL, 472, 'f-NvAfN_3MY:APA91bHpMufN5Kwf-z5kFh7w8bK4o8KUkV9PRtVfbOQFJVMct2_Y1NS7Uu6utr1WOpz_P9mzrJf2l1tSIogXpXTe4o09cj6mimE0SVlrEusOAkUQDGcCutVYWPJf524TpOOq6S2H8Vi-', 'IOS'),
(240, '2019-04-24 10:49:33', NULL, NULL, 375, 'd3hd_ixLBFo:APA91bGd1jkwZYdaKAzIHUBRAzbX573olBuhk8QKGQCwp0eJoeQJqXcJd8hObhiDRNDVR4gTD0VMoPWxU8PZXyCcstXO3h2Qe-E65xOtRJ2UtXd5iZIIyjE6gmezExHV9GDm0ZA95tuF', 'Android'),
(241, '2019-04-24 11:43:16', NULL, NULL, 83, 'cxkMw1ST1mE:APA91bFs_VsJYT5uU8L7ghoVGqGg3VGHTyqS57tlxrcpDvtsyTxNluWu4YOiXp6oc3Zuh0P6S5sZH06ixvcS6xchIWfgfsqMhNIlqGdPDsdmKT5gNwA8hlcP_xyrr1Xm4WOZgduaU0OZ', 'IOS'),
(242, '2019-04-24 11:56:02', NULL, NULL, 497, 'e-acycWYKL0:APA91bGCj8OfwcxTv-plivrq4jK_AeS3HkXxRS3lv2F5q0hZp54_eR1VmJn05MY4EZxYrr0mXwvbpy_Nygw5wLnrAwn9lMF7_CYA31ZfYoXKHsrpgj7PhXh8Qx1gAvrHeVOy49zu8Oqt', 'IOS'),
(243, '2019-04-24 11:56:15', NULL, NULL, 371, 'dgkjYnl97rc:APA91bHVUpkjlwdEzMo7KmG307FtWlqc3mq6DSQlXM7o4cZ_fqAU0631J5ky5IsDAdJPQExKbp-uojSb_x2YB1bit0QT-56SuXS-gFRwJpUJwDLA-EXtb0KrSgfFEE1pcs7jft1FG5o1', 'Android'),
(244, '2019-04-24 12:23:25', NULL, NULL, 119, 'fn5U44D5OBs:APA91bGnBY0aQUyMsiMLXfCwmKndGAAPBilSC_8xWwxgVsi5HmV0kMrW_vW8MMyWhYwEeGXzAlGMUJqpYABkonXLtmIU-6j4s25rtR5EJ_zE_J7QmaPQKKTwkC3PKB91um88PBhOHaYw', 'IOS'),
(245, '2019-04-24 12:48:27', NULL, NULL, 539, 'd1jBGmY6lzo:APA91bGkn8NSo7LbXJ_VR8kCQTZ8eTQhf9axVgV5V-2oCLaGj4p2VMbRP5oz0IIHWzB0OWOFZD8M_NBI7ncAzIoDHIM6Jkah1BIGmqi-xPZkOiR_M366IUXgv1rW2XN-3IjHBf4YqE9G', 'Android'),
(246, '2019-04-24 13:16:01', NULL, NULL, 538, 'eCQmgDbqeD4:APA91bGteH84usPi2Syr44R1mcjB-BmEQHQpjwn6_XjOxz7wXosCAmTpmUlbQuUs65jGY6MllOXiIi3VDSCrrQ1ivLzyLzlrD9I-B8ARVwn7re7xO057dRk6NPRSMua1z2lWyf7LH-yZ', 'IOS'),
(247, '2019-04-24 13:49:06', NULL, NULL, 410, 'eb4CAQP0Ets:APA91bG0kVsNcMC628c7p2uIqCNoruwEgjph7VJgbUigmYyusKlNPwEILCBWaGgL9F38eM6b7RRT2xCxk1eEsmBnuiQS9uqP23yp4_gj2LpW23YW9AntiSNgNEEbiCpnMbd0djMeqqe9', 'Android'),
(248, '2019-04-24 14:33:21', NULL, NULL, 1, 'fURAsHcXGTA:APA91bHEz3uenBGB2SeEb4m8yeLlvsDUDgTNlRxETCx7Wa6EM-PI5msfjSOZfuCJwpXUCCSrg5mf_w3fNWxkS6oN-qUT-lsGb_hMuQDWcmBrIjrFXrEziQ6qSDBgDAbDWL6qyAg-KbaN', 'Android'),
(249, '2019-04-24 14:45:30', NULL, NULL, 73, 'eypGD4j8HS0:APA91bE2WFKLfB7DETqIVXMNkK6wWxgiRpXorCIbmUakjslZfI1NAd9lZus6JMbArqGMHceLXAgMgoHffFVis_v8pq3YAga8qZBnjW150-tJ6X1O96tnDW554HiGH4eb_ng1zIfsu4zh', 'Android'),
(250, '2019-04-24 14:51:19', NULL, NULL, 130, 'eAtPVgz4_Yc:APA91bERa3rpRqclRFidqbYkFTZy_HW2Be8A6IsC6hVN3KIX5ib0VTkaIBt7EWZTUGI2Ga6u2NCtIO_Ia6RHCoNIeu0Fys2wjDE98DR_SmyGU_UE1YRR87d-sgpuw520ofqxM3kXNSRL', 'Android'),
(251, '2019-04-24 15:01:28', NULL, NULL, 1, 'null', 'Android'),
(252, '2019-04-24 15:04:27', NULL, NULL, 1, 'd1xHwDUjiko:APA91bFfilITe_sgVx8uJdSRfID7N6DVAB3DMgccrsCJ0NRXZEr4SFyWR-wrX6SpOWOD2Qwaat-BdhGj-Vquroi680L_Z6fMQF-CINNHY2eIx3nMe3lsPlrwspjmU-EX5TS7aZ7MpEHr', 'Android'),
(253, '2019-04-24 15:07:07', NULL, NULL, 535, 'eTkzqfrmg7Q:APA91bEouJyOo34g0RoH2nSogcgUF5hII-sOutCiYIODGUz_uatwRuWGduEtl18Ubj9pJB74_XyahOWCTZVXaVcPRUOdyLgeVdngcVVYjsJCmwFerVlDxRwuiZyu_kM6FYg04iex-ZNM', 'IOS'),
(254, '2019-04-24 15:11:36', NULL, NULL, 1, 'ep9WziE9fQc:APA91bG-uo2l7RhuwOQxKWunrvqj4bRfL2VdZSpYpoywpQ-Wpm0IcSGfJBPu2P9fRE6lQqzgaN5kk902Dxo2s58CveAiVFWkUd0BQL9pysMzpNyz1OQ6AAGEsyD6plvg5PI8_STObQig', 'Android'),
(255, '2019-04-24 15:46:01', NULL, NULL, 413, 'fVIwekeRHRs:APA91bENlalfPehjR5vz-4F3hmxzmWVsTVsn4vABJiieo8Hf6N6YqvfnuwMq_zUlTVQVU458Bqbfc1OKtKkgeolMg4X296ArA9BlfgBIDWDu1SPnCqoGWud8C5q-8LjCiVdtolAQ37XZ', 'Android'),
(256, '2019-04-24 15:47:04', NULL, NULL, 610, 'dbHkzQpLMHA:APA91bEyw6tHg9L6TNpXkG0uyWXBOfqc9sJPe0Z-1GcaF_bJSFSLGFg9myrEo-m6Zp94X_hE5C28QJejMwPkNQDSq1j5DKQaYzdRtuJdFfID-gU8jXu3bv0kH7VUhV4uhzMdH5vPDKgr', 'IOS'),
(257, '2019-04-24 15:47:36', '2019-04-24 15:51:14', NULL, 606, 'f0EVtIa6EWQ:APA91bGEp7VOrpofBtIJN-Da3SxB3OJ_g7XaZgtqosncXpTpvN8LEvy8jiDvde1b-PbJRb73BmWZunJtOdJ-Rt6ACRjKxlXdfBcnXi5iU5e-EMHC_qp4fpljz9g1FY3HYt3StrVoDbAL', 'Android'),
(258, '2019-04-24 15:48:01', NULL, NULL, 619, 'ct7suWemvFU:APA91bF4w8bPRfTmbcKq3uX3gF1tyF1xbKmkpMObtnsSgkYouB2g9fkwGybQIjPKf9dnQ0xnat6xuOldkfwdP-28iwA10z8gNfUOltpJ5jRLIcMCi6kW9iTlSuuV42NCMUyoZlbpJk1T', 'Android'),
(259, '2019-04-24 15:48:47', NULL, NULL, 620, 'fWOQyEtJwD0:APA91bEPv3Y-b2lnviUgVPzqsEshxMRBQNt92F6k_u6h33VyVgiYob3YrYc4n00H5UGFo5J4FwyXSHScgh9JHPvQhQQcSCmgGNCofJii0Ljgf_mNUG2wIMgh5FuAx0557Ejrt1qkCDvs', 'Android'),
(260, '2019-04-24 15:48:51', NULL, NULL, 614, 'eYPm_RL7Ii0:APA91bGdw2xI3SqAr55ArrMnjXBhYBmYQxYJs0Z5TxuBIv-zvNroV6AMbxuGsQbk2F83aYSBHwmgtgR8daFkDKOQN5M0LZ_dYeHtY4vDaHObMRB0cN6TS03qcI12PEVlY05oUhjkcZVt', 'Android'),
(261, '2019-04-24 15:50:15', NULL, NULL, 613, 'clEAwxm25FQ:APA91bE7kldKn6mxjKNQMYPQFb3E2kEY1TupXtkT7kobkd7mAPloCgnNCictCh3d8O9rcd3DGjE-SCozBe_hO1EBORML-7pUj7amHBFWlgiIkYd9jPoZzD7dlsau57o2Ehrli1_iqzGd', 'Android'),
(262, '2019-04-24 15:51:24', NULL, NULL, 627, 'cgDXn7k8U9k:APA91bExJrlFjNB8q58scPp-eBXgSEhseouL3mk01aUWgoUJb21-tBU_eOSSf6FChrz4idFUm3VhOLO0wnyCxJJXJXw8bvnq4blQ-JnWAZ7dsn2FASEmCgy1fylUWLVajE0HD8A3QJqi', 'Android'),
(263, '2019-04-24 15:53:29', NULL, NULL, 604, 'eTwjvhKTaCA:APA91bG198NesCWvtJpk183PrpKoz1i8Uz0DCWncFldolAzqkFRJS56kWXx2fsecZ9JHXDA-lqLXwkpQI7HPvYzwQtk9twzcLxo54woLAiJ6pwG4h-qCLhULka_XnS8Wc13dv2xX7OMG', 'IOS'),
(264, '2019-04-24 15:55:09', NULL, NULL, 618, 'ffCU1UTCb44:APA91bGycoLgvSJgchXJE8G-Iv_3GaUHCMH6o__xBDejsIEGiwvxxobYQd-CoaK3tsC9bJrmZmn45I2MoUtoaeDkzwGmQS0NJu6vBDOcxrT3wpHXEXUeFc6WawD_ZlBHnjn4N7fCjkFr', 'IOS'),
(265, '2019-04-24 15:55:12', NULL, NULL, 609, 'd0LnghHJ9us:APA91bGPZD1MEwmVdGX-UCn8_pzKDQszPwzNhbqs531UpcqUpkLFo7pE9Yq4Fj6VNbB1i_XZPnAkbjxJEl8rEvAs8vnE4NJDfDXT112NLhQUUbzdoQp4CHPOIIj87Cwd9bZnl9JpKF1e', 'Android'),
(266, '2019-04-24 16:00:02', NULL, NULL, 605, 'c6svrMJWRnE:APA91bECjDynz3e9VDf542gfD-n7otOdzxOZUXfCPaUJirWuHkLTN07JHNnYp4gwP7D8WMyukMyZBqq4ALrQUPBuDPhGSA2RbfL7_L2B0jVYQwjzrtpf_oRypTwL-iC9sipYgXFxYyRs', 'Android'),
(267, '2019-04-24 16:02:41', NULL, NULL, 631, 'ebCzvzAIC7k:APA91bGYH9C_zZjePOgXucwtCBYhRFL-B0-t_lL3s0JqGdsphK_eqg2XENFK2rIaNYLCGC2nkxo700WHBv2ghaIGbxAQi1CyIwFHFk0MdGI-1qUFKVnVtr2PCp9Flr8krcNqLRBK87O3', 'IOS'),
(268, '2019-04-24 16:04:06', NULL, NULL, 625, 'cspQ9MbYXIA:APA91bEplvNll0h8wYS9DENI4kAhqqI8hmQ1L7vrBF9AtFLfVDJRm4LNYboXDmU3SQkkQHCoUlKfcFT34toVakj8yg-Kv1S46tFfZc3eBe5YGMSAlVZEJl2pbEv9tT-5ykMGdTQ3hTAq', 'Android'),
(269, '2019-04-24 16:07:21', NULL, NULL, 624, 'ez5xAqqkzbw:APA91bEumPl5-UCCYJZOcjQt7hvoafpPCz4gWyIe-0c8whmMZu1ik3o_xtoElr1SuIx6AKNIyJsk9quUnXux5HT8Aw9dJv3rI4shVVKmZuD5DtFUt8nCm4PcS0-8b3odZjE4OQdHStV9', 'Android'),
(270, '2019-04-24 16:09:02', NULL, NULL, 621, 'fciHoAg-zO0:APA91bHrN1IjUtg8rlynDA4HKxkao06ZtOAdJpdsalqDleroAmgR_BvHji1xdpAKQKdtMXxmH9qouGPiqDgTMg_FM32oq_odxM1pZ8l42q7m7V2_adwGXxcyOte7mac6nYFcAjiPHueT', 'Android'),
(271, '2019-04-24 16:12:39', NULL, NULL, 622, 'cuE_XaLRH8I:APA91bE3moK_IkdM8Hwd36MKrh71ayG8qONbrBgnJet5Yrmq53TVoTz9nOOnypfNDPR5ldLWDHeB_0bgGcQhy6kWVnDIBj_R9bO-8d-pDAfE0oKdpGbj6664v3hVaIKm91uFjfh5pEJv', 'IOS'),
(272, '2019-04-24 16:39:22', NULL, NULL, 64, 'cO3oUpwHX0U:APA91bEgQa69Irs_dP11_3xhm6Mun_Nqtf8AiBLT1NeH1jYkopRyCylToKH76mpm8-v0JKJioEZgPJgTkk9fj-T0tHCBI7qbLP_cIiIqkjPHFWYTzz-v89E_JbsGVgmc6mrfJhntLRZ2', 'IOS'),
(273, '2019-04-24 16:40:49', NULL, NULL, 607, 'dc22v9ErjSc:APA91bHJqO1FeT7AGXZP2j4NY0y1J6Ye2dTcTXo2db0W1O0hqT4gmh0VwPjehwlSTbtVnDNEzYzzC0LLnfxyp-WCptZzbczdFrLC9k75RQ8l-__fPL0w9vvE4ny5F4-P8fo_1-Og-afj', 'IOS'),
(274, '2019-04-24 16:41:39', NULL, NULL, 505, 'eHyvPgDmkxw:APA91bGSkR4liOWJouqdNcnDL5rNJIaYsLZpJV_xULGRUteac5FUIRbQ6Ht2Yvkj_07H-QKjfVP_EnSIK5Rm14NJy-bYrxYjzqKGOiAEE_pBNHu2LMwti-tLmB3mZUzHWAx2VOsNoH3-', 'Android'),
(275, '2019-04-24 16:50:28', NULL, NULL, 270, 'dhtvxBmipW8:APA91bFzfpwxCWjHfm2VW1y1fNw7kJwKHhnh19MrMwPZ2V9QbeewpN6sCIk6M1q4pQJZtSipeMaYPF0jxC-Nq0tCi-QlDjCB2sMivZPuvvfFgB0UdiD0MwlOtdJbjoz0YRyGnoOSfTgd', 'Android'),
(276, '2019-04-24 16:59:04', NULL, NULL, 233, 'eQvdhVbf7NM:APA91bH6rg3Gf3XCN3aHJMvDDW7XS2QughM49gc7f_e-nwcmgc8vKDpZDNIHfKgeuYnZhToLZiiSeiSeCa9xmFr0qaxpc9fHm69xZ1ktyTS07NAaGk82K3JZh14IiZk7N3GGsZmMr-tm', 'Android'),
(277, '2019-04-24 17:00:05', NULL, NULL, 44, 'd76EBJW3ZCI:APA91bEd6hvjzfQ2VuTO--oaVJQgu2mKux41WgI5L0A9-PtH8kECXlQ0fTdXRJOOor1Rq6QNYYA1o0dyPjQv7F2MfcCueH2kA7QkpTyy8-p7lXWEdWdHshz2eOPZy7553FoqqKgsQXiK', 'IOS'),
(278, '2019-04-24 17:07:19', NULL, NULL, 1, 'edPYdH8AjQk:APA91bEZANQmG7DVVdbfMVK_m5czczrFjMkZ_2D0_AgefC_b0QB5mECSJuZKa_hgSYV1NY_TNVWH7un-ItsiXGkYKuMpAj70TLEPlzkml3B0sPlOS1cNF9mipvxX7zB9CKiir0DaOVEr', 'Android'),
(279, '2019-04-24 17:35:17', NULL, NULL, 633, 'cWGLmj6aKAo:APA91bEUfNvd6F___yHHDYBBDD6RZV5HRkRTylzyyJsHw4gXdrRzb8hdGAilmoYuPOce8jIzquefM7TdQbMoHe7sMSCJ5bgMQ_wVcy3h3UtllFvmV7CO0wpYASPzd146eMNZtAtNWKiB', 'Android'),
(280, '2019-04-24 17:46:16', NULL, NULL, 632, 'dNOTY8c2Oqc:APA91bHPSf_L-eMews2T57sAE2kwRJuh-0P1dtc5u_l4mt-N5lIRdPb4wIcxfaoC5Cfyi1aYYS33jOm_Wxeru6v3Um26XjGZZq4lHZ3acbQAcGVbtXdu8k50M46WtmlQ_iUW-a98lnDg', 'IOS'),
(281, '2019-04-24 17:48:28', NULL, NULL, 611, 'cevOiP_qVdg:APA91bGRAGsiieZwM4ppO9J_RORUtGI8Y1SYbE2BYgJyOjKDPyA2Ufgtj-tW6ZSKu4pzywaYkaOIzTns41nIcWof9s6RyFPJbdPwg_PmkstnzQ-yyW9kU3XMUfA9DyCuxiPk6y4fLi3m', 'Android'),
(282, '2019-04-24 17:50:38', NULL, NULL, 333, 'c_TL5945bp0:APA91bGWXOItFcjbBPAq98DHDJaXqpDM6XK2uGFfgG62HzWJNdBU-joJTnkZIn3zrNLGtWvHObeUszKGd6luHoD2-pL_dX6WIS7_HG-rREB9hG2IB6iLkAvh149xHfLP7V9q6CxXCFHU', 'Android'),
(283, '2019-04-24 17:57:55', NULL, NULL, 515, 'fs4lL_7K0pQ:APA91bHn9zS4kEjnvEkBnRfeQOwwSDDaXkaWVUWnEvqiwOxVnqjUBnEPlHq39DgXmLyZQ95PqYohmWKoGXSiVI04SQDN06d9aQ62jZdLLqLBC1k7nsU7hZ6yUbHrAUHxphXAZ5a08Cys', 'Android'),
(284, '2019-04-24 18:11:18', NULL, NULL, 617, 'dnHO30C8F1I:APA91bFXZKAa97BVHck_F-DqbChzPAB0MwVLNtzgFDnTUYaLRk7AMOpXwQsx9QP_7g-wS-ojW8SzRt_Kx-YVNyEENxLfU7JO785IXjg-ztRSA83_XFjIfTdLOm0HwfM_cZEjHqMsk3ew', 'Android'),
(285, '2019-04-24 18:24:03', NULL, NULL, 615, 'fb79Q6A6Tzg:APA91bEd8I1Wr8OtFIC7JrRH0UwcFpqugJN6WF-abnZ-kSww1B9HUFeTYq6Yzlscz4spggRGRS11Kf0Jjp_4049CcflVhJG7RIImXRf6gjWwqJvp0HSp6b6zNZJwoRZ-RbcSLibKW02s', 'Android'),
(286, '2019-04-24 19:02:06', NULL, NULL, 635, 'dADg3Mho-z8:APA91bG8Sze_GZXE21urfQSQAvOKQs0e6um9O8TLhbAXC8aBA6SNJyMfF2xy_YRYrSVxA6SKrveJUrOK7Mt7RubcgKC1Eo4Xz5wyFwOsiIGKEZ7W7QZNy9Pg8Z7o-Duklx5uCU8PAOk4', 'Android'),
(287, '2019-04-24 19:31:45', NULL, NULL, 533, 'djMJuWvisdY:APA91bGg7xWBJRK4aYgyBn3FQD9cKEg5PltG-l5h4Are6GqTkxXLsyGNWN9XsIeyNld2YTrJgLRnj8TJSzR_4p6pdMPDjTWlIwb1UDYekCCKAs6qJvJZekqjxwGn9kYlnsu8uq3vQDZM', 'Android'),
(288, '2019-04-24 19:34:30', NULL, NULL, 623, 'cRulR2AlaCg:APA91bEO5D0f1xk-nqxYZ8RMPlcCTuQpsNegIRawdkRa4_o4YYUqZWXWxrrAUxV2RJZBrAtvyEgx5s0nUzkaxoQv7Y3FTciapcTnUCFiALvQKuZbtl0AUCwELKfc7Fbt0SMcakK9lNuR', 'Android'),
(289, '2019-04-24 19:36:01', NULL, NULL, 628, 'csI6NoGN31k:APA91bEfgdJCcRUP2Nyk03KM0NNWVdht9dSBGbS_riv7F2o3saJQKa0DkqPzFOkUdE0uJX3dHLnydOz1WWi2Ak7_zc0n3RDELGZlcwoWXI42JiXF-L4R90zqfDngJCCbnzwgB-tIAIKg', 'Android'),
(290, '2019-04-24 20:12:57', '2019-04-24 20:16:10', NULL, 612, 'ezFsIK79yLA:APA91bHiBx14Hr57zlOTIin6zxcxMdqNfxco2YA9c36w0Rz2FlH5RhLcYHG8euvUPGRN7GxEB7_cblWRSp1yrdU1s84W2ghM3hpJzb-wAXyHe5NwHrIWInOgSihd7UOKh5J3F6Fd0HRW', 'Android'),
(291, '2019-04-24 20:26:26', NULL, NULL, 626, 'dqi6TrF-U50:APA91bFdflCulxw5r9zKFz7gp6rF7knv7jm62GiwuJykjLSxJOOaNGe3J5wqJ5zEQ_gZtarpD_F5kLMFpXAuwyS0wX-6ED_GjD4EOxmxC2VmOxSNQBogt68j6SCOrV4NlcgTtdplPnRq', 'IOS'),
(292, '2019-04-24 23:04:24', NULL, NULL, 634, 'f-BdKJXgp2I:APA91bEhAce6ycv4p-aBMYVKf9BD61BYZf4a2oqPERjotUB95byzr7EJzm0njrngX9hU20jGj8_FLDz7EdemNzqWjxOu6I6ll5A9uJY2_R_TjitDno1i8F8wXggUU8Sa2Xpng_78Gf-q', 'Android'),
(293, '2019-04-24 23:11:41', NULL, NULL, 350, 'evTA9UfzrTY:APA91bH0aBLg36Fw0NPpLhAsG9jQrKivlpwrfddDJEXUXMQhu3V-4VywEJsXXD4WWDq1S6QyYlaAS2Ul3OlHvH4Z0KQFFAmGeBgjH7mN8-X9IHs7Kmz_T1I7C8OBfmNkmMaHRqAFhDP1', 'Android'),
(294, '2019-04-25 02:04:49', NULL, NULL, 268, 'eQnuHzRtcDM:APA91bHyO2SY6amBv5pNFBnUGEXHptxOPo8dKgArNN-wsO0J_JibWE0MA7Z1soNsKXS3A-MpUbuc8QR19Ru1GJRTYroJhnV8IEdBiGpoXWgLxW8kRqQFdtZgiHbuOvJzm_OsIQ5zwOQ_', 'Android'),
(295, '2019-04-25 02:55:30', NULL, NULL, 33, 'dFGfiZ9bv8Y:APA91bE1EV5h9fVHot8VJg68g2Dcg8qPtWaOoF7izcC5uxLPsJz8Ao1zX4RkuSi1txDNtVN1NCl0tH3Naa9vza7eu6J57QNXpQmOpxHWR2ZjdJA0rntk0Cr8TSaO0apzKuTtQyX8K_Bd', 'IOS'),
(296, '2019-04-25 05:54:40', NULL, NULL, 368, 'eh7QMo5unLI:APA91bH4rxB23qBJT0OyQBdYZBz6vpbpUukZoxJZGk5Ex20kTjFf8LASdz6vRdCDkLNJbpz7lPUUA9z-xIS9BI5ER2BAJcfdbCjNImR9ZlduchItZc65OAMMZTqkYDdoqWTUzgIIrzky', 'Android'),
(297, '2019-04-25 08:29:49', NULL, NULL, 217, 'f2wiwmdYCSY:APA91bGcIDpHA5NXVbOI_Kgp9L9biYjzpbvjM5iUfxbDM7eHaiEeCqdP_JYrS6ZGTqel4YD_7eover1BjX75E3Yylhe2E6frA-O9agGLDUUJy3APFA7Vjw4I36JU7t_G0m1JqUx2q58D', 'Android'),
(298, '2019-04-25 08:52:46', NULL, NULL, 416, 'eI-bn2Vwnh8:APA91bEDPlJSQR0odq9T5gBmNZldubQ9NQHarR2QY8U0qSQW0QjcwXPEL7C8KkNalBkLxjkQQ8SPkmmDynL5tbKrxhMbaQnpPVF87JTqu1wdDKRP8wiMZhopmd_C68ydoYGfMHax-iUi', 'IOS'),
(299, '2019-04-25 08:58:53', NULL, NULL, 281, 'ddKD_2mpbgY:APA91bH07tYdjkbS1-6_h1f2-GRXlmMn56Vpb3VZ66cMiaoYGucuNTqC-lh0ZJVf1nJ3Q_oANJvKLdKBFFCjEWxCPtIKYAeYMIMrgaxCg99ixogqJxO3Z9hzvZhVN32sUgXGh26vyWQ7', 'Android'),
(300, '2019-04-25 09:24:37', NULL, NULL, 235, 'ffD0Nvi6aok:APA91bFHSZr_xfgpbUcDazaEBRIBm9W9--Op-6-JtivKJXqI7KawA3oFCyqVaIrgeiST7JL0DBmUPlZGB1NCjaoW4edkcGDtrv98acWf3296JG1QuFoPhxxg6YQbOO90yeQPNJORutAw', 'IOS'),
(301, '2019-04-25 10:01:10', NULL, NULL, 121, 'e8Cf4fNjTts:APA91bHaEeqq-O-tmNR7F7qJ8UMEAedWGDU7xbX_ZSFAmERt2GrzVvj3mcSDnIobYAvgdNf6IJKd2rWt3rzGhmREbyan0a4V2PVt7B1NQkM7J2NcERa9NSAeK4E0OQfB461jakSiYDN8', 'IOS'),
(302, '2019-04-25 10:44:35', NULL, NULL, 499, 'ejhb4caJG8I:APA91bFMerYJtRYlqchFD87fJRdbL7CzA8JOHeDErlfLSxBKbEkIRtJARdMvva1866rxAVSv3raYzLgXFfozVnAMayUuIRTbvkTv_SjRTMkuYQetog_O7jsYIiv7U9RtIyY_-1jKedOb', 'Android'),
(303, '2019-04-25 10:50:33', '2019-04-25 12:19:05', NULL, 1, 'euYVl9ozD9c:APA91bGCWaHVxOTmin6NQXo7UF06fGx-xOLQml0a3B2KWdMP_u5wl-ATfFBaHb94Ov0tLcpgXQ6qoLziz3lftcDkCmzy9aBmQ-JPTwAJeL-Asi2aRJFvxIVpmyfXruwYJvhnkm0_TC6C', 'Android'),
(304, '2019-04-25 10:53:59', NULL, NULL, 367, 'djKX3qu8FSg:APA91bEhERrXt4vPLzq7uNO5_RUgS-6wyCNq6PM-1pxpnaXTzwh0eDl8Hg2G6-sVQh1v806F03ZPbkv6cia6emV4E6FfKLfQxFcYv0im4zBR5JBUAcCy5ODnb3r2ht7gWJ4G2U7coX5f', 'Android'),
(305, '2019-04-25 11:21:49', NULL, NULL, 187, 'dNEJdoDl6ko:APA91bGIJreQTN9OQ1O6Pi3-CAEvz42JxjYnOW7eAMf846N-OA10OKJnkD0RjxFzOas2qBOvQNx8LrNzJs0RRz2BuJrtg3LOiihsAU2UbOLdqPaxMxwdLfm4Z0COy5K0FFG4yqxUSPHm', 'Android'),
(306, '2019-04-25 12:35:30', NULL, NULL, 1, 'eJyS9swz9-o:APA91bGru11o0iXtWdmSn5GiN9zysd3zQeOnzPFd8bmDk8k5xwTxQFDzNwJMQIpQww9h-Z5zekx6moU9-2T0L7mnLw0dorKEMped7N4C4ooJlNxhEvXU_QrFJgjyxqfs5FkPxm7d4PYt', 'Android'),
(307, '2019-04-25 12:42:28', NULL, NULL, 608, 'cHYicqens28:APA91bHrFLm989FoF0k--VVHb-oVCupuPnokRND9Qfzw6IgcJBkej8OvTpvW-77CK7-VX_4Tm0q7EwOeijEAcFDuE87MigL64xQumkLN54Bk2qRkA-SCkC4v0PmlAhb2O2sxF4Wn9OY1', 'IOS'),
(308, '2019-04-25 13:20:57', NULL, NULL, 436, 'fvVtgaNx8RY:APA91bHWW9BElctYVXIIdm2_q3fcN0MZoKBKaFUVzEPILh5Y7xrm2XfMgGVSgokLSMRjdjLJDibIvYTqznQuVS8Rp0XwEml9piZcTlG6Ynw0h8TneWJ5c-AQmS53aA6rpHecyqTvlo6H', 'Android'),
(309, '2019-04-25 14:52:26', NULL, NULL, 373, 'cLeKkpJAQf0:APA91bHpReZbpueFl8Qb1lJ-kBQvZSFZqP5iCqUZH9QjFB_VJVIR-Mcz90hYF6wXqIX9m2d3aJ1tlR5kFhMiPJ6bJ2-rtA8jLIVbOzkraX4IAjuGmQgejXhQdxTp8f-ZJuUE8wVHPeHN', 'Android'),
(310, '2019-04-25 17:05:43', NULL, NULL, 629, 'dh3IxQaKfp4:APA91bGBwDpAxXGZ-jOu0wCJySKSprexglAbJ5uYgjzXHzvUmQeWjRGgVUt-cSNAoXboWYdjbA5m2Hq4ukM-gBFCnZ7mf0xvDEdSfVbfs9PmIVac1wkqOjwozPUpSZBYA7TfIzCVL6H6', 'Android'),
(311, '2019-04-25 17:22:01', NULL, NULL, 530, 'ceu4mT71wG0:APA91bGM1aSCYUsMjxg9qyaItThfvsT-Pcn4I8DPETRtKqUsuugaA-NK-ZREduchS8qh7Ue8XVqJfbH-CgQdm12ek7iNe-m5hj7SsvgwMAeV4WeFvDKukac1n9Ym4rO2J2WRY_PJwgYG', 'Android'),
(312, '2019-04-25 18:51:56', NULL, NULL, 205, 'cx8gFAf-4wk:APA91bEvuSZeqHHKY0c7tcRht6pIVdbFgUvLqOwzhNhyHh5TMgKQVt7CdI0ObZRSBh1QedaWvEbTpu4P_obGYOErLLJQrYF-SG53az_g4E7ptCL-E1vVUI4foSNHPaiF5r_42wWvC7is', 'Android'),
(313, '2019-04-25 21:41:48', NULL, NULL, 298, 'dHDfxr49TAI:APA91bFbm7BNVHO14c890wlUO3Ur2nQoHjuS-CEBLq25hvBz0AabX2DzJ5ktfKcNX_jNQVpcHhi8-bRFj5LCbegU4RKuUzk8yhwRC63b0nUL-3C3JDE4nKR_rS9TZdApwQ0RrzXYZubm', 'Android'),
(314, '2019-04-25 22:12:05', NULL, NULL, 227, 'cq_RZmgPJWU:APA91bGynOUg4dOoxDFeG8KGZe7ud5acRvkyJRNZd4NNi8cuBXq4YmQqsfRRBiuIeWuamYZ-q__NM62nAL7ukOJ23RnPqAlJ8ntpRuKUg_EZVCpmMcnyM7f7U7KHwDBthdrcJyn3Lar-', 'Android'),
(315, '2019-04-25 22:18:10', NULL, NULL, 227, 'eabEZJqSag0:APA91bHharjkJI1d-4P6RN3l2R1bYKR48IovkQ_kebRrznXfRhZT5_oiMNX51_ZoC0gNjLpfU5FkfQeu0daMMc4Ti38o0Mvb-1FdoITaH8E2sqE5eahCDG_ra6Yo4TEpZbgmi7gUdvGq', 'Android'),
(316, '2019-04-26 01:26:17', NULL, NULL, 555, 'fFDQy67q5GU:APA91bHPiXlWqmvQfy_vF3fPa_w6Rei53aqnfu0yll0LGRZQrS6cdZzhJTVL6IBIgKKLq9b3hej8uBqn4amQz83KgKADTWUMJgG1qoHraSadMbQScslA-t49Z5eShKWn9o4AZFIDv77Z', 'Android'),
(317, '2019-04-26 01:45:11', NULL, NULL, 630, 'c7sEP2lDiMw:APA91bEcu92igUqbUOgUemJRjRgApS8SCMThUmbJRc2Pnm0StsRJS1-Gd0M7dVjGyYsa2AasXb-HnEYDnM81ITvUt58_36xr2K39Npey04zLsXx9EY7jdylHMwFFcpwOUjp6gDlytjNf', 'Android'),
(318, '2019-04-26 02:30:29', NULL, NULL, 399, 'dyEPpjU3DCs:APA91bH-Mz7Y3KIzV1JbZOCza_vtqbAN1pqhEKu6Qh2EodfU4c6IzJN8n-J-RxBlhuZynGQAN6QkX4U25IKf4PgpnS7fois5U1SB9a2Hdlszcvmn3cQ1XNC53YYHL9s9axBsumzoGnkw', 'Android'),
(319, '2019-04-26 08:11:59', NULL, NULL, 603, 'flFUojkgmNA:APA91bFjLzGLIbtqIbe9h-7FqpUHyxH5rJ5-Cd6dMFY2OljKIT5x7bMQdPN7fD5XgUXcVjNQ2n0v_SQFhRf5jbp0eEeBAYq_cpJum78Qdlk7EH8QOTtlaGI4joLdBtvnpio56bkV-By5', 'Android'),
(320, '2019-04-26 08:35:48', NULL, NULL, 85, 'cb16q8g_uFE:APA91bGgY1KS22bit3H9Zf6xDMDQ2otjA6kLuZFtzuztNsBlpqZV3lW9cxS73v_qW1B34urYqcnQ6Fxw_M989CYxLFEGLT0cxCvCi8psgTeCceNEvvSmm6qbkP5MmMB2wuV7x1xovity', 'Android'),
(321, '2019-04-26 09:10:58', NULL, NULL, 523, 'cXhZ4Ty62hM:APA91bHp13Pm1jLd22Dxb7KTOMSuNx7JshHEhAMuijotNIdxnQvlE_onI47Tpz8sctcJDlY3S51_Bqt6XmapcisL3eD5nrBCiPP77lMpGhoIOK3NlBO74NvjuLKEkiUjPoZ1WyvcCltK', 'Android'),
(322, '2019-04-26 09:22:46', NULL, NULL, 422, 'fRnZ8lfxyw4:APA91bEu7n2uQPsomTMhIdWtuoEMTiOZgrYkJRnhX6mqg3ocfYABZ7DIMXo8xwoa91jdMM78_1DTlJDC8MGL-idqaf2Dm-i82aUXUm3Cs6tQ0Zbe11zWW2UejcDb5wRr6lw1qithn35f', 'IOS'),
(323, '2019-04-26 09:29:33', NULL, NULL, 1, 'd-HvntybMEg:APA91bFy-r5mUZDbVAFV_ID3yZzuH1b6RzVBpSscAx3tbQ3HmhxrEyFtitGPGPO7oFNZ8YA6Ka37ducw3v4tmpGIB-dEBlaVFBkieo9Bem7alJUAwaoV5Y8g8UYo3aPvZsjmgz4ouWCj', 'Android'),
(324, '2019-04-26 09:48:33', NULL, NULL, 1, 'c_gJgLqxgdk:APA91bFTy1SLpPC0hq9SNdnBC3QlwTYlHKpsV6UagH5D_TOht0zDGHlb4nMltci30-QYVqk4F3Gd7IOq3Wnmm3sopaNp_8Ka_OVbQwbnmScHa8jEpKQtubHIgEoJ2KWGOP-V4xmd3zEe', 'Android'),
(325, '2019-04-26 10:17:24', NULL, NULL, 1, 'e2UYwic2q5c:APA91bHaBWHjwTM1aQwU_YrOW9Gv-326lt9yxn5rjBpxXUchySgAJtidH9J7QFYqK40saCrklqAObMZVhTjGvNcLI5hGucf9cv4xNAV05T0w9zZ5Igrq2HJAG4q7qAiFRgwSWTnzw7is', 'Android'),
(326, '2019-04-26 12:23:25', NULL, NULL, 121, 'ceyAg59KpPw:APA91bHeibKlRkvcr8rTb6qO-DFt5Wrn4GIkUL7Omaq28MUawfGvT6k60MeI123C9noX-kL-QZTLLb6yWk9OVNdfhP-ZeMy-G3f2X0AbZcWuiEs9hV8MwIDRy05g2L5w7FsKNtJjaLum', 'IOS'),
(327, '2019-04-26 13:50:12', NULL, NULL, 341, 'fbfdHNZIP_o:APA91bGxhDEFOWAZ6egQ25OlT1L6L3bJWwhMCw1NLyC1Pyl9nbXnonB2D6bgBD5jN1J1rdwySCsIQHlnADwkiDJpscWS2VFHMxRKkAtjBoMdQ4xEeuYk-V6jEF2dCfzhnRNMcnL8qj1v', 'IOS'),
(328, '2019-04-26 14:47:16', NULL, NULL, 637, 'efWpFM7etqQ:APA91bFazJlbW1wlt8PdCcThKQoeDMpuhfb9BRL6-ugh4JoWgsv1ZawVP1RmjLLmjWv6Lv7a_xGWfrRnR1fRQL-aY5CX8LxGgRexXbBCbvglO8FIbAiBcbeyjipD8M5-w5zexc6QIK1J', 'Android'),
(329, '2019-04-26 14:57:28', NULL, NULL, 102, 'eSbIcW5yEb4:APA91bHn1noA3l5iM-XHyB5wKMgchmUygbuAHLIfvzRfvUPUMMneqGFW37edttTRYGLDqWi9jmdhNoerXnuuNrHI9rNPv9J-YFsk1dsxYELFWE7Ozd_nH0erjJNrbNNc4VSQ5UgCGfbg', 'Android'),
(330, '2019-04-26 15:21:05', NULL, NULL, 636, 'dvHCaEeMMrs:APA91bGSM-uzGNigaavE4JaxcXbz-tCDkdvwOIg-sXCCvJouO1b3K-nTkJctF34kN3Soz3yltIoLEw9ymz1MgoY-pxVBMGVJcN_aH6bFZPJOFyUPYYKUBT6djtw2CjngBKCOEW7BWaDw', 'Android'),
(331, '2019-04-26 15:27:43', NULL, NULL, 636, 'fQ5jGF7gREM:APA91bE3no-xy3l70YwphZwl36gKmgFPJjOm3Uqhr6YAqtfim_lU4zYdW-D77ammzL_F1rFUXOZ-wdYefRSmgsJCL3d3pKuPfOlheLF1AvJUv2caJvvNSU7OB1jns3T7oqUQpKnLtjgc', 'IOS'),
(332, '2019-04-26 16:03:08', NULL, NULL, 162, 'dBeomkovK4Y:APA91bFiqrqhL4DWHKhR9l_9hG4P88A1lG5ON0eUTGFPmZo8OSLPncIsD4M6jzn_Sb9xSLPhxuyWr9zyrgj8kIREVXSiTGpJa-aAfjSX3hDBHjhJUxMDuN9Xufywsl8pvmQx4AD5xuCA', 'Android'),
(333, '2019-04-26 16:15:37', NULL, NULL, 155, 'dyDxyRLzWUo:APA91bHksAuTdhSw4E_oJM5xALpc5krphNIuNfN1pfWhHqfC2iNDOavg5hXZeWvhADRrorRwBP1P2FVHGBlvGoGIqHJvLs3ZSHHV_K60GItOJcVwWBv96l5peyOyZkswE--o8_-vI8Kv', 'Android'),
(334, '2019-04-26 16:29:49', NULL, NULL, 638, 'fEktA9akvy4:APA91bF-ORMbkLw_AGLGRdDR79fgcHvx6PpIH60ZSOeSlosv7HZ9K8GawRQV2S-hbNu_FX6usrHjHeeYUJq66gOY2bb20b6LWUqFkrf0SU21f06OZ23do2JTQ9qB20YgENpi0h-I9h4K', 'Android'),
(335, '2019-04-26 16:59:47', NULL, NULL, 9, 'eDqBqh0odZI:APA91bG2QZ3RQC1mHEr9SLE5xxq24XMS16nNpjr9SWVEPhAxRMHJZYHKVB_4XthEZQneMas10zyws4j8IHqA48MoVXqcnRlcvv-II27CvkKOIW22zvGv3MmpvUU6v6lP5NEMpKcNnRNo', 'Android'),
(336, '2019-04-26 17:29:10', '2019-04-26 17:31:43', NULL, 244, 'dhtNjxpMYgc:APA91bE8PULKuU3ZheiM8JGgtjMXHEXAubXijCmA8DUHZz5lWXCscRD63Mcytd_j3wkBxAwK8RXQy11jzvM_1jiLmZClcuQBB9qwNs_F31rBtrOibnKmOm913K-NMbwxaBaWWShLjS13', 'Android'),
(337, '2019-04-26 19:14:22', NULL, NULL, 297, 'ct1HK78aFwo:APA91bEFCLVifiNoMUD8iYvq1m9dy8aSZey6E09aVwtZaO7nX41an_Iz69wzOHPgq-QBMpoSsPhok4DKIbvdtJSWAf2n5Kax7KASi-TfG9DtSPRaftuP00nhh_LRbwDePmvnLXmbxt4u', 'Android'),
(338, '2019-04-26 19:16:53', NULL, NULL, 462, 'euLXb5wKZY4:APA91bGyp0Y3tbD0dUkwgY9flzd8N-B4tNSB39k2CMOCuuDG4jFOc9G8uJsGQEvRh4vv98Z7yef56PIWLISqg7_jcKo_KWr9tH2SDvateg2LHXyfKTjtiHaHfyY6mAtMknkSQqC-nDhj', 'Android'),
(339, '2019-04-26 19:24:13', NULL, NULL, 104, 'd_I5kbIgmTM:APA91bEsr4adDKVdG5CnuFTSYs5wVah7Ufeg54nl9U8M_zG1yD62SiIRBV29bxPZ0GwLpWLG9jg1jr6xLvJ6M8NgpTs3cq65NSse3JXz_TvWWYdeF5_Aq1cbRlacVLM3cucFqoAa1QGb', 'Android'),
(340, '2019-04-26 20:24:03', NULL, NULL, 570, 'dG7LeBAH44g:APA91bEIRbmkPLwuk7pxk67xMIfAtpdgDPRvmf9x39PHt5Xw3j4RlD-5ah9u8qAomCJkfnyALJcrHCB8ELlP_hHpOkYujgN2UmVjFjRKViYyLVPWikZreCHya8g2Q4fOokTjU674OzLK', 'IOS'),
(341, '2019-04-26 23:33:00', NULL, NULL, 79, 'cGnUev6LUms:APA91bFw5Xd-JrV10LXLZ7MZxrxtZjNLWe2fKKJIKQoWDtcgadMMoBCnHJKEapNOdIRXG3ecGttEA8nc77_ZdxOYKhDrXoyoypN6iZ2FloCUApUDmfQLSEA_qV5ynhBjXoERruNk3rPW', 'Android'),
(342, '2019-04-26 23:40:43', NULL, NULL, 243, 'fOEDJCHaGGk:APA91bF1CIQ-7iba0mKuFYaATBkhdrvxijUdtkJ8tVRb3vhSmc6DpNb3omO5azk0FWOh1XT_y5Ghe_O6hSH1EMbsp5NZ62DS9pAto86usvOCjlRvn62bxZ-_k3JeNAhBl-FaUwC5B5um', 'IOS'),
(343, '2019-04-26 23:41:19', NULL, NULL, 627, 'f14UshyS1Zg:APA91bHWPaB91fY94r6ArJVAhG3Wiw_iY15q2SsCC_EWk0MDsi6BdwGMc2nSQgAdJYcRLUv95iEhYCJo-mPM3ux58yoUyLYjNLCodYNK5BjDFF5USzmDpqshqT5G4yiHT3FSC1uEjJ4T', 'Android'),
(344, '2019-04-27 00:13:30', NULL, NULL, 178, 'dkMEdLSvs6c:APA91bEiUgas9BvLMaTN1d9yi-uqHfn9pbIPpMFx_aPVHl7P8gOIMY1HXcqgVUG-aEtNcbI7Cb9D2pwD7Yksht0coZBRZK54eyiGpnBOWD1k-ik52GgwJEDh1PagsWKefjmaCCif2FZ5', 'Android'),
(345, '2019-04-27 00:25:28', NULL, NULL, 1, 'fSDNa-cD2js:APA91bFoymXtg4utVE0mGTnahl2TYth1GnZTuLu0VysHGRAed16saMBimQXV_f2fT0gd6VcDWg6X77qUSda4oLvy3GMGozEnL85i3kcNGJdEoFfLg-z9Z73T_7pAWLSF0KptzsvGmOtk', 'IOS'),
(346, '2019-04-27 03:04:36', NULL, NULL, 176, 'fNzp6vQYRtM:APA91bEE0D1Y0e6cKnHA8ScSZ_Dhu2K4TVCcV2ZC-GGsR-XSJUUTVG2miursGoPBzeeKwoPUq2s0xwH4LzyfIv5S2Q14MoayacMXQLle_PGqizempWms2brHP36UPMXxPZtYxIHLcbQN', 'IOS'),
(347, '2019-04-27 05:29:18', NULL, NULL, 214, 'fPVYhZEbwgY:APA91bE1Ko7J3NcV28bZjDrcKE1lSOewD7XXqpDSzK_TO3KguES-TMwQGCxupNSvarx-yI5QBazCNC_ti-DWevGTSvGIh4eRLBzJorZqNztEr8wQtQ15uOLVB2O-v5hnkKkBhD_QdGNE', 'IOS'),
(348, '2019-04-27 06:52:44', NULL, NULL, 59, 'fm4bFQGluHo:APA91bHzlhAoKD6mbE36bmnq3rt1gef_SWD-BjrOVCsjIsUv_EjIeLUMEWYaJ0UDHpxx39sjfVHz6kXiC1tnd_Nw98jrhP17Zou0qUHfmBpgBjWohodf_meATBc8HI6Ht_4hSCGIAjB3', 'Android'),
(349, '2019-04-27 07:03:27', NULL, NULL, 639, 'cHJ05ZC8tk0:APA91bEZZaait1qoJLnWxA696LFF6sNKxACBJKgvWXbfVBv21Ntb0a29PyA22qDclYjmDJrh_pR99zG5Q0rLldPS8AzqvlXJrgLgVWZfS_0D7dHbzA5kYcNo2spsTN30rHYHWJvUdQSF', 'Android'),
(350, '2019-04-27 07:05:47', NULL, NULL, 192, 'fBu8vrSvRB0:APA91bHfgXpYkZU61PnsQumIP32eU-LNlQWtvHID3-rgAn4BPWLW1ccC8wCaPHfyxKZqS9Gmj2D3gVnEF7RZcLjScruZV9GYUF-s6LnosGvLvKMvINJ7qzNbiS4MA8PWCpgBbO7gbb-z', 'Android'),
(351, '2019-04-27 07:06:14', NULL, NULL, 236, 'fllY1I5kVi8:APA91bG35vrIIe0yFzwVQ8-CfyI5TMUlS6VgslHj9CAavXDc8QBByCHmL2gJwvEUDBoKXNddnllqQIfdCrddkh47-Ekx4uhrUalxqQNFwqFgg-lHFkMteAkIgk8Cd5Froj7WvMb2nTWT', 'IOS'),
(352, '2019-04-27 07:06:16', NULL, NULL, 483, 'dMVSVuhGvsA:APA91bHzU2OmuzD6n0Q66AmII2NbxCeMzZ1ql0bsNSmXvY8JfJ4UcWl4qCGEo4-iVzT5ksLG4kAaLmIqPVXIBfv11z1100MBN-RF3r8heLVnGDaYHOsxq435Zyk6-GEreO2-XhHGgI-K', 'Android'),
(353, '2019-04-27 07:23:26', NULL, NULL, 123, 'dsThCASfbRw:APA91bGMXFR10k7GVTm1kUtNmYkePB8Ci3375HRsS2n4PsnaqmxXUNQ2Pb8q-NVHdHK-4BsYMi9bqXa1E1uADEioJYrodj5e2bZNrYKYW7gDVDzrqXfUj7B9gyaC8Gwo1Wse2rapWs6N', 'Android'),
(354, '2019-04-27 07:48:43', NULL, NULL, 449, 'feXeoeCOcAo:APA91bG7hn6oZPlfcC7L5x-ZtgJTvs2wE1_iHe_bhvk52jZ7JYp1aNmz-m0XybbPPuY-t50koTnztwtgrX66L7cbtqQYfZeqo8-wHgRjdsD0UTiyQvU-vEI3uTeJiv7u9PTkXqXyzEFi', 'IOS'),
(355, '2019-04-27 07:51:09', NULL, NULL, 640, 'e5DfQEIRH4k:APA91bGWjuv9a7kixBpLYLt4379Eik6_RHvOQdqDKiLaR_Z3aukDGeNkNF1X9EkmBQNiy1AibGBH3I97hE275H4vbL0ZNG9-sFPJQFAXvF9gO9rOwy-zkLE0pfQ7_SRhtcpNFvAVHeNN', 'Android'),
(356, '2019-04-27 08:06:27', NULL, NULL, 643, 'dNOTOicXDX4:APA91bGWkq0-hxTiqFx-qgNJJvox-SeskwabhqLnOHT6OogAiG3Mco8S5OJZad_n6oS2oX-Ez65UcaVM00VokgzdmaBp-KSPOh1rUYQ9yT8RFwE2sNrSdsJsBGX5Lwb8ytAxch9RJgk5', 'IOS'),
(357, '2019-04-27 08:17:11', NULL, NULL, 642, 'cuF5HCxEBYU:APA91bEKGXWyhnDHVnmxwpJ5jxyUB6hz6G2iGh-HmOSe3jUGb738mfpNNVw9O5B7IAQKnZmQ8IDVKRqu5vCuoD9Q_25s2Qhd-MOy2EF4izkw0je3yZNbqqF2QRi0fkFCR4WVZYEPNsvw', 'IOS'),
(358, '2019-04-27 09:03:30', NULL, NULL, 645, 'e_nqsVg8GDM:APA91bHzNNjVGoQ8ntTu2Ev0_JjPWKexzsGN36BNC27hOtLUc9EatQR_7kPxPaJDTDvP2GikjR2ue0XEux3U3bfwzEbZyq29LjZJxBG_ykzbtxVLnYBwDVna8gPc-MPGsVqdkqNhhOmr', 'Android'),
(359, '2019-04-27 11:47:13', NULL, NULL, 1, 'clsiGIA7eHA:APA91bEPgwFU8TyteFuPVkW_IOB90zK4_XIwf_tWblUKUZ0jwzmGWIn9SAHfkZAdSc55yTcKWJyaxlcTjdWg9Zb3mxehUtFLDLNhlyCOrNYA-4PbIF5meSovF-VDnz9pJ1QhPaPvAQK6', 'Android'),
(360, '2019-04-27 11:47:50', NULL, NULL, 1, 'dUO0kNH087A:APA91bFVdbxqz44Mz2T7-rn1bG26seSOgnmENN0cHmnfhet5KImPQ-3a14902OW4ImipXetI0NirOnEm3mpYZZUnv4y9QJagBkWB2EIglGNV8pMJDgp2_xni1h4Yd7LzXrrtSOQ3lVvH', 'Android'),
(361, '2019-04-27 11:48:21', NULL, NULL, 1, 'fQb9H8G4jZ8:APA91bFEkRUlJzMlEU7Scj1_p7KC8qIMU5u4_Ge3RwErRtbMrMawQTpGVYqaaj1S0847ozNY184F_HtWHh-07gjP3K_z6_NbbTd6P4_B6Yd7CjqOf9W2MN9SvTfax3QI2yivPivVGBd8', 'Android'),
(362, '2019-04-27 12:26:08', NULL, NULL, 1, 'dXdQElb-FUc:APA91bH5E0wPt_obE1E47r1BYXoQA5uPHRUE1-8bpdSscx9fU6UXiZ5fT5YfgiAC9cozNzB-_VD0aGOHIg1rPrxr4vXphFJPdeM62AHcMbelaGgt_wUxE9QYa3FDqdxfkdgtFKq7mVaf', 'Android');

-- --------------------------------------------------------

--
-- Table structure for table `message`
--

CREATE TABLE `message` (
  `id` int(11) NOT NULL,
  `created_at` datetime DEFAULT NULL,
  `updated_at` datetime DEFAULT NULL,
  `deleted_at` datetime DEFAULT NULL,
  `id_member` int(11) DEFAULT NULL,
  `type` varchar(6) DEFAULT NULL,
  `message` varchar(255) DEFAULT NULL,
  `is_read` int(1) DEFAULT '0'
) ENGINE=InnoDB DEFAULT CHARSET=utf8;

--
-- Dumping data for table `message`
--

INSERT INTO `message` (`id`, `created_at`, `updated_at`, `deleted_at`, `id_member`, `type`, `message`, `is_read`) VALUES
(1, '2019-03-29 19:38:31', NULL, NULL, 1, 'member', 'Sayur', 0),
(2, '2019-03-29 19:38:31', '2019-04-14 15:57:04', NULL, 1, 'admin', 'Sayur', 1),
(3, '2019-04-14 16:03:58', NULL, NULL, 1, 'member', 'Halo', 0),
(4, '2019-04-14 16:11:37', NULL, NULL, 1, 'member', 'Halo', 0);

-- --------------------------------------------------------

--
-- Table structure for table `migrations`
--

CREATE TABLE `migrations` (
  `id` int(10) UNSIGNED NOT NULL,
  `migration` varchar(255) COLLATE utf8mb4_unicode_ci NOT NULL,
  `batch` int(11) NOT NULL
) ENGINE=InnoDB DEFAULT CHARSET=utf8mb4 COLLATE=utf8mb4_unicode_ci;

-- --------------------------------------------------------

--
-- Table structure for table `module`
--

CREATE TABLE `module` (
  `id` int(11) NOT NULL,
  `created_at` datetime DEFAULT NULL,
  `updated_at` datetime DEFAULT NULL,
  `deleted_at` datetime DEFAULT NULL,
  `type` varchar(10) DEFAULT NULL,
  `sorting` int(11) DEFAULT NULL,
  `code` varchar(50) DEFAULT NULL,
  `name` varchar(50) DEFAULT NULL,
  `status` varchar(3) DEFAULT NULL,
  `admin_status` varchar(3) DEFAULT 'Yes',
  `message` varchar(255) DEFAULT NULL
) ENGINE=InnoDB DEFAULT CHARSET=utf8mb4;

--
-- Dumping data for table `module`
--

INSERT INTO `module` (`id`, `created_at`, `updated_at`, `deleted_at`, `type`, `sorting`, `code`, `name`, `status`, `admin_status`, `message`) VALUES
(1, '2018-12-09 14:18:17', NULL, NULL, 'static', NULL, 'forgot_password', 'FORGOT PASSWORD', 'Yes', 'Yes', NULL),
(2, '2018-12-09 14:18:17', NULL, NULL, 'static', NULL, 'notification', 'NOTIFICATION', 'Yes', 'Yes', NULL),
(3, '2018-12-09 14:18:17', NULL, NULL, 'static', NULL, 'edit_password', 'EDIT PASSWORD', 'Yes', 'Yes', NULL),
(4, '2018-12-09 14:18:17', NULL, NULL, 'static', NULL, 'scan_history', 'SCAN HISTORY', 'Yes', 'Yes', NULL),
(5, '2018-12-09 14:18:17', NULL, NULL, 'static', NULL, 'message_to_admin', 'MESSAGE TO ADMIN', 'No', 'Yes', NULL),
(6, '2018-12-09 14:18:17', NULL, NULL, 'static', NULL, 'profile', 'PROFILE', 'Yes', 'Yes', NULL),
(7, '2018-12-09 14:18:17', NULL, NULL, 'static', NULL, 'user_scan', 'SCAN QR CODE', 'Yes', 'No', NULL),
(101, '2018-12-09 14:18:17', '2019-04-22 20:01:13', NULL, 'modular', 1, 'qr_code', 'MY QR', 'Yes', 'Yes', NULL),
(102, '2018-12-09 14:18:17', '2019-04-22 20:01:13', NULL, 'modular', 2, 'agenda', 'AGENDA', 'Yes', 'Yes', NULL),
(103, '2018-12-09 14:18:17', '2019-04-22 20:00:30', NULL, 'modular', 5, 'maps', 'MAPS', 'Yes', 'Yes', NULL),
(104, '2018-12-09 14:18:17', '2019-04-22 20:00:30', NULL, 'modular', 6, 'gallery', 'GALLERY', 'Yes', 'Yes', NULL),
(105, '2018-12-09 14:18:17', '2019-04-18 12:32:52', NULL, 'modular', 6, 'document', 'Flight & Accomodation', 'Yes', 'No', NULL),
(106, '2018-12-09 14:18:17', '2019-04-22 23:00:53', NULL, 'modular', 3, 'survey', 'SURVEY', 'No', 'Yes', 'You can access this feature on 28 April 2019'),
(107, '2018-12-09 14:18:17', '2019-04-17 19:16:19', NULL, 'modular', NULL, 'quiz', 'QUIZ', 'No', 'No', NULL),
(108, '2018-12-09 14:18:17', '2019-04-22 23:01:03', NULL, 'modular', 8, 'feedback', 'FEEDBACK', 'No', 'Yes', 'You can access this feature on 28 April  2019'),
(109, '2018-12-09 14:18:17', '2019-04-15 08:42:52', NULL, 'modular', NULL, 'speaker', 'MEMBER', 'No', 'No', NULL),
(110, '2018-12-09 14:18:17', '2019-04-22 20:00:30', NULL, 'modular', 4, 'qna', 'QnA', 'Yes', 'Yes', NULL),
(111, '2018-12-09 14:18:17', '2019-04-22 20:00:30', NULL, 'modular', 10, 'help', 'HELP', 'Yes', 'Yes', NULL),
(112, '2018-12-09 14:18:17', '2019-04-22 20:00:30', NULL, 'modular', 9, 'about', 'ABOUT', 'Yes', 'Yes', NULL),
(113, '2018-12-09 14:18:17', '2019-04-17 19:16:19', NULL, 'modular', NULL, 'souvenir', 'SOUVENIR', 'No', 'No', NULL),
(114, '2018-12-09 14:18:17', '2019-04-22 20:00:30', NULL, 'modular', 7, 'flight_accommodation', 'FLIGHT & ACCOMODATION', 'Yes', 'Yes', NULL);

-- --------------------------------------------------------

--
-- Table structure for table `notification`
--

CREATE TABLE `notification` (
  `id` int(11) NOT NULL,
  `created_at` datetime DEFAULT NULL,
  `updated_at` datetime DEFAULT NULL,
  `deleted_at` datetime DEFAULT NULL,
  `title` varchar(255) COLLATE utf8mb4_unicode_ci DEFAULT NULL,
  `content` text COLLATE utf8mb4_unicode_ci,
  `send_at` datetime DEFAULT NULL,
  `is_send` int(1) DEFAULT '0'
) ENGINE=InnoDB DEFAULT CHARSET=utf8mb4 COLLATE=utf8mb4_unicode_ci;

--
-- Dumping data for table `notification`
--

INSERT INTO `notification` (`id`, `created_at`, `updated_at`, `deleted_at`, `title`, `content`, `send_at`, `is_send`) VALUES
(1, '2019-04-26 10:36:43', '2019-04-26 11:15:05', NULL, 'Hi Tiketers', 'Welcome aboard! How lovely to see you here in Bali, enjoy your time and be prepared for Splash Party tomorrow.', '2019-04-26 08:30:00', 1),
(2, '2019-04-26 10:37:26', '2019-04-26 11:24:05', NULL, 'Hi Tiketers', 'Welcome aboard! How lovely to see you here in Bali, enjoy your time and be prepared for Splash Party tomorrow.', '2019-04-26 10:35:00', 1),
(3, '2019-04-26 10:37:26', '2019-04-26 11:45:05', NULL, 'Hi Tiketers', 'Welcome aboard! How lovely to see you here in Bali, enjoy your time and be prepared for Splash Party tomorrow.', '2019-04-26 11:45:00', 1),
(4, '2019-04-26 10:37:26', '2019-04-26 12:09:05', NULL, 'Hi Tiketers', 'Welcome aboard! How lovely to see you here in Bali, enjoy your time and be prepared for Splash Party tomorrow.', '2019-04-26 11:45:00', 1),
(5, '2019-04-26 10:37:26', '2019-04-26 14:40:05', NULL, 'Hi Tiketers', 'Welcome aboard! How lovely to see you here in Bali, enjoy your time and be prepared for Splash Party tomorrow.', '2019-04-26 14:40:00', 1),
(6, '2019-04-26 10:37:26', '2019-04-26 16:20:05', NULL, 'Hi Tiketers', 'Welcome aboard! How lovely to see you here in Bali, enjoy your time and be prepared for Splash Party tomorrow.', '2019-04-26 16:20:00', 1),
(7, '2019-04-26 10:37:26', '2019-04-26 16:40:06', NULL, 'Hi Tiketers', 'Welcome aboard! How lovely to see you here in Bali, enjoy your time and be prepared for Splash Party tomorrow.', '2019-04-26 16:40:00', 1),
(8, '2019-04-26 10:37:26', '2019-04-26 17:35:07', NULL, 'Hi Tiketers', 'Welcome aboard! How lovely to see you here in Bali, enjoy your time and be prepared for Splash Party tomorrow.', '2019-04-26 17:35:00', 1),
(9, '2019-04-26 10:37:26', '2019-04-26 18:10:06', NULL, 'Hi Tiketers', 'Welcome aboard! How lovely to see you here in Bali, enjoy your time and be prepared for Splash Party tomorrow.', '2019-04-26 18:10:00', 1),
(10, '2019-04-26 10:37:26', '2019-04-26 19:40:05', NULL, 'Hi Tiketers', 'Welcome aboard! How lovely to see you here in Bali, enjoy your time and be prepared for Splash Party tomorrow.', '2019-04-26 19:40:00', 1),
(11, '2019-04-26 10:37:26', '2019-04-26 20:10:05', NULL, 'Hi Tiketers', 'Welcome aboard! How lovely to see you here in Bali, enjoy your time and be prepared for Splash Party tomorrow.', '2019-04-26 20:10:00', 1),
(12, '2019-04-26 10:37:26', '2019-04-26 21:00:06', NULL, 'Attendance Notification', 'Your attendance is defined who you are, so don\'t forget to scan your QR code to EO team.', '2019-04-26 21:00:00', 1),
(13, '2019-04-26 10:37:26', '2019-04-26 22:00:05', NULL, 'Good Night Tiketers', 'Have a good sleep, and don\'t forget, we will see you in the beach tomorrow morning.', '2019-04-26 22:00:00', 1),
(14, '2019-04-26 10:37:26', '2019-04-27 05:00:05', NULL, 'Good Morning Tiketers', 'Be prepared for #tikettrashhero', '2019-04-27 05:00:00', 1),
(15, '2019-04-26 10:37:26', '2019-04-27 06:00:06', NULL, 'Breakfast Notification', 'How\'s your breakfast? Full your stomach, coz it\'s gonna be a long long day..', '2019-04-27 06:00:00', 1),
(16, '2019-04-26 10:37:26', '2019-04-27 06:15:04', NULL, 'Attendance Notification', 'Your attendance is defined who you are, so don\'t forget to scan your QR code to EO team.', '2019-04-27 06:15:00', 1),
(17, '2019-04-26 10:37:26', '2019-04-27 06:30:07', NULL, 'Prepare to beach', 'Hi Tiketers.. let\'s go to the beach and be hero...', '2019-04-27 06:30:00', 1),
(18, '2019-04-26 10:37:26', '2019-04-27 06:40:05', NULL, 'Hi Tiketers', 'Download any photos during Splash Party from \"Gallery\" from your Apps', '2019-04-27 06:40:00', 1),
(19, '2019-04-26 10:37:26', '2019-04-27 14:30:05', NULL, 'Hi Tiketers ', 'How\'s your day? Was it fun? Now take your time to lay down and take a rest.', '2019-04-27 14:30:00', 1),
(20, '2019-04-26 10:37:26', '2019-04-27 18:06:24', NULL, 'Hi Tiketers', 'Download any photos during Splash Party from \"Gallery\" from your Apps', '2019-04-27 17:00:00', 1),
(21, '2019-04-26 10:37:26', '2019-04-27 18:22:16', NULL, 'Dinner Notification', 'Hello there…. Dinner is ready at the Helipad Area. See you around.', '2019-04-27 18:15:00', 1),
(22, '2019-04-26 10:37:26', NULL, NULL, 'Attendance Notification', 'Your attendance is defined who you are, so don\'t forget to scan your QR code to EO team.', '2019-04-27 18:30:00', 0),
(23, '2019-04-26 10:37:26', NULL, NULL, 'Going to Kharisma Ballroom', 'Are you ready for party tonight? Let\'s move to Kharisma Ballroom', '2019-04-27 20:00:00', 0),
(24, '2019-04-26 10:37:26', NULL, NULL, 'Going to Kharisma Ballroom', 'Be sure you are already in Kharisma Ballroom, because we are all about to start the party.', '2019-04-27 20:30:00', 0),
(25, '2019-04-26 10:37:26', NULL, NULL, 'Hi Tiketers', 'Did you enjoy the party? Have a good rest, gonna see you again tomorrow guys.', '2019-04-28 00:00:01', 0),
(26, '2019-04-26 10:37:26', NULL, NULL, 'Breakfast Notification', 'Good morning Tiketers, don\'t forget to have breakfast.', '2019-04-28 07:30:00', 0),
(27, '2019-04-26 10:37:26', NULL, NULL, 'Check-Out Notification', 'Be prepared for Check-Out, we will see you on 11.00 WITA at the Hotel Lobby.', '2019-04-28 10:30:00', 0),
(28, '2019-04-26 10:37:26', NULL, NULL, 'Going to Wanaku Restaurant', 'Let\'s take the bus and go to Wanaku Restaurant. We have a Gala Lunch there. Don\'t be late.', '2019-04-28 11:15:00', 0),
(29, '2019-04-26 10:37:26', NULL, NULL, 'Attendance Notification', 'Your attendance is defined who you are, so don\'t forget to scan your QR code to EO team.', '2019-04-28 11:30:00', 0),
(30, '2019-04-26 10:37:26', NULL, NULL, 'Hi Tiketers', 'to those who will fly at 16.00 WITA, we\'ll start go to airport within 20\',  don\'t miss your flight.', '2019-04-28 13:40:00', 0),
(31, '2019-04-26 10:37:26', NULL, NULL, 'Hi Tiketers', 'Thank you for being together in Splash Party. Please check your flight schedule and don\'t missed it.', '2019-04-28 14:00:00', 0),
(32, '2019-04-26 10:37:26', NULL, NULL, 'Hi Tiketers', 'I love Monday so much, so we will see you again tomorrow at the office, cheers!', '2019-04-28 14:30:00', 0),
(33, '2019-04-27 14:48:18', '2019-04-27 14:48:22', NULL, 'Hi Tiketers', 'Hi TIketers, Bagi yg menemukan koper atau tidak sengaja membawa koper orang lain, harap mengembalikan ke lobby DKPH tujukan ke Yosie Rifayani', '2019-04-27 13:50:00', 1);

-- --------------------------------------------------------

--
-- Table structure for table `notification_member`
--

CREATE TABLE `notification_member` (
  `id` int(11) NOT NULL,
  `created_at` datetime DEFAULT NULL,
  `updated_at` datetime DEFAULT NULL,
  `deleted_at` datetime DEFAULT NULL,
  `id_notification` int(11) DEFAULT NULL,
  `id_member` int(11) DEFAULT NULL,
  `action_type` varchar(6) COLLATE utf8mb4_unicode_ci DEFAULT NULL
) ENGINE=InnoDB DEFAULT CHARSET=utf8mb4 COLLATE=utf8mb4_unicode_ci;

--
-- Dumping data for table `notification_member`
--

INSERT INTO `notification_member` (`id`, `created_at`, `updated_at`, `deleted_at`, `id_notification`, `id_member`, `action_type`) VALUES
(1, '2019-04-23 09:37:43', NULL, NULL, 37, 1, 'Read'),
(2, '2019-04-23 10:39:25', NULL, NULL, 37, 1, 'Read'),
(3, '2019-04-26 11:15:05', NULL, NULL, 1, 137, 'Read'),
(4, '2019-04-26 11:24:04', NULL, NULL, 1, 363, 'Read'),
(5, '2019-04-26 11:24:04', '2019-04-26 11:28:31', NULL, 2, 363, 'Read'),
(6, '2019-04-26 11:24:04', NULL, NULL, 1, 621, 'Read'),
(7, '2019-04-26 11:24:05', NULL, NULL, 2, 621, 'Read'),
(8, '2019-04-26 11:24:05', NULL, NULL, 1, 471, 'Read'),
(9, '2019-04-26 11:24:05', NULL, NULL, 2, 471, 'Read'),
(10, '2019-04-26 11:24:07', '2019-04-26 11:24:08', NULL, 2, 614, 'Read'),
(11, '2019-04-26 11:24:07', NULL, NULL, 1, 614, 'Read'),
(12, '2019-04-26 11:24:08', NULL, NULL, 2, 634, 'Read'),
(13, '2019-04-26 11:24:08', NULL, NULL, 2, 634, 'Read'),
(14, '2019-04-26 11:24:08', NULL, NULL, 1, 634, 'Read'),
(15, '2019-04-26 11:25:13', '2019-04-26 11:25:13', NULL, 2, 350, 'Read'),
(16, '2019-04-26 11:25:13', '2019-04-26 11:25:43', NULL, 1, 350, 'Read'),
(17, '2019-04-26 11:25:43', '2019-04-26 11:25:43', NULL, 2, 218, 'Read'),
(18, '2019-04-26 11:25:43', NULL, NULL, 1, 218, 'Read'),
(19, '2019-04-26 11:26:20', NULL, NULL, 2, 270, 'Read'),
(20, '2019-04-26 11:26:20', NULL, NULL, 1, 270, 'Read'),
(21, '2019-04-26 11:26:21', '2019-04-26 11:26:31', NULL, 2, 512, 'Read'),
(22, '2019-04-26 11:26:21', NULL, NULL, 1, 512, 'Read'),
(23, '2019-04-26 11:26:29', '2019-04-26 11:26:31', NULL, 2, 1, 'Read'),
(24, '2019-04-26 11:26:29', '2019-04-26 11:26:33', NULL, 1, 1, 'Read'),
(25, '2019-04-26 11:26:55', '2019-04-26 11:27:01', NULL, 2, 612, 'Read'),
(26, '2019-04-26 11:26:55', NULL, NULL, 1, 612, 'Read'),
(27, '2019-04-26 11:28:11', NULL, NULL, 2, 147, 'Read'),
(28, '2019-04-26 11:28:11', NULL, NULL, 1, 147, 'Read'),
(29, '2019-04-26 11:28:11', NULL, NULL, 2, 147, 'Read'),
(30, '2019-04-26 11:28:14', '2019-04-26 11:28:23', NULL, 2, 275, 'Read'),
(31, '2019-04-26 11:28:14', NULL, NULL, 1, 275, 'Read'),
(32, '2019-04-26 11:28:24', '2019-04-26 11:30:48', NULL, 2, 172, 'Read'),
(33, '2019-04-26 11:28:24', NULL, NULL, 1, 172, 'Read'),
(34, '2019-04-26 11:29:14', NULL, NULL, 1, 119, 'Read'),
(35, '2019-04-26 11:29:18', '2019-04-26 11:29:18', NULL, 2, 175, 'Read'),
(36, '2019-04-26 11:29:18', NULL, NULL, 1, 175, 'Read'),
(37, '2019-04-26 11:29:30', '2019-04-26 11:29:30', NULL, 2, 14, 'Read'),
(38, '2019-04-26 11:29:30', '2019-04-26 11:29:36', NULL, 1, 14, 'Read'),
(39, '2019-04-26 11:30:02', '2019-04-26 11:30:02', NULL, 2, 79, 'Read'),
(40, '2019-04-26 11:30:02', '2019-04-26 11:30:09', NULL, 1, 79, 'Read'),
(41, '2019-04-26 11:30:31', '2019-04-26 11:30:31', NULL, 2, 364, 'Read'),
(42, '2019-04-26 11:30:31', NULL, NULL, 1, 364, 'Read'),
(43, '2019-04-26 11:31:17', '2019-04-26 11:31:18', NULL, 2, 126, 'Read'),
(44, '2019-04-26 11:31:17', '2019-04-26 11:31:22', NULL, 1, 126, 'Read'),
(45, '2019-04-26 11:32:13', NULL, NULL, 2, 337, 'Read'),
(46, '2019-04-26 11:32:13', '2019-04-26 11:32:25', NULL, 1, 516, 'Read'),
(47, '2019-04-26 11:32:13', '2019-04-26 11:32:16', NULL, 1, 337, 'Read'),
(48, '2019-04-26 11:32:17', '2019-04-26 11:32:27', NULL, 2, 516, 'Read'),
(49, '2019-04-26 11:32:48', '2019-04-26 11:32:49', NULL, 2, 203, 'Read'),
(50, '2019-04-26 11:32:48', NULL, NULL, 1, 203, 'Read'),
(51, '2019-04-26 11:32:52', '2019-04-26 11:33:03', NULL, 2, 424, 'Read'),
(52, '2019-04-26 11:32:58', '2019-04-26 11:32:59', NULL, 1, 424, 'Read'),
(53, '2019-04-26 11:34:16', '2019-04-26 11:34:16', NULL, 2, 260, 'Read'),
(54, '2019-04-26 11:34:16', NULL, NULL, 1, 260, 'Read'),
(55, '2019-04-26 11:34:20', '2019-04-26 11:34:26', NULL, 2, 502, 'Read'),
(56, '2019-04-26 11:34:20', NULL, NULL, 1, 502, 'Read'),
(57, '2019-04-26 11:37:22', '2019-04-26 11:37:22', NULL, 2, 551, 'Read'),
(58, '2019-04-26 11:37:22', '2019-04-26 11:37:30', NULL, 1, 551, 'Read'),
(59, '2019-04-26 11:37:56', '2019-04-26 11:37:57', NULL, 2, 2, 'Read'),
(60, '2019-04-26 11:37:56', NULL, NULL, 1, 2, 'Read'),
(61, '2019-04-26 11:38:20', '2019-04-26 11:38:26', NULL, 2, 443, 'Read'),
(62, '2019-04-26 11:38:20', '2019-04-26 11:38:21', NULL, 1, 443, 'Read'),
(63, '2019-04-26 11:38:56', '2019-04-26 11:38:57', NULL, 2, 18, 'Read'),
(64, '2019-04-26 11:38:56', NULL, NULL, 1, 18, 'Read'),
(65, '2019-04-26 11:39:37', '2019-04-26 11:39:37', NULL, 2, 317, 'Read'),
(66, '2019-04-26 11:39:37', NULL, NULL, 1, 317, 'Read'),
(67, '2019-04-26 11:41:04', NULL, NULL, 1, 41, 'Read'),
(68, '2019-04-26 11:41:04', NULL, NULL, 2, 41, 'Read'),
(69, '2019-04-26 11:41:33', '2019-04-26 11:41:36', NULL, 2, 336, 'Read'),
(70, '2019-04-26 11:41:33', NULL, NULL, 1, 336, 'Read'),
(71, '2019-04-26 11:41:39', '2019-04-26 11:41:39', NULL, 2, 623, 'Read'),
(72, '2019-04-26 11:41:39', NULL, NULL, 1, 623, 'Read'),
(73, '2019-04-26 11:42:04', '2019-04-26 11:42:09', NULL, 2, 221, 'Read'),
(74, '2019-04-26 11:42:04', NULL, NULL, 1, 221, 'Read'),
(75, '2019-04-26 11:42:25', '2019-04-26 11:42:31', NULL, 2, 619, 'Read'),
(76, '2019-04-26 11:42:25', NULL, NULL, 1, 619, 'Read'),
(77, '2019-04-26 11:43:59', NULL, NULL, 2, 369, 'Read'),
(78, '2019-04-26 11:43:59', NULL, NULL, 1, 369, 'Read'),
(79, '2019-04-26 11:44:04', '2019-04-26 11:44:18', NULL, 2, 154, 'Read'),
(80, '2019-04-26 11:44:04', NULL, NULL, 1, 154, 'Read'),
(81, '2019-04-26 11:45:05', NULL, NULL, 2, 21, 'Read'),
(82, '2019-04-26 11:45:05', NULL, NULL, 1, 21, 'Read'),
(83, '2019-04-26 11:45:05', NULL, NULL, 3, 363, 'Read'),
(84, '2019-04-26 11:45:05', NULL, NULL, 3, 21, 'Read'),
(85, '2019-04-26 11:45:05', NULL, NULL, 3, 617, 'Read'),
(86, '2019-04-26 11:45:05', NULL, NULL, 2, 617, 'Read'),
(87, '2019-04-26 11:45:05', NULL, NULL, 1, 617, 'Read'),
(88, '2019-04-26 11:45:08', NULL, NULL, 3, 471, 'Read'),
(89, '2019-04-26 12:09:04', NULL, NULL, 4, 363, 'Read'),
(90, '2019-04-26 12:09:06', '2019-04-26 12:09:09', NULL, 4, 606, 'Read'),
(91, '2019-04-26 12:09:06', NULL, NULL, 3, 606, 'Read'),
(92, '2019-04-26 12:09:06', NULL, NULL, 2, 606, 'Read'),
(93, '2019-04-26 12:09:06', NULL, NULL, 1, 606, 'Read'),
(94, '2019-04-26 12:09:13', NULL, NULL, 4, 614, 'Read'),
(95, '2019-04-26 12:09:13', NULL, NULL, 4, 614, 'Read'),
(96, '2019-04-26 12:09:13', NULL, NULL, 3, 614, 'Read'),
(97, '2019-04-26 12:09:13', '2019-04-26 12:09:14', NULL, 4, 21, 'Read'),
(98, '2019-04-26 12:09:14', '2019-04-26 12:29:31', NULL, 4, 260, 'Read'),
(99, '2019-04-26 12:09:14', NULL, NULL, 3, 260, 'Read'),
(100, '2019-04-26 12:09:16', NULL, NULL, 4, 416, 'Read'),
(101, '2019-04-26 12:09:19', '2019-04-26 13:58:16', NULL, 4, 1, 'Read'),
(102, '2019-04-26 12:09:19', NULL, NULL, 3, 1, 'Read'),
(103, '2019-04-26 12:09:27', '2019-04-26 12:09:30', NULL, 4, 592, 'Read'),
(104, '2019-04-26 12:09:29', '2019-04-26 12:09:31', NULL, 4, 11, 'Read'),
(105, '2019-04-26 12:09:29', NULL, NULL, 3, 11, 'Read'),
(106, '2019-04-26 12:09:29', NULL, NULL, 2, 11, 'Read'),
(107, '2019-04-26 12:09:29', NULL, NULL, 1, 11, 'Read'),
(108, '2019-04-26 12:09:37', NULL, NULL, 4, 421, 'Read'),
(109, '2019-04-26 12:09:37', NULL, NULL, 3, 421, 'Read'),
(110, '2019-04-26 12:09:37', NULL, NULL, 2, 421, 'Read'),
(111, '2019-04-26 12:09:37', '2019-04-26 12:09:39', NULL, 1, 421, 'Read'),
(112, '2019-04-26 12:09:52', '2019-04-26 12:09:52', NULL, 4, 367, 'Read'),
(113, '2019-04-26 12:09:52', NULL, NULL, 3, 367, 'Read'),
(114, '2019-04-26 12:09:52', NULL, NULL, 2, 367, 'Read'),
(115, '2019-04-26 12:09:52', NULL, NULL, 1, 367, 'Read'),
(116, '2019-04-26 12:10:00', '2019-04-26 12:10:01', NULL, 4, 73, 'Read'),
(117, '2019-04-26 12:10:00', NULL, NULL, 3, 73, 'Read'),
(118, '2019-04-26 12:10:00', NULL, NULL, 2, 73, 'Read'),
(119, '2019-04-26 12:10:00', NULL, NULL, 1, 73, 'Read'),
(120, '2019-04-26 12:10:04', '2019-04-26 12:10:04', NULL, 4, 298, 'Read'),
(121, '2019-04-26 12:10:04', NULL, NULL, 3, 298, 'Read'),
(122, '2019-04-26 12:10:04', NULL, NULL, 2, 298, 'Read'),
(123, '2019-04-26 12:10:04', '2019-04-26 12:10:11', NULL, 1, 298, 'Read'),
(124, '2019-04-26 12:10:22', '2019-04-26 12:10:23', NULL, 4, 177, 'Read'),
(125, '2019-04-26 12:10:22', NULL, NULL, 3, 177, 'Read'),
(126, '2019-04-26 12:10:22', NULL, NULL, 2, 177, 'Read'),
(127, '2019-04-26 12:10:22', '2019-04-26 12:10:30', NULL, 1, 177, 'Read'),
(128, '2019-04-26 12:10:49', '2019-04-26 12:10:49', NULL, 4, 350, 'Read'),
(129, '2019-04-26 12:10:49', NULL, NULL, 3, 350, 'Read'),
(130, '2019-04-26 12:12:21', '2019-04-26 12:12:21', NULL, 4, 491, 'Read'),
(131, '2019-04-26 12:12:21', NULL, NULL, 3, 491, 'Read'),
(132, '2019-04-26 12:12:21', NULL, NULL, 2, 491, 'Read'),
(133, '2019-04-26 12:12:21', NULL, NULL, 1, 491, 'Read'),
(134, '2019-04-26 12:12:38', NULL, NULL, 4, 1, 'Delete'),
(135, '2019-04-26 12:13:11', NULL, NULL, 4, 368, 'Read'),
(136, '2019-04-26 12:13:11', NULL, NULL, 3, 368, 'Read'),
(137, '2019-04-26 12:13:11', NULL, NULL, 2, 368, 'Read'),
(138, '2019-04-26 12:13:11', NULL, NULL, 1, 368, 'Read'),
(139, '2019-04-26 12:14:48', '2019-04-26 13:03:26', NULL, 4, 384, 'Read'),
(140, '2019-04-26 12:14:48', NULL, NULL, 3, 384, 'Read'),
(141, '2019-04-26 12:14:48', NULL, NULL, 2, 384, 'Read'),
(142, '2019-04-26 12:14:48', NULL, NULL, 1, 384, 'Read'),
(143, '2019-04-26 12:14:57', '2019-04-26 12:15:01', NULL, 4, 385, 'Read'),
(144, '2019-04-26 12:14:57', NULL, NULL, 3, 385, 'Read'),
(145, '2019-04-26 12:14:57', NULL, NULL, 2, 385, 'Read'),
(146, '2019-04-26 12:14:57', NULL, NULL, 1, 385, 'Read'),
(147, '2019-04-26 12:15:29', NULL, NULL, 2, 429, 'Read'),
(148, '2019-04-26 12:15:29', NULL, NULL, 4, 429, 'Read'),
(149, '2019-04-26 12:15:29', NULL, NULL, 3, 429, 'Read'),
(150, '2019-04-26 12:15:29', NULL, NULL, 1, 429, 'Read'),
(151, '2019-04-26 12:15:44', '2019-04-26 12:15:44', NULL, 4, 2, 'Read'),
(152, '2019-04-26 12:15:44', NULL, NULL, 3, 2, 'Read'),
(153, '2019-04-26 12:16:17', '2019-04-26 12:16:17', NULL, 4, 218, 'Read'),
(154, '2019-04-26 12:16:17', '2019-04-26 12:16:22', NULL, 3, 218, 'Read'),
(155, '2019-04-26 12:17:09', '2019-04-26 12:17:16', NULL, 4, 175, 'Read'),
(156, '2019-04-26 12:17:09', NULL, NULL, 3, 175, 'Read'),
(157, '2019-04-26 12:17:38', '2019-04-26 12:17:44', NULL, 4, 299, 'Read'),
(158, '2019-04-26 12:17:38', NULL, NULL, 3, 299, 'Read'),
(159, '2019-04-26 12:17:38', NULL, NULL, 2, 299, 'Read'),
(160, '2019-04-26 12:17:38', NULL, NULL, 1, 299, 'Read'),
(161, '2019-04-26 12:22:42', '2019-04-26 12:22:42', NULL, 4, 364, 'Read'),
(162, '2019-04-26 12:22:42', NULL, NULL, 3, 364, 'Read'),
(163, '2019-04-26 12:30:36', '2019-04-26 13:49:15', NULL, 4, 422, 'Read'),
(164, '2019-04-26 12:30:36', '2019-04-26 13:49:19', NULL, 3, 422, 'Read'),
(165, '2019-04-26 12:30:36', '2019-04-26 13:49:21', NULL, 2, 422, 'Read'),
(166, '2019-04-26 12:30:36', '2019-04-26 13:49:23', NULL, 1, 422, 'Read'),
(167, '2019-04-26 12:31:40', '2019-04-26 12:31:50', NULL, 4, 172, 'Read'),
(168, '2019-04-26 12:31:40', NULL, NULL, 3, 172, 'Read'),
(169, '2019-04-26 12:36:22', '2019-04-26 19:00:18', NULL, 4, 548, 'Read'),
(170, '2019-04-26 12:36:22', NULL, NULL, 3, 548, 'Read'),
(171, '2019-04-26 12:36:22', NULL, NULL, 2, 548, 'Read'),
(172, '2019-04-26 12:36:22', NULL, NULL, 1, 548, 'Read'),
(173, '2019-04-26 12:38:13', '2019-04-26 12:38:13', NULL, 4, 621, 'Read'),
(174, '2019-04-26 12:38:13', NULL, NULL, 3, 621, 'Read'),
(175, '2019-04-26 12:45:49', '2019-04-26 12:46:10', NULL, 4, 64, 'Read'),
(176, '2019-04-26 12:45:49', '2019-04-26 12:46:06', NULL, 3, 64, 'Read'),
(177, '2019-04-26 12:45:49', '2019-04-26 12:46:04', NULL, 2, 64, 'Read'),
(178, '2019-04-26 12:45:49', '2019-04-26 12:45:55', NULL, 1, 64, 'Read'),
(179, '2019-04-26 12:45:50', '2019-04-26 12:45:55', NULL, 4, 594, 'Read'),
(180, '2019-04-26 12:45:50', NULL, NULL, 3, 594, 'Read'),
(181, '2019-04-26 12:45:50', NULL, NULL, 2, 594, 'Read'),
(182, '2019-04-26 12:45:50', NULL, NULL, 1, 594, 'Read'),
(183, '2019-04-26 12:47:08', '2019-04-26 12:47:09', NULL, 4, 183, 'Read'),
(184, '2019-04-26 12:47:08', NULL, NULL, 3, 183, 'Read'),
(185, '2019-04-26 12:47:08', NULL, NULL, 2, 183, 'Read'),
(186, '2019-04-26 12:47:08', '2019-04-26 12:47:25', NULL, 1, 183, 'Read'),
(187, '2019-04-26 12:53:25', NULL, NULL, 4, 330, 'Read'),
(188, '2019-04-26 12:53:25', '2019-04-26 12:53:34', NULL, 3, 330, 'Read'),
(189, '2019-04-26 12:53:25', NULL, NULL, 2, 330, 'Read'),
(190, '2019-04-26 12:53:25', NULL, NULL, 1, 330, 'Read'),
(191, '2019-04-26 13:27:16', '2019-04-26 13:27:16', NULL, 4, 275, 'Read'),
(192, '2019-04-26 13:27:16', NULL, NULL, 3, 275, 'Read'),
(193, '2019-04-26 13:31:05', '2019-04-26 13:31:05', NULL, 4, 518, 'Read'),
(194, '2019-04-26 13:31:05', NULL, NULL, 3, 518, 'Read'),
(195, '2019-04-26 13:31:05', NULL, NULL, 2, 518, 'Read'),
(196, '2019-04-26 13:31:05', NULL, NULL, 1, 518, 'Read'),
(197, '2019-04-26 13:38:21', '2019-04-26 13:38:22', NULL, 4, 629, 'Read'),
(198, '2019-04-26 13:38:21', NULL, NULL, 3, 629, 'Read'),
(199, '2019-04-26 13:38:21', NULL, NULL, 2, 629, 'Read'),
(200, '2019-04-26 13:38:21', NULL, NULL, 1, 629, 'Read'),
(201, '2019-04-26 14:12:58', '2019-04-26 14:13:07', NULL, 4, 206, 'Read'),
(202, '2019-04-26 14:12:58', NULL, NULL, 3, 206, 'Read'),
(203, '2019-04-26 14:12:58', NULL, NULL, 2, 206, 'Read'),
(204, '2019-04-26 14:12:58', NULL, NULL, 1, 206, 'Read'),
(205, '2019-04-26 14:38:38', '2019-04-26 14:38:49', NULL, 4, 563, 'Read'),
(206, '2019-04-26 14:38:38', '2019-04-26 14:38:47', NULL, 3, 563, 'Read'),
(207, '2019-04-26 14:38:38', '2019-04-26 14:38:46', NULL, 2, 563, 'Read'),
(208, '2019-04-26 14:38:38', '2019-04-26 14:38:41', NULL, 1, 563, 'Read'),
(209, '2019-04-26 14:40:05', '2019-04-26 14:40:08', NULL, 5, 363, 'Read'),
(210, '2019-04-26 14:40:07', '2019-04-26 14:40:10', NULL, 5, 340, 'Read'),
(211, '2019-04-26 14:40:07', NULL, NULL, 4, 340, 'Read'),
(212, '2019-04-26 14:40:07', NULL, NULL, 3, 340, 'Read'),
(213, '2019-04-26 14:40:07', NULL, NULL, 2, 340, 'Read'),
(214, '2019-04-26 14:40:07', NULL, NULL, 1, 340, 'Read'),
(215, '2019-04-26 14:40:09', NULL, NULL, 5, 368, 'Read'),
(216, '2019-04-26 14:40:10', '2019-04-26 15:35:02', NULL, 5, 8, 'Read'),
(217, '2019-04-26 14:40:10', NULL, NULL, 4, 8, 'Read'),
(218, '2019-04-26 14:40:10', NULL, NULL, 3, 8, 'Read'),
(219, '2019-04-26 14:40:10', NULL, NULL, 2, 8, 'Read'),
(220, '2019-04-26 14:40:10', NULL, NULL, 1, 8, 'Read'),
(221, '2019-04-26 14:40:11', '2019-04-26 14:54:13', NULL, 5, 429, 'Read'),
(222, '2019-04-26 14:40:13', '2019-04-26 14:40:13', NULL, 5, 21, 'Read'),
(223, '2019-04-26 14:40:13', '2019-04-26 14:51:31', NULL, 5, 478, 'Read'),
(224, '2019-04-26 14:40:13', NULL, NULL, 4, 478, 'Read'),
(225, '2019-04-26 14:40:13', NULL, NULL, 3, 478, 'Read'),
(226, '2019-04-26 14:40:13', NULL, NULL, 2, 478, 'Read'),
(227, '2019-04-26 14:40:13', NULL, NULL, 1, 478, 'Read'),
(228, '2019-04-26 14:40:14', '2019-04-26 14:40:14', NULL, 5, 292, 'Read'),
(229, '2019-04-26 14:40:14', NULL, NULL, 4, 292, 'Read'),
(230, '2019-04-26 14:40:14', NULL, NULL, 3, 292, 'Read'),
(231, '2019-04-26 14:40:14', NULL, NULL, 2, 292, 'Read'),
(232, '2019-04-26 14:40:14', NULL, NULL, 1, 292, 'Read'),
(233, '2019-04-26 14:40:15', '2019-04-26 17:31:28', NULL, 5, 245, 'Read'),
(234, '2019-04-26 14:40:15', NULL, NULL, 4, 245, 'Read'),
(235, '2019-04-26 14:40:15', NULL, NULL, 3, 245, 'Read'),
(236, '2019-04-26 14:40:15', NULL, NULL, 2, 245, 'Read'),
(237, '2019-04-26 14:40:15', NULL, NULL, 1, 245, 'Read'),
(238, '2019-04-26 14:40:16', NULL, NULL, 5, 384, 'Read'),
(239, '2019-04-26 14:40:16', '2019-04-26 14:40:17', NULL, 5, 72, 'Read'),
(240, '2019-04-26 14:40:16', NULL, NULL, 4, 72, 'Read'),
(241, '2019-04-26 14:40:16', NULL, NULL, 3, 72, 'Read'),
(242, '2019-04-26 14:40:16', NULL, NULL, 2, 72, 'Read'),
(243, '2019-04-26 14:40:16', '2019-04-26 14:40:23', NULL, 1, 72, 'Read'),
(244, '2019-04-26 14:40:20', '2019-04-26 14:40:23', NULL, 5, 260, 'Read'),
(245, '2019-04-26 14:40:26', '2019-04-26 14:40:31', NULL, 5, 602, 'Read'),
(246, '2019-04-26 14:40:26', NULL, NULL, 4, 602, 'Read'),
(247, '2019-04-26 14:40:26', NULL, NULL, 3, 602, 'Read'),
(248, '2019-04-26 14:40:26', NULL, NULL, 2, 602, 'Read'),
(249, '2019-04-26 14:40:26', NULL, NULL, 1, 602, 'Read'),
(250, '2019-04-26 14:40:28', '2019-04-26 14:40:28', NULL, 5, 221, 'Read'),
(251, '2019-04-26 14:40:28', NULL, NULL, 4, 221, 'Read'),
(252, '2019-04-26 14:40:28', '2019-04-26 14:40:31', NULL, 3, 221, 'Read'),
(253, '2019-04-26 14:40:31', '2019-04-26 14:40:31', NULL, 5, 14, 'Read'),
(254, '2019-04-26 14:40:31', NULL, NULL, 4, 14, 'Read'),
(255, '2019-04-26 14:40:31', '2019-04-26 14:40:35', NULL, 3, 14, 'Read'),
(256, '2019-04-26 14:40:40', '2019-04-26 14:40:41', NULL, 5, 466, 'Read'),
(257, '2019-04-26 14:40:40', NULL, NULL, 4, 466, 'Read'),
(258, '2019-04-26 14:40:40', NULL, NULL, 3, 466, 'Read'),
(259, '2019-04-26 14:40:40', NULL, NULL, 2, 466, 'Read'),
(260, '2019-04-26 14:40:40', NULL, NULL, 1, 466, 'Read'),
(261, '2019-04-26 14:40:44', '2019-04-26 14:40:44', NULL, 5, 205, 'Read'),
(262, '2019-04-26 14:40:44', NULL, NULL, 4, 205, 'Read'),
(263, '2019-04-26 14:40:44', NULL, NULL, 3, 205, 'Read'),
(264, '2019-04-26 14:40:44', NULL, NULL, 2, 205, 'Read'),
(265, '2019-04-26 14:40:44', '2019-04-26 14:40:51', NULL, 1, 205, 'Read'),
(266, '2019-04-26 14:41:11', '2019-04-26 14:41:11', NULL, 5, 621, 'Read'),
(267, '2019-04-26 14:42:41', NULL, NULL, 5, 348, 'Read'),
(268, '2019-04-26 14:42:41', NULL, NULL, 5, 348, 'Read'),
(269, '2019-04-26 14:42:41', NULL, NULL, 4, 348, 'Read'),
(270, '2019-04-26 14:42:41', NULL, NULL, 3, 348, 'Read'),
(271, '2019-04-26 14:42:41', NULL, NULL, 2, 348, 'Read'),
(272, '2019-04-26 14:42:41', '2019-04-26 14:42:47', NULL, 1, 348, 'Read'),
(273, '2019-04-26 14:43:58', NULL, NULL, 5, 518, 'Read'),
(274, '2019-04-26 14:44:31', NULL, NULL, 5, 330, 'Read'),
(275, '2019-04-26 14:44:31', NULL, NULL, 5, 330, 'Read'),
(276, '2019-04-26 14:44:37', '2019-04-26 14:44:37', NULL, 5, 633, 'Read'),
(277, '2019-04-26 14:44:37', NULL, NULL, 4, 633, 'Read'),
(278, '2019-04-26 14:44:37', NULL, NULL, 3, 633, 'Read'),
(279, '2019-04-26 14:44:37', NULL, NULL, 2, 633, 'Read'),
(280, '2019-04-26 14:44:37', '2019-04-26 14:44:47', NULL, 1, 633, 'Read'),
(281, '2019-04-26 14:45:19', '2019-04-26 16:22:12', NULL, 5, 366, 'Read'),
(282, '2019-04-26 14:45:19', '2019-04-26 14:45:32', NULL, 4, 366, 'Read'),
(283, '2019-04-26 14:45:19', NULL, NULL, 3, 366, 'Read'),
(284, '2019-04-26 14:45:19', NULL, NULL, 2, 366, 'Read'),
(285, '2019-04-26 14:45:19', NULL, NULL, 1, 366, 'Read'),
(286, '2019-04-26 14:45:38', '2019-04-26 14:45:38', NULL, 5, 505, 'Read'),
(287, '2019-04-26 14:45:38', NULL, NULL, 4, 505, 'Read'),
(288, '2019-04-26 14:45:38', NULL, NULL, 3, 505, 'Read'),
(289, '2019-04-26 14:45:38', NULL, NULL, 2, 505, 'Read'),
(290, '2019-04-26 14:45:38', NULL, NULL, 1, 505, 'Read'),
(291, '2019-04-26 14:46:07', '2019-04-26 14:46:12', NULL, 5, 328, 'Read'),
(292, '2019-04-26 14:46:07', NULL, NULL, 4, 328, 'Read'),
(293, '2019-04-26 14:46:07', NULL, NULL, 3, 328, 'Read'),
(294, '2019-04-26 14:46:07', NULL, NULL, 2, 328, 'Read'),
(295, '2019-04-26 14:46:07', NULL, NULL, 1, 328, 'Read'),
(296, '2019-04-26 14:46:41', '2019-04-26 14:46:41', NULL, 5, 2, 'Read'),
(297, '2019-04-26 14:47:43', '2019-04-26 14:47:51', NULL, 5, 617, 'Read'),
(298, '2019-04-26 14:47:43', NULL, NULL, 4, 617, 'Read'),
(299, '2019-04-26 14:47:59', '2019-04-26 14:48:12', NULL, 5, 367, 'Read'),
(300, '2019-04-26 14:49:03', NULL, NULL, 5, 64, 'Read'),
(301, '2019-04-26 14:49:29', NULL, NULL, 5, 437, 'Read'),
(302, '2019-04-26 14:49:29', NULL, NULL, 4, 437, 'Read'),
(303, '2019-04-26 14:49:29', NULL, NULL, 3, 437, 'Read'),
(304, '2019-04-26 14:49:29', NULL, NULL, 2, 437, 'Read'),
(305, '2019-04-26 14:49:29', '2019-04-26 14:49:45', NULL, 1, 437, 'Read'),
(306, '2019-04-26 14:51:17', '2019-04-26 14:51:17', NULL, 5, 627, 'Read'),
(307, '2019-04-26 14:51:17', NULL, NULL, 4, 627, 'Read'),
(308, '2019-04-26 14:51:17', NULL, NULL, 3, 627, 'Read'),
(309, '2019-04-26 14:51:17', NULL, NULL, 2, 627, 'Read'),
(310, '2019-04-26 14:51:17', NULL, NULL, 1, 627, 'Read'),
(311, '2019-04-26 14:51:31', NULL, NULL, 5, 1, 'Read'),
(312, '2019-04-26 14:53:28', '2019-04-26 14:53:49', NULL, 5, 18, 'Read'),
(313, '2019-04-26 14:53:28', NULL, NULL, 4, 18, 'Read'),
(314, '2019-04-26 14:53:28', NULL, NULL, 3, 18, 'Read'),
(315, '2019-04-26 14:54:01', '2019-04-26 14:54:08', NULL, 5, 87, 'Read'),
(316, '2019-04-26 14:54:01', '2019-04-26 14:54:17', NULL, 4, 87, 'Read'),
(317, '2019-04-26 14:54:01', '2019-04-26 14:54:19', NULL, 3, 87, 'Read'),
(318, '2019-04-26 14:54:01', NULL, NULL, 2, 87, 'Read'),
(319, '2019-04-26 14:54:01', '2019-04-26 14:54:05', NULL, 1, 87, 'Read'),
(320, '2019-04-26 14:54:19', '2019-04-26 14:54:22', NULL, 5, 420, 'Read'),
(321, '2019-04-26 14:54:19', NULL, NULL, 4, 420, 'Read'),
(322, '2019-04-26 14:54:19', NULL, NULL, 3, 420, 'Read'),
(323, '2019-04-26 14:54:19', NULL, NULL, 2, 420, 'Read'),
(324, '2019-04-26 14:54:19', NULL, NULL, 1, 420, 'Read'),
(325, '2019-04-26 14:55:32', NULL, NULL, 5, 106, 'Read'),
(326, '2019-04-26 14:55:32', NULL, NULL, 4, 106, 'Read'),
(327, '2019-04-26 14:55:32', NULL, NULL, 3, 106, 'Read'),
(328, '2019-04-26 14:55:32', NULL, NULL, 2, 106, 'Read'),
(329, '2019-04-26 14:55:32', '2019-04-26 14:55:35', NULL, 1, 106, 'Read'),
(330, '2019-04-26 14:55:51', NULL, NULL, 5, 106, 'Delete'),
(331, '2019-04-26 14:55:56', NULL, NULL, 4, 106, 'Delete'),
(332, '2019-04-26 14:56:01', NULL, NULL, 3, 106, 'Delete'),
(333, '2019-04-26 14:56:05', NULL, NULL, 2, 106, 'Delete'),
(334, '2019-04-26 14:56:10', NULL, NULL, 1, 106, 'Delete'),
(335, '2019-04-26 14:57:47', '2019-04-26 14:57:47', NULL, 5, 634, 'Read'),
(336, '2019-04-26 14:57:47', NULL, NULL, 4, 634, 'Read'),
(337, '2019-04-26 14:57:47', NULL, NULL, 3, 634, 'Read'),
(338, '2019-04-26 14:58:15', '2019-04-26 14:58:16', NULL, 5, 337, 'Read'),
(339, '2019-04-26 14:58:15', NULL, NULL, 4, 337, 'Read'),
(340, '2019-04-26 14:58:15', NULL, NULL, 3, 337, 'Read'),
(341, '2019-04-26 14:59:01', '2019-04-26 14:59:01', NULL, 5, 512, 'Read'),
(342, '2019-04-26 14:59:01', NULL, NULL, 4, 512, 'Read'),
(343, '2019-04-26 14:59:01', NULL, NULL, 3, 512, 'Read'),
(344, '2019-04-26 14:59:39', NULL, NULL, 5, 350, 'Read'),
(345, '2019-04-26 15:03:33', '2019-04-26 15:03:41', NULL, 5, 157, 'Read'),
(346, '2019-04-26 15:03:33', NULL, NULL, 4, 157, 'Read'),
(347, '2019-04-26 15:03:33', NULL, NULL, 3, 157, 'Read'),
(348, '2019-04-26 15:03:33', NULL, NULL, 2, 157, 'Read'),
(349, '2019-04-26 15:03:33', NULL, NULL, 1, 157, 'Read'),
(350, '2019-04-26 15:09:28', NULL, NULL, 5, 499, 'Read'),
(351, '2019-04-26 15:09:28', NULL, NULL, 4, 499, 'Read'),
(352, '2019-04-26 15:09:28', NULL, NULL, 3, 499, 'Read'),
(353, '2019-04-26 15:09:28', NULL, NULL, 2, 499, 'Read'),
(354, '2019-04-26 15:09:28', NULL, NULL, 1, 499, 'Read'),
(355, '2019-04-26 15:10:48', '2019-04-26 15:10:48', NULL, 5, 183, 'Read'),
(356, '2019-04-26 15:10:54', '2019-04-26 15:10:54', NULL, 5, 154, 'Read'),
(357, '2019-04-26 15:10:54', NULL, NULL, 4, 154, 'Read'),
(358, '2019-04-26 15:10:54', '2019-04-26 15:10:59', NULL, 3, 154, 'Read'),
(359, '2019-04-26 15:11:17', NULL, NULL, 5, 111, 'Read'),
(360, '2019-04-26 15:13:12', NULL, NULL, 5, 121, 'Read'),
(361, '2019-04-26 15:22:13', '2019-04-26 15:22:17', NULL, 5, 398, 'Read'),
(362, '2019-04-26 15:22:13', NULL, NULL, 4, 398, 'Read'),
(363, '2019-04-26 15:22:13', NULL, NULL, 3, 398, 'Read'),
(364, '2019-04-26 15:22:13', NULL, NULL, 2, 398, 'Read'),
(365, '2019-04-26 15:22:13', NULL, NULL, 1, 398, 'Read'),
(366, '2019-04-26 15:23:22', '2019-04-26 15:23:23', NULL, 5, 472, 'Read'),
(367, '2019-04-26 15:23:22', '2019-04-26 15:23:29', NULL, 4, 472, 'Read'),
(368, '2019-04-26 15:23:22', '2019-04-26 15:23:32', NULL, 3, 472, 'Read'),
(369, '2019-04-26 15:23:22', '2019-04-26 15:23:35', NULL, 2, 472, 'Read'),
(370, '2019-04-26 15:23:22', '2019-04-26 15:23:38', NULL, 1, 472, 'Read'),
(371, '2019-04-26 15:23:27', NULL, NULL, 5, 472, 'Delete'),
(372, '2019-04-26 15:23:31', NULL, NULL, 4, 472, 'Delete'),
(373, '2019-04-26 15:23:34', NULL, NULL, 3, 472, 'Delete'),
(374, '2019-04-26 15:23:37', NULL, NULL, 2, 472, 'Delete'),
(375, '2019-04-26 15:23:40', NULL, NULL, 1, 472, 'Delete'),
(376, '2019-04-26 15:54:39', NULL, NULL, 5, 629, 'Read'),
(377, '2019-04-26 15:58:42', '2019-04-26 15:58:42', NULL, 5, 471, 'Read'),
(378, '2019-04-26 15:58:42', NULL, NULL, 4, 471, 'Read'),
(379, '2019-04-26 15:59:11', '2019-04-26 15:59:11', NULL, 5, 364, 'Read'),
(380, '2019-04-26 16:01:42', '2019-04-26 16:01:50', NULL, 5, 355, 'Read'),
(381, '2019-04-26 16:01:42', NULL, NULL, 5, 355, 'Read'),
(382, '2019-04-26 16:01:42', NULL, NULL, 4, 355, 'Read'),
(383, '2019-04-26 16:01:42', NULL, NULL, 3, 355, 'Read'),
(384, '2019-04-26 16:01:42', NULL, NULL, 2, 355, 'Read'),
(385, '2019-04-26 16:01:42', NULL, NULL, 1, 355, 'Read'),
(386, '2019-04-26 16:03:45', '2019-04-26 16:03:59', NULL, 2, 515, 'Read'),
(387, '2019-04-26 16:03:45', NULL, NULL, 5, 515, 'Read'),
(388, '2019-04-26 16:03:45', NULL, NULL, 4, 515, 'Read'),
(389, '2019-04-26 16:03:45', NULL, NULL, 3, 515, 'Read'),
(390, '2019-04-26 16:03:45', NULL, NULL, 1, 515, 'Read'),
(391, '2019-04-26 16:04:26', '2019-04-26 16:04:26', NULL, 5, 218, 'Read'),
(392, '2019-04-26 16:09:06', '2019-04-26 16:09:07', NULL, 5, 410, 'Read'),
(393, '2019-04-26 16:09:06', NULL, NULL, 4, 410, 'Read'),
(394, '2019-04-26 16:09:06', NULL, NULL, 3, 410, 'Read'),
(395, '2019-04-26 16:09:06', NULL, NULL, 2, 410, 'Read'),
(396, '2019-04-26 16:09:06', NULL, NULL, 1, 410, 'Read'),
(397, '2019-04-26 16:19:23', '2019-04-26 16:19:24', NULL, 5, 542, 'Read'),
(398, '2019-04-26 16:19:24', NULL, NULL, 4, 542, 'Read'),
(399, '2019-04-26 16:19:24', NULL, NULL, 3, 542, 'Read'),
(400, '2019-04-26 16:19:24', NULL, NULL, 2, 542, 'Read'),
(401, '2019-04-26 16:19:24', NULL, NULL, 1, 542, 'Read'),
(402, '2019-04-26 16:19:28', '2019-04-26 16:19:28', NULL, 5, 317, 'Read'),
(403, '2019-04-26 16:19:28', NULL, NULL, 4, 317, 'Read'),
(404, '2019-04-26 16:19:28', '2019-04-26 16:19:35', NULL, 3, 317, 'Read'),
(405, '2019-04-26 16:20:05', '2019-04-26 16:22:29', NULL, 6, 317, 'Read'),
(406, '2019-04-26 16:20:09', NULL, NULL, 6, 614, 'Read'),
(407, '2019-04-26 16:20:09', '2019-04-26 16:20:40', NULL, 6, 363, 'Read'),
(408, '2019-04-26 16:20:09', NULL, NULL, 5, 614, 'Read'),
(409, '2019-04-26 16:20:10', NULL, NULL, 6, 606, 'Read'),
(410, '2019-04-26 16:20:10', NULL, NULL, 6, 606, 'Read'),
(411, '2019-04-26 16:20:11', NULL, NULL, 5, 606, 'Read'),
(412, '2019-04-26 16:20:12', '2019-04-26 16:20:12', NULL, 6, 429, 'Read'),
(413, '2019-04-26 16:20:13', '2019-04-26 16:20:13', NULL, 6, 155, 'Read'),
(414, '2019-04-26 16:20:13', NULL, NULL, 5, 155, 'Read'),
(415, '2019-04-26 16:20:13', NULL, NULL, 4, 155, 'Read'),
(416, '2019-04-26 16:20:13', NULL, NULL, 3, 155, 'Read'),
(417, '2019-04-26 16:20:13', NULL, NULL, 2, 155, 'Read'),
(418, '2019-04-26 16:20:13', NULL, NULL, 1, 155, 'Read'),
(419, '2019-04-26 16:20:14', NULL, NULL, 6, 437, 'Read'),
(420, '2019-04-26 16:20:14', NULL, NULL, 6, 298, 'Read'),
(421, '2019-04-26 16:20:15', NULL, NULL, 5, 298, 'Read'),
(422, '2019-04-26 16:20:15', NULL, NULL, 6, 617, 'Read'),
(423, '2019-04-26 16:20:15', NULL, NULL, 6, 617, 'Read'),
(424, '2019-04-26 16:20:15', '2019-04-26 16:20:15', NULL, 6, 8, 'Read'),
(425, '2019-04-26 16:20:16', NULL, NULL, 6, 2, 'Read'),
(426, '2019-04-26 16:20:21', '2019-04-26 16:20:21', NULL, 6, 67, 'Read'),
(427, '2019-04-26 16:20:21', NULL, NULL, 5, 67, 'Read'),
(428, '2019-04-26 16:20:21', NULL, NULL, 4, 67, 'Read'),
(429, '2019-04-26 16:20:21', NULL, NULL, 3, 67, 'Read'),
(430, '2019-04-26 16:20:21', NULL, NULL, 2, 67, 'Read'),
(431, '2019-04-26 16:20:21', NULL, NULL, 1, 67, 'Read'),
(432, '2019-04-26 16:20:24', '2019-04-26 16:20:24', NULL, 6, 634, 'Read'),
(433, '2019-04-26 16:20:35', '2019-04-26 16:20:35', NULL, 6, 295, 'Read'),
(434, '2019-04-26 16:20:35', NULL, NULL, 5, 295, 'Read'),
(435, '2019-04-26 16:20:35', NULL, NULL, 4, 295, 'Read'),
(436, '2019-04-26 16:20:35', NULL, NULL, 3, 295, 'Read'),
(437, '2019-04-26 16:20:35', NULL, NULL, 2, 295, 'Read'),
(438, '2019-04-26 16:20:35', NULL, NULL, 1, 295, 'Read'),
(439, '2019-04-26 16:20:38', '2019-04-26 16:20:39', NULL, 6, 624, 'Read'),
(440, '2019-04-26 16:20:38', NULL, NULL, 5, 624, 'Read'),
(441, '2019-04-26 16:20:38', NULL, NULL, 4, 624, 'Read'),
(442, '2019-04-26 16:20:38', NULL, NULL, 3, 624, 'Read'),
(443, '2019-04-26 16:20:38', NULL, NULL, 2, 624, 'Read'),
(444, '2019-04-26 16:20:38', NULL, NULL, 1, 624, 'Read'),
(445, '2019-04-26 16:20:42', '2019-04-26 16:20:42', NULL, 6, 355, 'Read'),
(446, '2019-04-26 16:20:57', '2019-04-26 16:20:57', NULL, 6, 364, 'Read'),
(447, '2019-04-26 16:21:19', NULL, NULL, 6, 64, 'Read'),
(448, '2019-04-26 16:22:12', NULL, NULL, 6, 366, 'Read'),
(449, '2019-04-26 16:23:49', '2019-04-26 16:23:49', NULL, 6, 1, 'Read'),
(450, '2019-04-26 16:24:01', NULL, NULL, 6, 11, 'Read'),
(451, '2019-04-26 16:24:09', '2019-04-26 16:24:14', NULL, 5, 11, 'Read'),
(452, '2019-04-26 16:25:03', '2019-04-26 16:25:06', NULL, 6, 389, 'Read'),
(453, '2019-04-26 16:25:03', '2019-04-26 16:25:14', NULL, 5, 389, 'Read'),
(454, '2019-04-26 16:25:03', '2019-04-26 16:25:15', NULL, 4, 389, 'Read'),
(455, '2019-04-26 16:25:03', NULL, NULL, 3, 389, 'Read'),
(456, '2019-04-26 16:25:03', NULL, NULL, 2, 389, 'Read'),
(457, '2019-04-26 16:25:03', NULL, NULL, 1, 389, 'Read'),
(458, '2019-04-26 16:28:59', '2019-04-26 16:28:59', NULL, 6, 380, 'Read'),
(459, '2019-04-26 16:28:59', NULL, NULL, 5, 380, 'Read'),
(460, '2019-04-26 16:28:59', NULL, NULL, 4, 380, 'Read'),
(461, '2019-04-26 16:28:59', NULL, NULL, 3, 380, 'Read'),
(462, '2019-04-26 16:28:59', NULL, NULL, 2, 380, 'Read'),
(463, '2019-04-26 16:28:59', NULL, NULL, 1, 380, 'Read'),
(464, '2019-04-26 16:31:31', '2019-04-26 16:31:31', NULL, 6, 218, 'Read'),
(465, '2019-04-26 16:31:38', '2019-04-26 16:31:38', NULL, 6, 154, 'Read'),
(466, '2019-04-26 16:40:03', NULL, NULL, 7, 363, 'Read'),
(467, '2019-04-26 16:40:06', NULL, NULL, 7, 429, 'Read'),
(468, '2019-04-26 16:40:06', '2019-04-26 16:40:06', NULL, 7, 606, 'Read'),
(469, '2019-04-26 16:40:07', NULL, NULL, 7, 471, 'Read'),
(470, '2019-04-26 16:40:07', '2019-04-26 16:40:25', NULL, 6, 471, 'Read'),
(471, '2019-04-26 16:40:08', '2019-04-26 16:40:11', NULL, 7, 2, 'Read'),
(472, '2019-04-26 16:40:08', NULL, NULL, 7, 155, 'Read'),
(473, '2019-04-26 16:40:09', '2019-04-26 16:40:10', NULL, 7, 317, 'Read'),
(474, '2019-04-26 16:40:12', '2019-04-26 16:40:14', NULL, 7, 634, 'Read'),
(475, '2019-04-26 16:40:15', NULL, NULL, 7, 21, 'Read'),
(476, '2019-04-26 16:40:16', NULL, NULL, 6, 21, 'Read'),
(477, '2019-04-26 16:40:16', '2019-04-26 16:40:16', NULL, 7, 127, 'Read'),
(478, '2019-04-26 16:40:16', NULL, NULL, 6, 127, 'Read'),
(479, '2019-04-26 16:40:16', NULL, NULL, 5, 127, 'Read'),
(480, '2019-04-26 16:40:16', NULL, NULL, 4, 127, 'Read'),
(481, '2019-04-26 16:40:16', NULL, NULL, 3, 127, 'Read'),
(482, '2019-04-26 16:40:16', NULL, NULL, 2, 127, 'Read'),
(483, '2019-04-26 16:40:16', NULL, NULL, 1, 127, 'Read'),
(484, '2019-04-26 16:40:21', '2019-04-26 16:40:22', NULL, 7, 292, 'Read'),
(485, '2019-04-26 16:40:21', NULL, NULL, 6, 292, 'Read'),
(486, '2019-04-26 16:40:24', '2019-04-26 16:40:45', NULL, 7, 341, 'Read'),
(487, '2019-04-26 16:40:31', '2019-04-26 16:40:46', NULL, 6, 341, 'Read'),
(488, '2019-04-26 16:40:31', '2019-04-26 16:40:35', NULL, 5, 341, 'Read'),
(489, '2019-04-26 16:40:31', '2019-04-26 16:40:37', NULL, 4, 341, 'Read'),
(490, '2019-04-26 16:40:31', '2019-04-26 16:40:39', NULL, 3, 341, 'Read'),
(491, '2019-04-26 16:40:31', '2019-04-26 16:40:40', NULL, 2, 341, 'Read'),
(492, '2019-04-26 16:40:31', '2019-04-26 16:40:42', NULL, 1, 341, 'Read'),
(493, '2019-04-26 16:40:57', '2019-04-26 17:18:51', NULL, 7, 546, 'Read'),
(494, '2019-04-26 16:40:57', NULL, NULL, 6, 546, 'Read'),
(495, '2019-04-26 16:40:57', NULL, NULL, 5, 546, 'Read'),
(496, '2019-04-26 16:40:57', NULL, NULL, 4, 546, 'Read'),
(497, '2019-04-26 16:40:57', NULL, NULL, 3, 546, 'Read'),
(498, '2019-04-26 16:40:57', NULL, NULL, 2, 546, 'Read'),
(499, '2019-04-26 16:40:57', NULL, NULL, 1, 546, 'Read'),
(500, '2019-04-26 16:41:10', '2019-04-26 16:41:14', NULL, 7, 528, 'Read'),
(501, '2019-04-26 16:41:10', '2019-04-26 16:41:16', NULL, 6, 528, 'Read'),
(502, '2019-04-26 16:41:10', NULL, NULL, 5, 528, 'Read'),
(503, '2019-04-26 16:41:10', NULL, NULL, 4, 528, 'Read'),
(504, '2019-04-26 16:41:10', NULL, NULL, 3, 528, 'Read'),
(505, '2019-04-26 16:41:10', NULL, NULL, 2, 528, 'Read'),
(506, '2019-04-26 16:41:10', NULL, NULL, 1, 528, 'Read'),
(507, '2019-04-26 16:41:48', '2019-04-26 16:41:54', NULL, 7, 198, 'Read'),
(508, '2019-04-26 16:41:48', NULL, NULL, 6, 198, 'Read'),
(509, '2019-04-26 16:41:48', NULL, NULL, 5, 198, 'Read'),
(510, '2019-04-26 16:41:48', NULL, NULL, 4, 198, 'Read'),
(511, '2019-04-26 16:41:48', NULL, NULL, 3, 198, 'Read'),
(512, '2019-04-26 16:41:48', NULL, NULL, 2, 198, 'Read'),
(513, '2019-04-26 16:41:48', NULL, NULL, 1, 198, 'Read'),
(514, '2019-04-26 16:42:04', NULL, NULL, 7, 392, 'Read'),
(515, '2019-04-26 16:42:05', '2019-04-26 16:42:10', NULL, 6, 392, 'Read'),
(516, '2019-04-26 16:42:05', NULL, NULL, 5, 392, 'Read'),
(517, '2019-04-26 16:42:05', NULL, NULL, 4, 392, 'Read'),
(518, '2019-04-26 16:42:05', NULL, NULL, 3, 392, 'Read'),
(519, '2019-04-26 16:42:05', NULL, NULL, 2, 392, 'Read'),
(520, '2019-04-26 16:42:05', NULL, NULL, 1, 392, 'Read'),
(521, '2019-04-26 16:43:33', '2019-04-26 16:43:34', NULL, 7, 366, 'Read'),
(522, '2019-04-26 16:46:37', '2019-04-26 16:46:37', NULL, 7, 505, 'Read'),
(523, '2019-04-26 16:46:37', NULL, NULL, 6, 505, 'Read'),
(524, '2019-04-26 16:47:52', NULL, NULL, 7, 64, 'Read'),
(525, '2019-04-26 16:50:00', '2019-04-26 16:50:00', NULL, 7, 1, 'Read'),
(526, '2019-04-26 16:54:17', '2019-04-26 16:54:17', NULL, 7, 160, 'Read'),
(527, '2019-04-26 16:54:17', NULL, NULL, 6, 160, 'Read'),
(528, '2019-04-26 16:54:17', NULL, NULL, 5, 160, 'Read'),
(529, '2019-04-26 16:54:17', NULL, NULL, 4, 160, 'Read'),
(530, '2019-04-26 16:54:17', NULL, NULL, 3, 160, 'Read'),
(531, '2019-04-26 16:54:17', NULL, NULL, 2, 160, 'Read'),
(532, '2019-04-26 16:54:17', NULL, NULL, 1, 160, 'Read'),
(533, '2019-04-26 16:58:07', '2019-04-26 16:58:10', NULL, 7, 181, 'Read'),
(534, '2019-04-26 16:58:07', '2019-04-26 16:58:35', NULL, 6, 181, 'Read'),
(535, '2019-04-26 16:58:07', NULL, NULL, 5, 181, 'Read'),
(536, '2019-04-26 16:58:07', NULL, NULL, 4, 181, 'Read'),
(537, '2019-04-26 16:58:07', NULL, NULL, 3, 181, 'Read'),
(538, '2019-04-26 16:58:07', NULL, NULL, 2, 181, 'Read'),
(539, '2019-04-26 16:58:07', NULL, NULL, 1, 181, 'Read'),
(540, '2019-04-26 17:03:44', NULL, NULL, 7, 598, 'Read'),
(541, '2019-04-26 17:05:21', '2019-04-26 17:05:27', NULL, 7, 570, 'Read'),
(542, '2019-04-26 17:05:21', NULL, NULL, 6, 570, 'Read'),
(543, '2019-04-26 17:05:21', NULL, NULL, 5, 570, 'Read'),
(544, '2019-04-26 17:05:21', NULL, NULL, 4, 570, 'Read'),
(545, '2019-04-26 17:05:21', NULL, NULL, 3, 570, 'Read'),
(546, '2019-04-26 17:05:21', NULL, NULL, 2, 570, 'Read'),
(547, '2019-04-26 17:05:21', NULL, NULL, 1, 570, 'Read'),
(548, '2019-04-26 17:05:31', NULL, NULL, 7, 570, 'Delete'),
(549, '2019-04-26 17:13:03', NULL, NULL, 7, 636, 'Read'),
(550, '2019-04-26 17:17:46', NULL, NULL, 7, 490, 'Read'),
(551, '2019-04-26 17:17:46', '2019-04-26 17:18:11', NULL, 6, 490, 'Read'),
(552, '2019-04-26 17:17:46', '2019-04-26 17:18:07', NULL, 5, 490, 'Read'),
(553, '2019-04-26 17:17:46', '2019-04-26 17:18:03', NULL, 4, 490, 'Read'),
(554, '2019-04-26 17:17:46', '2019-04-26 17:17:58', NULL, 3, 490, 'Read'),
(555, '2019-04-26 17:17:46', '2019-04-26 17:17:55', NULL, 2, 490, 'Read'),
(556, '2019-04-26 17:17:46', '2019-04-26 17:17:50', NULL, 1, 490, 'Read'),
(557, '2019-04-26 17:22:42', '2019-04-26 17:22:48', NULL, 7, 385, 'Read'),
(558, '2019-04-26 17:22:42', NULL, NULL, 6, 385, 'Read'),
(559, '2019-04-26 17:22:42', NULL, NULL, 5, 385, 'Read'),
(560, '2019-04-26 17:31:28', '2019-04-26 17:31:36', NULL, 7, 245, 'Read'),
(561, '2019-04-26 17:31:28', NULL, NULL, 6, 245, 'Read'),
(562, '2019-04-26 17:32:56', NULL, NULL, 1, 1, 'Delete'),
(563, '2019-04-26 17:35:05', NULL, NULL, 7, 65, 'Read'),
(564, '2019-04-26 17:35:05', NULL, NULL, 6, 65, 'Read'),
(565, '2019-04-26 17:35:05', NULL, NULL, 5, 65, 'Read'),
(566, '2019-04-26 17:35:05', NULL, NULL, 4, 65, 'Read'),
(567, '2019-04-26 17:35:05', NULL, NULL, 3, 65, 'Read'),
(568, '2019-04-26 17:35:05', NULL, NULL, 2, 65, 'Read'),
(569, '2019-04-26 17:35:05', '2019-04-26 17:39:51', NULL, 1, 65, 'Read'),
(570, '2019-04-26 17:35:05', NULL, NULL, 8, 65, 'Read'),
(571, '2019-04-26 17:35:06', NULL, NULL, 8, 606, 'Read'),
(572, '2019-04-26 17:35:07', '2019-04-26 17:35:07', NULL, 8, 429, 'Read'),
(573, '2019-04-26 17:35:09', NULL, NULL, 8, 2, 'Read'),
(574, '2019-04-26 17:35:10', '2019-04-26 17:35:11', NULL, 8, 471, 'Read'),
(575, '2019-04-26 17:35:11', '2019-04-26 17:35:23', NULL, 8, 363, 'Read'),
(576, '2019-04-26 17:35:14', NULL, NULL, 8, 437, 'Read'),
(577, '2019-04-26 17:35:14', '2019-04-26 17:35:17', NULL, 7, 437, 'Read'),
(578, '2019-04-26 17:35:15', NULL, NULL, 8, 67, 'Read'),
(579, '2019-04-26 17:35:15', NULL, NULL, 7, 67, 'Read'),
(580, '2019-04-26 17:35:15', NULL, NULL, 8, 380, 'Read'),
(581, '2019-04-26 17:35:15', '2019-04-26 17:35:17', NULL, 7, 380, 'Read'),
(582, '2019-04-26 17:35:15', '2019-04-26 17:35:20', NULL, 8, 187, 'Read'),
(583, '2019-04-26 17:35:15', NULL, NULL, 7, 187, 'Read'),
(584, '2019-04-26 17:35:15', NULL, NULL, 6, 187, 'Read'),
(585, '2019-04-26 17:35:15', NULL, NULL, 5, 187, 'Read'),
(586, '2019-04-26 17:35:15', NULL, NULL, 4, 187, 'Read'),
(587, '2019-04-26 17:35:15', NULL, NULL, 3, 187, 'Read'),
(588, '2019-04-26 17:35:15', NULL, NULL, 2, 187, 'Read'),
(589, '2019-04-26 17:35:15', NULL, NULL, 1, 187, 'Read'),
(590, '2019-04-26 17:35:20', NULL, NULL, 8, 211, 'Read'),
(591, '2019-04-26 17:35:20', NULL, NULL, 7, 211, 'Read'),
(592, '2019-04-26 17:35:20', NULL, NULL, 6, 211, 'Read'),
(593, '2019-04-26 17:35:20', NULL, NULL, 5, 211, 'Read'),
(594, '2019-04-26 17:35:20', NULL, NULL, 4, 211, 'Read'),
(595, '2019-04-26 17:35:20', NULL, NULL, 3, 211, 'Read'),
(596, '2019-04-26 17:35:20', NULL, NULL, 2, 211, 'Read'),
(597, '2019-04-26 17:35:20', NULL, NULL, 1, 211, 'Read'),
(598, '2019-04-26 17:35:22', NULL, NULL, 7, 380, 'Delete'),
(599, '2019-04-26 17:35:31', NULL, NULL, 8, 380, 'Delete'),
(600, '2019-04-26 17:35:35', NULL, NULL, 6, 380, 'Delete'),
(601, '2019-04-26 17:35:38', NULL, NULL, 8, 551, 'Read'),
(602, '2019-04-26 17:35:38', NULL, NULL, 7, 551, 'Read'),
(603, '2019-04-26 17:35:38', NULL, NULL, 6, 551, 'Read'),
(604, '2019-04-26 17:35:38', NULL, NULL, 5, 551, 'Read'),
(605, '2019-04-26 17:35:38', NULL, NULL, 4, 551, 'Read'),
(606, '2019-04-26 17:35:38', NULL, NULL, 3, 551, 'Read'),
(607, '2019-04-26 17:35:39', NULL, NULL, 5, 380, 'Delete'),
(608, '2019-04-26 17:35:42', NULL, NULL, 4, 380, 'Delete'),
(609, '2019-04-26 17:35:46', NULL, NULL, 3, 380, 'Delete'),
(610, '2019-04-26 17:35:49', NULL, NULL, 2, 380, 'Delete'),
(611, '2019-04-26 17:35:53', NULL, NULL, 1, 380, 'Delete'),
(612, '2019-04-26 17:36:11', '2019-04-26 17:36:12', NULL, 8, 181, 'Read'),
(613, '2019-04-26 17:37:38', '2019-04-26 17:37:39', NULL, 8, 202, 'Read'),
(614, '2019-04-26 17:37:38', NULL, NULL, 7, 202, 'Read'),
(615, '2019-04-26 17:37:38', NULL, NULL, 6, 202, 'Read'),
(616, '2019-04-26 17:37:38', NULL, NULL, 5, 202, 'Read'),
(617, '2019-04-26 17:37:38', NULL, NULL, 4, 202, 'Read'),
(618, '2019-04-26 17:37:38', '2019-04-26 17:37:45', NULL, 3, 202, 'Read'),
(619, '2019-04-26 17:37:38', '2019-04-26 17:37:44', NULL, 2, 202, 'Read'),
(620, '2019-04-26 17:37:38', '2019-04-26 17:37:42', NULL, 1, 202, 'Read'),
(621, '2019-04-26 17:39:30', '2019-04-26 17:39:30', NULL, 8, 466, 'Read'),
(622, '2019-04-26 17:39:30', NULL, NULL, 7, 466, 'Read'),
(623, '2019-04-26 17:39:30', NULL, NULL, 6, 466, 'Read'),
(624, '2019-04-26 17:40:42', '2019-04-26 17:40:42', NULL, 8, 9, 'Read'),
(625, '2019-04-26 17:40:42', NULL, NULL, 7, 9, 'Read'),
(626, '2019-04-26 17:40:42', NULL, NULL, 6, 9, 'Read'),
(627, '2019-04-26 17:40:42', NULL, NULL, 5, 9, 'Read'),
(628, '2019-04-26 17:40:42', NULL, NULL, 4, 9, 'Read'),
(629, '2019-04-26 17:40:42', NULL, NULL, 3, 9, 'Read'),
(630, '2019-04-26 17:40:42', NULL, NULL, 2, 9, 'Read'),
(631, '2019-04-26 17:40:42', NULL, NULL, 1, 9, 'Read'),
(632, '2019-04-26 17:46:11', '2019-04-26 17:46:11', NULL, 8, 436, 'Read'),
(633, '2019-04-26 17:46:11', NULL, NULL, 7, 436, 'Read'),
(634, '2019-04-26 17:46:11', NULL, NULL, 6, 436, 'Read'),
(635, '2019-04-26 17:46:11', NULL, NULL, 5, 436, 'Read'),
(636, '2019-04-26 17:46:11', NULL, NULL, 4, 436, 'Read'),
(637, '2019-04-26 17:46:11', NULL, NULL, 3, 436, 'Read'),
(638, '2019-04-26 17:46:11', NULL, NULL, 2, 436, 'Read'),
(639, '2019-04-26 17:46:11', NULL, NULL, 1, 436, 'Read'),
(640, '2019-04-26 17:46:20', '2019-04-26 17:46:21', NULL, 8, 1, 'Read'),
(641, '2019-04-26 17:47:15', '2019-04-26 17:47:15', NULL, 8, 505, 'Read'),
(642, '2019-04-26 17:59:48', '2019-04-26 17:59:48', NULL, 8, 364, 'Read'),
(643, '2019-04-26 17:59:48', NULL, NULL, 7, 364, 'Read'),
(644, '2019-04-26 18:02:52', NULL, NULL, 8, 461, 'Read'),
(645, '2019-04-26 18:02:53', '2019-04-26 18:03:00', NULL, 7, 461, 'Read'),
(646, '2019-04-26 18:02:53', NULL, NULL, 6, 461, 'Read'),
(647, '2019-04-26 18:02:53', NULL, NULL, 5, 461, 'Read'),
(648, '2019-04-26 18:02:53', NULL, NULL, 4, 461, 'Read'),
(649, '2019-04-26 18:02:53', NULL, NULL, 3, 461, 'Read'),
(650, '2019-04-26 18:02:53', NULL, NULL, 2, 461, 'Read'),
(651, '2019-04-26 18:02:53', NULL, NULL, 1, 461, 'Read'),
(652, '2019-04-26 18:10:06', NULL, NULL, 9, 471, 'Read'),
(653, '2019-04-26 18:10:06', '2019-04-26 18:10:06', NULL, 9, 429, 'Read'),
(654, '2019-04-26 18:10:09', '2019-04-26 18:10:09', NULL, 9, 606, 'Read'),
(655, '2019-04-26 18:10:09', NULL, NULL, 9, 363, 'Read'),
(656, '2019-04-26 18:10:12', NULL, NULL, 9, 2, 'Read'),
(657, '2019-04-26 18:10:13', '2019-04-26 18:10:20', NULL, 9, 64, 'Read'),
(658, '2019-04-26 18:10:14', '2019-04-26 18:10:16', NULL, 8, 64, 'Read'),
(659, '2019-04-26 18:10:14', '2019-04-26 18:33:20', NULL, 9, 244, 'Read'),
(660, '2019-04-26 18:10:14', NULL, NULL, 8, 244, 'Read'),
(661, '2019-04-26 18:10:14', NULL, NULL, 7, 244, 'Read'),
(662, '2019-04-26 18:10:14', NULL, NULL, 6, 244, 'Read'),
(663, '2019-04-26 18:10:14', NULL, NULL, 5, 244, 'Read'),
(664, '2019-04-26 18:10:14', NULL, NULL, 4, 244, 'Read'),
(665, '2019-04-26 18:10:14', NULL, NULL, 3, 244, 'Read'),
(666, '2019-04-26 18:10:14', NULL, NULL, 2, 244, 'Read'),
(667, '2019-04-26 18:10:14', NULL, NULL, 1, 244, 'Read'),
(668, '2019-04-26 18:10:16', '2019-04-26 18:10:16', NULL, 9, 147, 'Read'),
(669, '2019-04-26 18:10:16', NULL, NULL, 8, 147, 'Read'),
(670, '2019-04-26 18:10:16', NULL, NULL, 7, 147, 'Read'),
(671, '2019-04-26 18:10:16', NULL, NULL, 6, 147, 'Read'),
(672, '2019-04-26 18:10:16', NULL, NULL, 5, 147, 'Read'),
(673, '2019-04-26 18:10:16', NULL, NULL, 4, 147, 'Read'),
(674, '2019-04-26 18:10:16', NULL, NULL, 3, 147, 'Read'),
(675, '2019-04-26 18:10:17', NULL, NULL, 9, 407, 'Read'),
(676, '2019-04-26 18:10:18', NULL, NULL, 9, 317, 'Read'),
(677, '2019-04-26 18:10:18', NULL, NULL, 9, 317, 'Read'),
(678, '2019-04-26 18:10:18', NULL, NULL, 8, 317, 'Read'),
(679, '2019-04-26 18:10:45', NULL, NULL, 9, 302, 'Read'),
(680, '2019-04-26 18:10:57', NULL, NULL, 8, 634, 'Read'),
(681, '2019-04-26 18:10:57', NULL, NULL, 9, 634, 'Read'),
(682, '2019-04-26 18:11:00', '2019-04-26 19:07:28', NULL, 9, 627, 'Read'),
(683, '2019-04-26 18:11:00', NULL, NULL, 8, 627, 'Read'),
(684, '2019-04-26 18:11:00', NULL, NULL, 7, 627, 'Read'),
(685, '2019-04-26 18:11:00', NULL, NULL, 6, 627, 'Read'),
(686, '2019-04-26 18:11:15', NULL, NULL, 9, 86, 'Read'),
(687, '2019-04-26 18:11:15', NULL, NULL, 8, 86, 'Read'),
(688, '2019-04-26 18:11:15', NULL, NULL, 7, 86, 'Read'),
(689, '2019-04-26 18:11:15', NULL, NULL, 6, 86, 'Read'),
(690, '2019-04-26 18:11:15', NULL, NULL, 5, 86, 'Read'),
(691, '2019-04-26 18:11:15', NULL, NULL, 4, 86, 'Read'),
(692, '2019-04-26 18:11:15', NULL, NULL, 3, 86, 'Read'),
(693, '2019-04-26 18:11:15', NULL, NULL, 2, 86, 'Read'),
(694, '2019-04-26 18:11:15', NULL, NULL, 1, 86, 'Read'),
(695, '2019-04-26 18:11:40', '2019-04-26 19:55:13', NULL, 9, 344, 'Read'),
(696, '2019-04-26 18:11:40', NULL, NULL, 8, 344, 'Read'),
(697, '2019-04-26 18:11:40', NULL, NULL, 7, 344, 'Read'),
(698, '2019-04-26 18:11:40', NULL, NULL, 6, 344, 'Read'),
(699, '2019-04-26 18:11:40', NULL, NULL, 5, 344, 'Read'),
(700, '2019-04-26 18:11:40', NULL, NULL, 4, 344, 'Read'),
(701, '2019-04-26 18:11:40', NULL, NULL, 3, 344, 'Read'),
(702, '2019-04-26 18:11:40', NULL, NULL, 2, 344, 'Read'),
(703, '2019-04-26 18:11:40', '2019-04-26 18:11:48', NULL, 1, 344, 'Read'),
(704, '2019-04-26 18:12:02', NULL, NULL, 9, 437, 'Read'),
(705, '2019-04-26 18:12:12', '2019-04-26 18:12:12', NULL, 9, 492, 'Read'),
(706, '2019-04-26 18:12:12', NULL, NULL, 8, 492, 'Read'),
(707, '2019-04-26 18:12:12', NULL, NULL, 7, 492, 'Read'),
(708, '2019-04-26 18:12:12', NULL, NULL, 6, 492, 'Read'),
(709, '2019-04-26 18:12:12', NULL, NULL, 5, 492, 'Read'),
(710, '2019-04-26 18:12:12', NULL, NULL, 4, 492, 'Read'),
(711, '2019-04-26 18:12:12', NULL, NULL, 3, 492, 'Read'),
(712, '2019-04-26 18:12:12', NULL, NULL, 2, 492, 'Read'),
(713, '2019-04-26 18:12:12', NULL, NULL, 1, 492, 'Read'),
(714, '2019-04-26 18:13:05', '2019-04-26 18:13:05', NULL, 9, 612, 'Read'),
(715, '2019-04-26 18:13:05', NULL, NULL, 8, 612, 'Read'),
(716, '2019-04-26 18:13:05', NULL, NULL, 7, 612, 'Read'),
(717, '2019-04-26 18:13:05', NULL, NULL, 6, 612, 'Read'),
(718, '2019-04-26 18:13:05', NULL, NULL, 5, 612, 'Read'),
(719, '2019-04-26 18:13:05', NULL, NULL, 4, 612, 'Read'),
(720, '2019-04-26 18:13:05', NULL, NULL, 3, 612, 'Read'),
(721, '2019-04-26 18:15:41', '2019-04-26 18:15:41', NULL, 9, 350, 'Read'),
(722, '2019-04-26 18:15:41', NULL, NULL, 8, 350, 'Read'),
(723, '2019-04-26 18:15:41', '2019-04-26 18:15:49', NULL, 7, 350, 'Read'),
(724, '2019-04-26 18:15:41', '2019-04-26 18:15:48', NULL, 6, 350, 'Read'),
(725, '2019-04-26 18:16:30', '2019-04-26 18:16:30', NULL, 9, 348, 'Read'),
(726, '2019-04-26 18:16:30', NULL, NULL, 8, 348, 'Read'),
(727, '2019-04-26 18:16:30', NULL, NULL, 7, 348, 'Read'),
(728, '2019-04-26 18:16:30', NULL, NULL, 6, 348, 'Read'),
(729, '2019-04-26 18:16:58', NULL, NULL, 9, 511, 'Read'),
(730, '2019-04-26 18:17:13', '2019-04-26 18:24:59', NULL, 9, 69, 'Read'),
(731, '2019-04-26 18:17:13', NULL, NULL, 8, 69, 'Read'),
(732, '2019-04-26 18:17:13', NULL, NULL, 7, 69, 'Read'),
(733, '2019-04-26 18:17:13', NULL, NULL, 6, 69, 'Read'),
(734, '2019-04-26 18:17:13', NULL, NULL, 5, 69, 'Read'),
(735, '2019-04-26 18:17:13', NULL, NULL, 4, 69, 'Read'),
(736, '2019-04-26 18:17:13', NULL, NULL, 3, 69, 'Read'),
(737, '2019-04-26 18:17:13', NULL, NULL, 2, 69, 'Read'),
(738, '2019-04-26 18:17:13', NULL, NULL, 1, 69, 'Read'),
(739, '2019-04-26 18:19:09', NULL, NULL, 9, 9, 'Read'),
(740, '2019-04-26 18:19:09', NULL, NULL, 9, 9, 'Read'),
(741, '2019-04-26 18:20:03', '2019-04-26 18:20:03', NULL, 9, 620, 'Read'),
(742, '2019-04-26 18:20:03', NULL, NULL, 8, 620, 'Read'),
(743, '2019-04-26 18:20:03', NULL, NULL, 7, 620, 'Read'),
(744, '2019-04-26 18:20:03', NULL, NULL, 6, 620, 'Read'),
(745, '2019-04-26 18:20:03', NULL, NULL, 5, 620, 'Read'),
(746, '2019-04-26 18:20:03', NULL, NULL, 4, 620, 'Read'),
(747, '2019-04-26 18:20:03', NULL, NULL, 3, 620, 'Read'),
(748, '2019-04-26 18:20:03', NULL, NULL, 2, 620, 'Read'),
(749, '2019-04-26 18:20:03', NULL, NULL, 1, 620, 'Read'),
(750, '2019-04-26 18:21:01', '2019-04-26 18:21:02', NULL, 9, 202, 'Read'),
(751, '2019-04-26 18:25:27', '2019-04-26 18:25:29', NULL, 9, 201, 'Read'),
(752, '2019-04-26 18:25:27', '2019-04-26 18:25:32', NULL, 8, 201, 'Read'),
(753, '2019-04-26 18:25:27', NULL, NULL, 7, 201, 'Read'),
(754, '2019-04-26 18:25:27', NULL, NULL, 6, 201, 'Read'),
(755, '2019-04-26 18:25:27', NULL, NULL, 5, 201, 'Read'),
(756, '2019-04-26 18:25:27', NULL, NULL, 4, 201, 'Read'),
(757, '2019-04-26 18:25:27', NULL, NULL, 3, 201, 'Read'),
(758, '2019-04-26 18:25:27', NULL, NULL, 2, 201, 'Read'),
(759, '2019-04-26 18:25:28', NULL, NULL, 1, 201, 'Read'),
(760, '2019-04-26 18:26:20', '2019-04-26 18:26:21', NULL, 9, 339, 'Read'),
(761, '2019-04-26 18:26:20', '2019-04-26 18:26:24', NULL, 8, 339, 'Read'),
(762, '2019-04-26 18:26:20', '2019-04-26 18:26:25', NULL, 7, 339, 'Read'),
(763, '2019-04-26 18:26:20', NULL, NULL, 6, 339, 'Read'),
(764, '2019-04-26 18:26:20', NULL, NULL, 5, 339, 'Read'),
(765, '2019-04-26 18:26:20', NULL, NULL, 4, 339, 'Read'),
(766, '2019-04-26 18:26:20', NULL, NULL, 3, 339, 'Read'),
(767, '2019-04-26 18:26:20', NULL, NULL, 2, 339, 'Read'),
(768, '2019-04-26 18:26:20', NULL, NULL, 1, 339, 'Read'),
(769, '2019-04-26 18:28:04', '2019-04-26 18:36:38', NULL, 9, 621, 'Read'),
(770, '2019-04-26 18:28:04', NULL, NULL, 8, 621, 'Read'),
(771, '2019-04-26 18:28:04', NULL, NULL, 7, 621, 'Read'),
(772, '2019-04-26 18:28:04', NULL, NULL, 6, 621, 'Read'),
(773, '2019-04-26 18:28:26', '2019-04-26 18:28:26', NULL, 9, 625, 'Read'),
(774, '2019-04-26 18:28:26', NULL, NULL, 8, 625, 'Read'),
(775, '2019-04-26 18:28:26', NULL, NULL, 7, 625, 'Read'),
(776, '2019-04-26 18:28:26', NULL, NULL, 6, 625, 'Read'),
(777, '2019-04-26 18:28:26', NULL, NULL, 5, 625, 'Read'),
(778, '2019-04-26 18:28:26', NULL, NULL, 4, 625, 'Read'),
(779, '2019-04-26 18:28:26', NULL, NULL, 3, 625, 'Read'),
(780, '2019-04-26 18:28:26', NULL, NULL, 2, 625, 'Read'),
(781, '2019-04-26 18:28:26', NULL, NULL, 1, 625, 'Read'),
(782, '2019-04-26 18:29:08', '2019-04-26 18:29:11', NULL, 9, 404, 'Read'),
(783, '2019-04-26 18:29:08', NULL, NULL, 8, 404, 'Read'),
(784, '2019-04-26 18:29:08', NULL, NULL, 7, 404, 'Read'),
(785, '2019-04-26 18:29:08', NULL, NULL, 6, 404, 'Read'),
(786, '2019-04-26 18:29:08', NULL, NULL, 5, 404, 'Read'),
(787, '2019-04-26 18:29:08', NULL, NULL, 4, 404, 'Read'),
(788, '2019-04-26 18:29:08', NULL, NULL, 3, 404, 'Read'),
(789, '2019-04-26 18:29:08', NULL, NULL, 2, 404, 'Read'),
(790, '2019-04-26 18:29:08', NULL, NULL, 1, 404, 'Read'),
(791, '2019-04-26 18:36:27', NULL, NULL, 9, 614, 'Read'),
(792, '2019-04-26 18:36:27', '2019-04-26 18:36:27', NULL, 8, 614, 'Read'),
(793, '2019-04-26 18:36:27', NULL, NULL, 7, 614, 'Read'),
(794, '2019-04-26 18:41:39', NULL, NULL, 9, 227, 'Read'),
(795, '2019-04-26 18:41:39', NULL, NULL, 8, 227, 'Read'),
(796, '2019-04-26 18:41:39', NULL, NULL, 7, 227, 'Read'),
(797, '2019-04-26 18:41:39', NULL, NULL, 6, 227, 'Read'),
(798, '2019-04-26 18:41:39', NULL, NULL, 5, 227, 'Read'),
(799, '2019-04-26 18:41:39', NULL, NULL, 4, 227, 'Read'),
(800, '2019-04-26 18:41:39', NULL, NULL, 3, 227, 'Read'),
(801, '2019-04-26 18:41:39', NULL, NULL, 2, 227, 'Read'),
(802, '2019-04-26 18:41:39', NULL, NULL, 1, 227, 'Read'),
(803, '2019-04-26 18:43:18', '2019-04-26 18:43:22', NULL, 9, 526, 'Read'),
(804, '2019-04-26 18:43:18', '2019-04-26 18:43:25', NULL, 8, 526, 'Read'),
(805, '2019-04-26 18:43:18', '2019-04-26 18:43:27', NULL, 7, 526, 'Read'),
(806, '2019-04-26 18:43:18', '2019-04-26 18:43:36', NULL, 6, 526, 'Read'),
(807, '2019-04-26 18:43:18', '2019-04-26 18:43:35', NULL, 5, 526, 'Read'),
(808, '2019-04-26 18:43:18', '2019-04-26 18:43:34', NULL, 4, 526, 'Read'),
(809, '2019-04-26 18:43:18', '2019-04-26 18:43:32', NULL, 3, 526, 'Read'),
(810, '2019-04-26 18:43:18', '2019-04-26 18:43:31', NULL, 2, 526, 'Read'),
(811, '2019-04-26 18:43:18', '2019-04-26 18:43:29', NULL, 1, 526, 'Read'),
(812, '2019-04-26 18:51:06', '2019-04-26 18:51:08', NULL, 9, 563, 'Read'),
(813, '2019-04-26 18:51:06', NULL, NULL, 8, 563, 'Read'),
(814, '2019-04-26 18:51:06', NULL, NULL, 7, 563, 'Read'),
(815, '2019-04-26 18:51:06', NULL, NULL, 6, 563, 'Read'),
(816, '2019-04-26 18:51:06', NULL, NULL, 5, 563, 'Read');
INSERT INTO `notification_member` (`id`, `created_at`, `updated_at`, `deleted_at`, `id_notification`, `id_member`, `action_type`) VALUES
(817, '2019-04-26 18:58:58', '2019-04-26 18:58:59', NULL, 9, 175, 'Read'),
(818, '2019-04-26 18:58:58', NULL, NULL, 8, 175, 'Read'),
(819, '2019-04-26 18:58:58', NULL, NULL, 7, 175, 'Read'),
(820, '2019-04-26 18:58:58', NULL, NULL, 6, 175, 'Read'),
(821, '2019-04-26 18:58:58', NULL, NULL, 5, 175, 'Read'),
(822, '2019-04-26 18:59:37', '2019-04-26 18:59:37', NULL, 9, 270, 'Read'),
(823, '2019-04-26 18:59:37', NULL, NULL, 8, 270, 'Read'),
(824, '2019-04-26 18:59:37', NULL, NULL, 7, 270, 'Read'),
(825, '2019-04-26 18:59:37', NULL, NULL, 6, 270, 'Read'),
(826, '2019-04-26 18:59:37', NULL, NULL, 5, 270, 'Read'),
(827, '2019-04-26 18:59:37', NULL, NULL, 4, 270, 'Read'),
(828, '2019-04-26 18:59:37', NULL, NULL, 3, 270, 'Read'),
(829, '2019-04-26 19:00:18', NULL, NULL, 9, 548, 'Read'),
(830, '2019-04-26 19:00:18', NULL, NULL, 8, 548, 'Read'),
(831, '2019-04-26 19:00:18', NULL, NULL, 7, 548, 'Read'),
(832, '2019-04-26 19:00:18', NULL, NULL, 6, 548, 'Read'),
(833, '2019-04-26 19:00:18', NULL, NULL, 5, 548, 'Read'),
(834, '2019-04-26 19:00:57', '2019-04-26 19:00:59', NULL, 9, 131, 'Read'),
(835, '2019-04-26 19:00:57', '2019-04-26 19:01:12', NULL, 8, 131, 'Read'),
(836, '2019-04-26 19:00:57', '2019-04-26 19:01:14', NULL, 7, 131, 'Read'),
(837, '2019-04-26 19:00:57', NULL, NULL, 6, 131, 'Read'),
(838, '2019-04-26 19:00:57', NULL, NULL, 5, 131, 'Read'),
(839, '2019-04-26 19:00:57', NULL, NULL, 4, 131, 'Read'),
(840, '2019-04-26 19:00:57', NULL, NULL, 3, 131, 'Read'),
(841, '2019-04-26 19:00:57', NULL, NULL, 2, 131, 'Read'),
(842, '2019-04-26 19:00:57', NULL, NULL, 1, 131, 'Read'),
(843, '2019-04-26 19:06:03', '2019-04-26 19:06:06', NULL, 9, 482, 'Read'),
(844, '2019-04-26 19:06:03', NULL, NULL, 8, 482, 'Read'),
(845, '2019-04-26 19:06:03', NULL, NULL, 7, 482, 'Read'),
(846, '2019-04-26 19:06:03', NULL, NULL, 6, 482, 'Read'),
(847, '2019-04-26 19:06:03', NULL, NULL, 5, 482, 'Read'),
(848, '2019-04-26 19:06:03', NULL, NULL, 4, 482, 'Read'),
(849, '2019-04-26 19:06:03', NULL, NULL, 3, 482, 'Read'),
(850, '2019-04-26 19:06:03', NULL, NULL, 2, 482, 'Read'),
(851, '2019-04-26 19:06:03', NULL, NULL, 1, 482, 'Read'),
(852, '2019-04-26 19:09:34', '2019-04-26 19:09:37', NULL, 9, 443, 'Read'),
(853, '2019-04-26 19:09:34', NULL, NULL, 8, 443, 'Read'),
(854, '2019-04-26 19:09:34', NULL, NULL, 7, 443, 'Read'),
(855, '2019-04-26 19:09:34', NULL, NULL, 6, 443, 'Read'),
(856, '2019-04-26 19:09:34', NULL, NULL, 5, 443, 'Read'),
(857, '2019-04-26 19:09:34', NULL, NULL, 4, 443, 'Read'),
(858, '2019-04-26 19:09:34', NULL, NULL, 3, 443, 'Read'),
(859, '2019-04-26 19:15:48', '2019-04-26 19:16:10', NULL, 9, 37, 'Read'),
(860, '2019-04-26 19:15:48', '2019-04-26 19:16:09', NULL, 8, 37, 'Read'),
(861, '2019-04-26 19:15:48', '2019-04-26 19:16:06', NULL, 7, 37, 'Read'),
(862, '2019-04-26 19:15:48', '2019-04-26 19:16:05', NULL, 6, 37, 'Read'),
(863, '2019-04-26 19:15:48', '2019-04-26 19:16:01', NULL, 5, 37, 'Read'),
(864, '2019-04-26 19:15:48', '2019-04-26 19:15:58', NULL, 4, 37, 'Read'),
(865, '2019-04-26 19:15:48', '2019-04-26 19:15:56', NULL, 3, 37, 'Read'),
(866, '2019-04-26 19:15:48', '2019-04-26 19:15:54', NULL, 2, 37, 'Read'),
(867, '2019-04-26 19:15:48', '2019-04-26 19:15:51', NULL, 1, 37, 'Read'),
(868, '2019-04-26 19:16:17', '2019-04-26 19:16:18', NULL, 9, 260, 'Read'),
(869, '2019-04-26 19:16:17', NULL, NULL, 8, 260, 'Read'),
(870, '2019-04-26 19:16:17', NULL, NULL, 7, 260, 'Read'),
(871, '2019-04-26 19:16:17', NULL, NULL, 6, 260, 'Read'),
(872, '2019-04-26 19:16:19', NULL, NULL, 9, 617, 'Read'),
(873, '2019-04-26 19:16:19', '2019-04-27 07:09:53', NULL, 8, 617, 'Read'),
(874, '2019-04-26 19:16:19', NULL, NULL, 7, 617, 'Read'),
(875, '2019-04-26 19:20:21', '2019-04-26 19:20:22', NULL, 9, 292, 'Read'),
(876, '2019-04-26 19:20:21', '2019-04-26 19:20:29', NULL, 8, 292, 'Read'),
(877, '2019-04-26 19:21:51', '2019-04-27 13:05:33', NULL, 9, 62, 'Read'),
(878, '2019-04-26 19:21:51', NULL, NULL, 8, 62, 'Read'),
(879, '2019-04-26 19:21:51', NULL, NULL, 7, 62, 'Read'),
(880, '2019-04-26 19:21:51', NULL, NULL, 6, 62, 'Read'),
(881, '2019-04-26 19:21:51', NULL, NULL, 5, 62, 'Read'),
(882, '2019-04-26 19:21:51', NULL, NULL, 4, 62, 'Read'),
(883, '2019-04-26 19:21:51', NULL, NULL, 3, 62, 'Read'),
(884, '2019-04-26 19:21:51', NULL, NULL, 2, 62, 'Read'),
(885, '2019-04-26 19:21:51', NULL, NULL, 1, 62, 'Read'),
(886, '2019-04-26 19:27:34', '2019-04-26 19:27:37', NULL, 9, 474, 'Read'),
(887, '2019-04-26 19:27:34', NULL, NULL, 8, 474, 'Read'),
(888, '2019-04-26 19:27:34', NULL, NULL, 7, 474, 'Read'),
(889, '2019-04-26 19:27:34', NULL, NULL, 6, 474, 'Read'),
(890, '2019-04-26 19:27:34', NULL, NULL, 5, 474, 'Read'),
(891, '2019-04-26 19:27:34', NULL, NULL, 4, 474, 'Read'),
(892, '2019-04-26 19:27:34', NULL, NULL, 3, 474, 'Read'),
(893, '2019-04-26 19:27:34', NULL, NULL, 2, 474, 'Read'),
(894, '2019-04-26 19:27:34', NULL, NULL, 1, 474, 'Read'),
(895, '2019-04-26 19:37:37', '2019-04-26 19:37:38', NULL, 9, 622, 'Read'),
(896, '2019-04-26 19:37:37', NULL, NULL, 8, 622, 'Read'),
(897, '2019-04-26 19:37:37', NULL, NULL, 7, 622, 'Read'),
(898, '2019-04-26 19:37:37', NULL, NULL, 6, 622, 'Read'),
(899, '2019-04-26 19:37:37', NULL, NULL, 5, 622, 'Read'),
(900, '2019-04-26 19:37:37', NULL, NULL, 4, 622, 'Read'),
(901, '2019-04-26 19:37:37', NULL, NULL, 3, 622, 'Read'),
(902, '2019-04-26 19:37:37', NULL, NULL, 2, 622, 'Read'),
(903, '2019-04-26 19:37:37', '2019-04-26 19:37:41', NULL, 1, 622, 'Read'),
(904, '2019-04-26 19:40:08', '2019-04-26 19:40:08', NULL, 10, 628, 'Read'),
(905, '2019-04-26 19:40:08', NULL, NULL, 9, 628, 'Read'),
(906, '2019-04-26 19:40:08', NULL, NULL, 8, 628, 'Read'),
(907, '2019-04-26 19:40:08', NULL, NULL, 7, 628, 'Read'),
(908, '2019-04-26 19:40:08', NULL, NULL, 6, 628, 'Read'),
(909, '2019-04-26 19:40:08', NULL, NULL, 5, 628, 'Read'),
(910, '2019-04-26 19:40:08', NULL, NULL, 4, 628, 'Read'),
(911, '2019-04-26 19:40:08', NULL, NULL, 3, 628, 'Read'),
(912, '2019-04-26 19:40:08', NULL, NULL, 2, 628, 'Read'),
(913, '2019-04-26 19:40:08', NULL, NULL, 1, 628, 'Read'),
(914, '2019-04-26 19:40:09', NULL, NULL, 10, 634, 'Read'),
(915, '2019-04-26 19:55:13', '2019-04-26 19:58:08', NULL, 10, 344, 'Read'),
(916, '2019-04-26 19:56:24', '2019-04-26 19:56:25', NULL, 10, 1, 'Read'),
(917, '2019-04-26 19:56:24', NULL, NULL, 9, 1, 'Read'),
(918, '2019-04-26 19:56:30', NULL, NULL, 10, 64, 'Read'),
(919, '2019-04-26 19:57:28', '2019-04-26 19:57:29', NULL, 10, 488, 'Read'),
(920, '2019-04-26 19:57:28', NULL, NULL, 9, 488, 'Read'),
(921, '2019-04-26 19:57:28', '2019-04-26 19:57:49', NULL, 8, 488, 'Read'),
(922, '2019-04-26 19:57:28', NULL, NULL, 7, 488, 'Read'),
(923, '2019-04-26 19:57:28', NULL, NULL, 6, 488, 'Read'),
(924, '2019-04-26 19:57:28', NULL, NULL, 5, 488, 'Read'),
(925, '2019-04-26 19:57:28', NULL, NULL, 4, 488, 'Read'),
(926, '2019-04-26 19:57:28', NULL, NULL, 3, 488, 'Read'),
(927, '2019-04-26 19:57:28', NULL, NULL, 2, 488, 'Read'),
(928, '2019-04-26 19:57:28', NULL, NULL, 1, 488, 'Read'),
(929, '2019-04-26 19:58:18', '2019-04-26 19:58:25', NULL, 10, 53, 'Read'),
(930, '2019-04-26 19:58:18', NULL, NULL, 10, 53, 'Read'),
(931, '2019-04-26 19:58:18', NULL, NULL, 9, 53, 'Read'),
(932, '2019-04-26 19:58:18', NULL, NULL, 8, 53, 'Read'),
(933, '2019-04-26 19:58:18', NULL, NULL, 7, 53, 'Read'),
(934, '2019-04-26 19:58:18', NULL, NULL, 6, 53, 'Read'),
(935, '2019-04-26 19:58:18', NULL, NULL, 5, 53, 'Read'),
(936, '2019-04-26 19:58:18', NULL, NULL, 4, 53, 'Read'),
(937, '2019-04-26 19:58:18', NULL, NULL, 3, 53, 'Read'),
(938, '2019-04-26 19:58:18', NULL, NULL, 2, 53, 'Read'),
(939, '2019-04-26 19:58:18', NULL, NULL, 1, 53, 'Read'),
(940, '2019-04-26 19:58:28', NULL, NULL, 10, 235, 'Read'),
(941, '2019-04-26 20:01:02', NULL, NULL, 10, 111, 'Read'),
(942, '2019-04-26 20:07:14', '2019-04-26 20:07:18', NULL, 10, 478, 'Read'),
(943, '2019-04-26 20:07:16', NULL, NULL, 9, 478, 'Read'),
(944, '2019-04-26 20:07:16', NULL, NULL, 8, 478, 'Read'),
(945, '2019-04-26 20:07:16', NULL, NULL, 7, 478, 'Read'),
(946, '2019-04-26 20:07:16', NULL, NULL, 6, 478, 'Read'),
(947, '2019-04-26 20:10:04', NULL, NULL, 10, 197, 'Read'),
(948, '2019-04-26 20:10:04', NULL, NULL, 9, 197, 'Read'),
(949, '2019-04-26 20:10:04', NULL, NULL, 8, 197, 'Read'),
(950, '2019-04-26 20:10:04', NULL, NULL, 7, 197, 'Read'),
(951, '2019-04-26 20:10:04', NULL, NULL, 6, 197, 'Read'),
(952, '2019-04-26 20:10:04', NULL, NULL, 5, 197, 'Read'),
(953, '2019-04-26 20:10:04', NULL, NULL, 4, 197, 'Read'),
(954, '2019-04-26 20:10:04', NULL, NULL, 3, 197, 'Read'),
(955, '2019-04-26 20:10:04', NULL, NULL, 2, 197, 'Read'),
(956, '2019-04-26 20:10:04', NULL, NULL, 1, 197, 'Read'),
(957, '2019-04-26 20:10:05', NULL, NULL, 10, 606, 'Read'),
(958, '2019-04-26 20:10:07', NULL, NULL, 11, 606, 'Read'),
(959, '2019-04-26 20:19:24', NULL, NULL, 11, 124, 'Read'),
(960, '2019-04-26 20:19:24', '2019-04-26 20:19:24', NULL, 10, 124, 'Read'),
(961, '2019-04-26 20:19:24', NULL, NULL, 9, 124, 'Read'),
(962, '2019-04-26 20:19:24', NULL, NULL, 8, 124, 'Read'),
(963, '2019-04-26 20:19:24', NULL, NULL, 7, 124, 'Read'),
(964, '2019-04-26 20:19:24', NULL, NULL, 6, 124, 'Read'),
(965, '2019-04-26 20:19:24', NULL, NULL, 5, 124, 'Read'),
(966, '2019-04-26 20:19:24', NULL, NULL, 4, 124, 'Read'),
(967, '2019-04-26 20:19:24', NULL, NULL, 3, 124, 'Read'),
(968, '2019-04-26 20:19:24', NULL, NULL, 2, 124, 'Read'),
(969, '2019-04-26 20:19:24', NULL, NULL, 1, 124, 'Read'),
(970, '2019-04-26 20:21:05', '2019-04-26 20:27:36', NULL, 11, 492, 'Read'),
(971, '2019-04-26 20:21:05', NULL, NULL, 10, 492, 'Read'),
(972, '2019-04-26 20:21:07', NULL, NULL, 11, 573, 'Read'),
(973, '2019-04-26 20:21:07', NULL, NULL, 10, 573, 'Read'),
(974, '2019-04-26 20:21:07', NULL, NULL, 9, 573, 'Read'),
(975, '2019-04-26 20:21:07', NULL, NULL, 8, 573, 'Read'),
(976, '2019-04-26 20:21:07', NULL, NULL, 7, 573, 'Read'),
(977, '2019-04-26 20:21:07', NULL, NULL, 6, 573, 'Read'),
(978, '2019-04-26 20:21:07', NULL, NULL, 5, 573, 'Read'),
(979, '2019-04-26 20:21:07', NULL, NULL, 4, 573, 'Read'),
(980, '2019-04-26 20:21:07', NULL, NULL, 3, 573, 'Read'),
(981, '2019-04-26 20:21:07', NULL, NULL, 2, 573, 'Read'),
(982, '2019-04-26 20:21:07', NULL, NULL, 1, 573, 'Read'),
(983, '2019-04-26 20:21:49', '2019-04-26 20:21:58', NULL, 11, 533, 'Read'),
(984, '2019-04-26 20:21:49', NULL, NULL, 10, 533, 'Read'),
(985, '2019-04-26 20:21:49', NULL, NULL, 9, 533, 'Read'),
(986, '2019-04-26 20:21:49', NULL, NULL, 8, 533, 'Read'),
(987, '2019-04-26 20:21:49', NULL, NULL, 7, 533, 'Read'),
(988, '2019-04-26 20:21:49', NULL, NULL, 6, 533, 'Read'),
(989, '2019-04-26 20:21:49', NULL, NULL, 5, 533, 'Read'),
(990, '2019-04-26 20:21:49', NULL, NULL, 4, 533, 'Read'),
(991, '2019-04-26 20:21:49', NULL, NULL, 3, 533, 'Read'),
(992, '2019-04-26 20:21:49', NULL, NULL, 2, 533, 'Read'),
(993, '2019-04-26 20:21:49', NULL, NULL, 1, 533, 'Read'),
(994, '2019-04-26 20:22:48', '2019-04-26 20:22:48', NULL, 11, 175, 'Read'),
(995, '2019-04-26 20:22:48', NULL, NULL, 10, 175, 'Read'),
(996, '2019-04-26 21:51:11', '2019-04-26 21:51:11', NULL, 12, 317, 'Read'),
(997, '2019-04-26 21:51:11', NULL, NULL, 11, 317, 'Read'),
(998, '2019-04-26 21:51:11', '2019-04-26 21:51:42', NULL, 10, 317, 'Read'),
(999, '2019-04-26 21:58:51', NULL, NULL, 12, 179, 'Read'),
(1000, '2019-04-26 21:58:51', NULL, NULL, 11, 179, 'Read'),
(1001, '2019-04-26 21:58:51', NULL, NULL, 10, 179, 'Read'),
(1002, '2019-04-26 21:58:51', NULL, NULL, 9, 179, 'Read'),
(1003, '2019-04-26 21:58:51', NULL, NULL, 8, 179, 'Read'),
(1004, '2019-04-26 21:58:51', NULL, NULL, 7, 179, 'Read'),
(1005, '2019-04-26 21:58:51', NULL, NULL, 6, 179, 'Read'),
(1006, '2019-04-26 21:58:51', NULL, NULL, 5, 179, 'Read'),
(1007, '2019-04-26 21:58:51', NULL, NULL, 4, 179, 'Read'),
(1008, '2019-04-26 21:58:51', NULL, NULL, 3, 179, 'Read'),
(1009, '2019-04-26 21:58:51', NULL, NULL, 2, 179, 'Read'),
(1010, '2019-04-26 21:58:51', NULL, NULL, 1, 179, 'Read'),
(1011, '2019-04-26 21:59:08', '2019-04-26 21:59:09', NULL, 12, 551, 'Read'),
(1012, '2019-04-26 21:59:08', NULL, NULL, 11, 551, 'Read'),
(1013, '2019-04-26 21:59:08', NULL, NULL, 10, 551, 'Read'),
(1014, '2019-04-26 21:59:08', NULL, NULL, 9, 551, 'Read'),
(1015, '2019-04-26 21:59:13', '2019-04-26 21:59:13', NULL, 12, 555, 'Read'),
(1016, '2019-04-26 21:59:13', NULL, NULL, 11, 555, 'Read'),
(1017, '2019-04-26 21:59:13', NULL, NULL, 10, 555, 'Read'),
(1018, '2019-04-26 21:59:13', NULL, NULL, 9, 555, 'Read'),
(1019, '2019-04-26 21:59:13', NULL, NULL, 8, 555, 'Read'),
(1020, '2019-04-26 21:59:13', NULL, NULL, 7, 555, 'Read'),
(1021, '2019-04-26 21:59:13', NULL, NULL, 6, 555, 'Read'),
(1022, '2019-04-26 21:59:13', NULL, NULL, 5, 555, 'Read'),
(1023, '2019-04-26 21:59:13', NULL, NULL, 4, 555, 'Read'),
(1024, '2019-04-26 21:59:13', NULL, NULL, 3, 555, 'Read'),
(1025, '2019-04-26 21:59:13', NULL, NULL, 2, 555, 'Read'),
(1026, '2019-04-26 21:59:13', NULL, NULL, 1, 555, 'Read'),
(1027, '2019-04-26 22:00:04', NULL, NULL, 12, 523, 'Read'),
(1028, '2019-04-26 22:00:04', NULL, NULL, 11, 523, 'Read'),
(1029, '2019-04-26 22:00:04', NULL, NULL, 10, 523, 'Read'),
(1030, '2019-04-26 22:00:04', NULL, NULL, 9, 523, 'Read'),
(1031, '2019-04-26 22:00:04', NULL, NULL, 8, 523, 'Read'),
(1032, '2019-04-26 22:00:04', NULL, NULL, 7, 523, 'Read'),
(1033, '2019-04-26 22:00:05', NULL, NULL, 6, 523, 'Read'),
(1034, '2019-04-26 22:00:05', NULL, NULL, 5, 523, 'Read'),
(1035, '2019-04-26 22:00:05', NULL, NULL, 4, 523, 'Read'),
(1036, '2019-04-26 22:00:05', NULL, NULL, 3, 523, 'Read'),
(1037, '2019-04-26 22:00:05', NULL, NULL, 2, 523, 'Read'),
(1038, '2019-04-26 22:00:05', NULL, NULL, 1, 523, 'Read'),
(1039, '2019-04-26 22:03:21', NULL, NULL, 13, 247, 'Read'),
(1040, '2019-04-26 22:03:53', NULL, NULL, 13, 310, 'Read'),
(1041, '2019-04-26 22:03:53', NULL, NULL, 12, 310, 'Read'),
(1042, '2019-04-26 22:03:53', NULL, NULL, 11, 310, 'Read'),
(1043, '2019-04-26 22:03:53', '2019-04-26 22:03:53', NULL, 10, 310, 'Read'),
(1044, '2019-04-26 22:03:53', NULL, NULL, 9, 310, 'Read'),
(1045, '2019-04-26 22:03:53', NULL, NULL, 8, 310, 'Read'),
(1046, '2019-04-26 22:03:53', NULL, NULL, 7, 310, 'Read'),
(1047, '2019-04-26 22:03:53', NULL, NULL, 6, 310, 'Read'),
(1048, '2019-04-26 22:03:53', NULL, NULL, 5, 310, 'Read'),
(1049, '2019-04-26 22:03:53', NULL, NULL, 4, 310, 'Read'),
(1050, '2019-04-26 22:03:53', NULL, NULL, 3, 310, 'Read'),
(1051, '2019-04-26 22:03:53', NULL, NULL, 2, 310, 'Read'),
(1052, '2019-04-26 22:03:53', NULL, NULL, 1, 310, 'Read'),
(1053, '2019-04-26 22:08:40', '2019-04-26 22:08:41', NULL, 13, 602, 'Read'),
(1054, '2019-04-26 22:08:40', NULL, NULL, 12, 602, 'Read'),
(1055, '2019-04-26 22:08:40', NULL, NULL, 11, 602, 'Read'),
(1056, '2019-04-26 22:08:40', NULL, NULL, 10, 602, 'Read'),
(1057, '2019-04-26 22:08:40', NULL, NULL, 9, 602, 'Read'),
(1058, '2019-04-26 22:08:40', NULL, NULL, 8, 602, 'Read'),
(1059, '2019-04-26 22:08:40', NULL, NULL, 7, 602, 'Read'),
(1060, '2019-04-26 22:08:40', NULL, NULL, 6, 602, 'Read'),
(1061, '2019-04-26 22:09:43', NULL, NULL, 12, 64, 'Read'),
(1062, '2019-04-26 22:10:00', '2019-04-26 22:10:17', NULL, 13, 172, 'Read'),
(1063, '2019-04-26 22:10:01', NULL, NULL, 12, 172, 'Read'),
(1064, '2019-04-26 22:10:01', NULL, NULL, 11, 172, 'Read'),
(1065, '2019-04-26 22:10:01', NULL, NULL, 10, 172, 'Read'),
(1066, '2019-04-26 22:10:01', NULL, NULL, 9, 172, 'Read'),
(1067, '2019-04-26 22:10:01', NULL, NULL, 8, 172, 'Read'),
(1068, '2019-04-26 22:10:01', NULL, NULL, 7, 172, 'Read'),
(1069, '2019-04-26 22:10:01', NULL, NULL, 6, 172, 'Read'),
(1070, '2019-04-26 22:10:01', NULL, NULL, 5, 172, 'Read'),
(1071, '2019-04-26 22:10:29', '2019-04-26 22:10:30', NULL, 13, 162, 'Read'),
(1072, '2019-04-26 22:10:29', NULL, NULL, 12, 162, 'Read'),
(1073, '2019-04-26 22:10:29', NULL, NULL, 11, 162, 'Read'),
(1074, '2019-04-26 22:10:29', NULL, NULL, 10, 162, 'Read'),
(1075, '2019-04-26 22:10:29', NULL, NULL, 9, 162, 'Read'),
(1076, '2019-04-26 22:10:29', NULL, NULL, 8, 162, 'Read'),
(1077, '2019-04-26 22:10:29', NULL, NULL, 7, 162, 'Read'),
(1078, '2019-04-26 22:10:29', NULL, NULL, 6, 162, 'Read'),
(1079, '2019-04-26 22:10:29', NULL, NULL, 5, 162, 'Read'),
(1080, '2019-04-26 22:10:29', NULL, NULL, 4, 162, 'Read'),
(1081, '2019-04-26 22:10:29', NULL, NULL, 3, 162, 'Read'),
(1082, '2019-04-26 22:10:29', NULL, NULL, 2, 162, 'Read'),
(1083, '2019-04-26 22:10:29', NULL, NULL, 1, 162, 'Read'),
(1084, '2019-04-26 22:11:25', '2019-04-27 01:00:07', NULL, 13, 73, 'Read'),
(1085, '2019-04-26 22:11:25', NULL, NULL, 12, 73, 'Read'),
(1086, '2019-04-26 22:11:25', NULL, NULL, 11, 73, 'Read'),
(1087, '2019-04-26 22:11:25', NULL, NULL, 10, 73, 'Read'),
(1088, '2019-04-26 22:11:25', NULL, NULL, 9, 73, 'Read'),
(1089, '2019-04-26 22:11:25', NULL, NULL, 8, 73, 'Read'),
(1090, '2019-04-26 22:11:25', NULL, NULL, 7, 73, 'Read'),
(1091, '2019-04-26 22:11:25', NULL, NULL, 6, 73, 'Read'),
(1092, '2019-04-26 22:11:26', NULL, NULL, 5, 73, 'Read'),
(1093, '2019-04-26 22:12:40', '2019-04-26 22:12:42', NULL, 13, 2, 'Read'),
(1094, '2019-04-26 22:12:40', NULL, NULL, 12, 2, 'Read'),
(1095, '2019-04-26 22:12:40', NULL, NULL, 11, 2, 'Read'),
(1096, '2019-04-26 22:12:40', NULL, NULL, 10, 2, 'Read'),
(1097, '2019-04-26 22:12:54', NULL, NULL, 13, 97, 'Read'),
(1098, '2019-04-26 22:12:54', NULL, NULL, 12, 97, 'Read'),
(1099, '2019-04-26 22:12:54', NULL, NULL, 11, 97, 'Read'),
(1100, '2019-04-26 22:12:54', NULL, NULL, 10, 97, 'Read'),
(1101, '2019-04-26 22:12:54', NULL, NULL, 9, 97, 'Read'),
(1102, '2019-04-26 22:12:54', NULL, NULL, 8, 97, 'Read'),
(1103, '2019-04-26 22:12:54', NULL, NULL, 7, 97, 'Read'),
(1104, '2019-04-26 22:12:54', NULL, NULL, 6, 97, 'Read'),
(1105, '2019-04-26 22:12:54', NULL, NULL, 5, 97, 'Read'),
(1106, '2019-04-26 22:12:54', NULL, NULL, 4, 97, 'Read'),
(1107, '2019-04-26 22:12:54', NULL, NULL, 3, 97, 'Read'),
(1108, '2019-04-26 22:12:54', NULL, NULL, 2, 97, 'Read'),
(1109, '2019-04-26 22:12:54', NULL, NULL, 1, 97, 'Read'),
(1110, '2019-04-26 22:13:59', '2019-04-26 23:12:02', NULL, 13, 221, 'Read'),
(1111, '2019-04-26 22:13:59', NULL, NULL, 12, 221, 'Read'),
(1112, '2019-04-26 22:13:59', NULL, NULL, 11, 221, 'Read'),
(1113, '2019-04-26 22:13:59', NULL, NULL, 10, 221, 'Read'),
(1114, '2019-04-26 22:13:59', NULL, NULL, 9, 221, 'Read'),
(1115, '2019-04-26 22:13:59', NULL, NULL, 8, 221, 'Read'),
(1116, '2019-04-26 22:13:59', NULL, NULL, 7, 221, 'Read'),
(1117, '2019-04-26 22:13:59', NULL, NULL, 6, 221, 'Read'),
(1118, '2019-04-26 22:14:50', '2019-04-26 22:14:50', NULL, 13, 488, 'Read'),
(1119, '2019-04-26 22:14:50', NULL, NULL, 12, 488, 'Read'),
(1120, '2019-04-26 22:14:50', NULL, NULL, 11, 488, 'Read'),
(1121, '2019-04-26 22:15:07', '2019-04-26 22:15:21', NULL, 13, 422, 'Read'),
(1122, '2019-04-26 22:15:07', '2019-04-26 22:15:12', NULL, 12, 422, 'Read'),
(1123, '2019-04-26 22:15:07', '2019-04-26 22:15:25', NULL, 11, 422, 'Read'),
(1124, '2019-04-26 22:15:07', '2019-04-26 22:15:27', NULL, 10, 422, 'Read'),
(1125, '2019-04-26 22:15:07', '2019-04-26 22:15:31', NULL, 9, 422, 'Read'),
(1126, '2019-04-26 22:15:07', '2019-04-26 22:15:38', NULL, 8, 422, 'Read'),
(1127, '2019-04-26 22:15:07', NULL, NULL, 7, 422, 'Read'),
(1128, '2019-04-26 22:15:07', NULL, NULL, 6, 422, 'Read'),
(1129, '2019-04-26 22:15:07', NULL, NULL, 5, 422, 'Read'),
(1130, '2019-04-26 22:16:11', '2019-04-26 22:16:12', NULL, 13, 270, 'Read'),
(1131, '2019-04-26 22:16:11', NULL, NULL, 12, 270, 'Read'),
(1132, '2019-04-26 22:16:11', NULL, NULL, 11, 270, 'Read'),
(1133, '2019-04-26 22:16:11', NULL, NULL, 10, 270, 'Read'),
(1134, '2019-04-26 22:19:29', '2019-04-26 22:19:29', NULL, 13, 140, 'Read'),
(1135, '2019-04-26 22:19:29', '2019-04-26 22:20:07', NULL, 12, 140, 'Read'),
(1136, '2019-04-26 22:19:29', NULL, NULL, 11, 140, 'Read'),
(1137, '2019-04-26 22:19:29', NULL, NULL, 10, 140, 'Read'),
(1138, '2019-04-26 22:19:29', NULL, NULL, 9, 140, 'Read'),
(1139, '2019-04-26 22:19:29', NULL, NULL, 8, 140, 'Read'),
(1140, '2019-04-26 22:19:29', NULL, NULL, 7, 140, 'Read'),
(1141, '2019-04-26 22:19:29', NULL, NULL, 6, 140, 'Read'),
(1142, '2019-04-26 22:19:29', NULL, NULL, 5, 140, 'Read'),
(1143, '2019-04-26 22:19:29', NULL, NULL, 4, 140, 'Read'),
(1144, '2019-04-26 22:19:29', NULL, NULL, 3, 140, 'Read'),
(1145, '2019-04-26 22:19:29', NULL, NULL, 2, 140, 'Read'),
(1146, '2019-04-26 22:19:29', NULL, NULL, 1, 140, 'Read'),
(1147, '2019-04-26 22:19:29', '2019-04-26 22:19:34', NULL, 13, 518, 'Read'),
(1148, '2019-04-26 22:19:29', NULL, NULL, 12, 518, 'Read'),
(1149, '2019-04-26 22:19:29', NULL, NULL, 11, 518, 'Read'),
(1150, '2019-04-26 22:19:29', NULL, NULL, 10, 518, 'Read'),
(1151, '2019-04-26 22:19:29', NULL, NULL, 9, 518, 'Read'),
(1152, '2019-04-26 22:19:29', NULL, NULL, 8, 518, 'Read'),
(1153, '2019-04-26 22:19:29', NULL, NULL, 7, 518, 'Read'),
(1154, '2019-04-26 22:19:29', NULL, NULL, 6, 518, 'Read'),
(1155, '2019-04-26 22:22:25', NULL, NULL, 13, 244, 'Read'),
(1156, '2019-04-26 22:22:25', '2019-04-26 22:22:29', NULL, 12, 244, 'Read'),
(1157, '2019-04-26 22:22:25', NULL, NULL, 11, 244, 'Read'),
(1158, '2019-04-26 22:22:25', NULL, NULL, 10, 244, 'Read'),
(1159, '2019-04-26 22:22:34', '2019-04-26 22:22:35', NULL, 13, 539, 'Read'),
(1160, '2019-04-26 22:22:34', '2019-04-26 22:22:46', NULL, 12, 539, 'Read'),
(1161, '2019-04-26 22:22:34', NULL, NULL, 11, 539, 'Read'),
(1162, '2019-04-26 22:22:35', NULL, NULL, 10, 539, 'Read'),
(1163, '2019-04-26 22:22:35', NULL, NULL, 9, 539, 'Read'),
(1164, '2019-04-26 22:22:35', NULL, NULL, 8, 539, 'Read'),
(1165, '2019-04-26 22:22:35', NULL, NULL, 7, 539, 'Read'),
(1166, '2019-04-26 22:22:35', NULL, NULL, 6, 539, 'Read'),
(1167, '2019-04-26 22:22:35', NULL, NULL, 5, 539, 'Read'),
(1168, '2019-04-26 22:22:35', NULL, NULL, 4, 539, 'Read'),
(1169, '2019-04-26 22:22:35', NULL, NULL, 3, 539, 'Read'),
(1170, '2019-04-26 22:22:35', NULL, NULL, 2, 539, 'Read'),
(1171, '2019-04-26 22:22:35', NULL, NULL, 1, 539, 'Read'),
(1172, '2019-04-26 22:24:18', '2019-04-26 22:24:18', NULL, 13, 385, 'Read'),
(1173, '2019-04-26 22:24:18', '2019-04-26 22:24:26', NULL, 12, 385, 'Read'),
(1174, '2019-04-26 22:24:18', NULL, NULL, 11, 385, 'Read'),
(1175, '2019-04-26 22:24:18', NULL, NULL, 10, 385, 'Read'),
(1176, '2019-04-26 22:24:18', NULL, NULL, 9, 385, 'Read'),
(1177, '2019-04-26 22:24:18', NULL, NULL, 8, 385, 'Read'),
(1178, '2019-04-26 22:25:29', '2019-04-26 22:26:02', NULL, 13, 439, 'Read'),
(1179, '2019-04-26 22:25:29', '2019-04-26 22:26:21', NULL, 12, 439, 'Read'),
(1180, '2019-04-26 22:25:29', '2019-04-26 22:25:59', NULL, 11, 439, 'Read'),
(1181, '2019-04-26 22:25:29', '2019-04-26 22:25:56', NULL, 10, 439, 'Read'),
(1182, '2019-04-26 22:25:29', '2019-04-26 22:25:54', NULL, 9, 439, 'Read'),
(1183, '2019-04-26 22:25:29', '2019-04-26 22:25:52', NULL, 8, 439, 'Read'),
(1184, '2019-04-26 22:25:29', '2019-04-26 22:25:49', NULL, 7, 439, 'Read'),
(1185, '2019-04-26 22:25:29', '2019-04-26 22:25:47', NULL, 6, 439, 'Read'),
(1186, '2019-04-26 22:25:29', '2019-04-26 22:25:45', NULL, 5, 439, 'Read'),
(1187, '2019-04-26 22:25:29', '2019-04-26 22:25:42', NULL, 4, 439, 'Read'),
(1188, '2019-04-26 22:25:29', '2019-04-26 22:25:40', NULL, 3, 439, 'Read'),
(1189, '2019-04-26 22:25:29', '2019-04-26 22:25:39', NULL, 2, 439, 'Read'),
(1190, '2019-04-26 22:25:29', '2019-04-26 22:25:36', NULL, 1, 439, 'Read'),
(1191, '2019-04-26 22:25:39', '2019-04-26 22:25:41', NULL, 13, 389, 'Read'),
(1192, '2019-04-26 22:25:39', '2019-04-26 22:25:45', NULL, 12, 389, 'Read'),
(1193, '2019-04-26 22:25:39', NULL, NULL, 11, 389, 'Read'),
(1194, '2019-04-26 22:25:39', NULL, NULL, 10, 389, 'Read'),
(1195, '2019-04-26 22:25:39', NULL, NULL, 9, 389, 'Read'),
(1196, '2019-04-26 22:25:39', NULL, NULL, 8, 389, 'Read'),
(1197, '2019-04-26 22:25:39', NULL, NULL, 7, 389, 'Read'),
(1198, '2019-04-26 22:27:49', NULL, NULL, 13, 260, 'Read'),
(1199, '2019-04-26 22:27:49', NULL, NULL, 12, 260, 'Read'),
(1200, '2019-04-26 22:27:49', NULL, NULL, 11, 260, 'Read'),
(1201, '2019-04-26 22:27:49', NULL, NULL, 10, 260, 'Read'),
(1202, '2019-04-26 22:29:08', '2019-04-26 22:29:08', NULL, 13, 625, 'Read'),
(1203, '2019-04-26 22:29:08', NULL, NULL, 12, 625, 'Read'),
(1204, '2019-04-26 22:29:08', NULL, NULL, 11, 625, 'Read'),
(1205, '2019-04-26 22:29:08', NULL, NULL, 10, 625, 'Read'),
(1206, '2019-04-26 22:29:24', '2019-04-26 22:42:31', NULL, 13, 125, 'Read'),
(1207, '2019-04-26 22:29:24', '2019-04-26 22:43:44', NULL, 12, 125, 'Read'),
(1208, '2019-04-26 22:29:24', NULL, NULL, 11, 125, 'Read'),
(1209, '2019-04-26 22:29:24', NULL, NULL, 10, 125, 'Read'),
(1210, '2019-04-26 22:29:24', NULL, NULL, 9, 125, 'Read'),
(1211, '2019-04-26 22:29:24', NULL, NULL, 8, 125, 'Read'),
(1212, '2019-04-26 22:29:24', NULL, NULL, 7, 125, 'Read'),
(1213, '2019-04-26 22:29:24', NULL, NULL, 6, 125, 'Read'),
(1214, '2019-04-26 22:29:24', NULL, NULL, 5, 125, 'Read'),
(1215, '2019-04-26 22:29:24', NULL, NULL, 4, 125, 'Read'),
(1216, '2019-04-26 22:29:24', NULL, NULL, 3, 125, 'Read'),
(1217, '2019-04-26 22:29:24', NULL, NULL, 2, 125, 'Read'),
(1218, '2019-04-26 22:29:24', NULL, NULL, 1, 125, 'Read'),
(1219, '2019-04-26 22:33:41', '2019-04-27 00:54:31', NULL, 13, 350, 'Read'),
(1220, '2019-04-26 22:33:41', NULL, NULL, 12, 350, 'Read'),
(1221, '2019-04-26 22:33:41', NULL, NULL, 11, 350, 'Read'),
(1222, '2019-04-26 22:33:41', NULL, NULL, 10, 350, 'Read'),
(1223, '2019-04-26 22:34:46', NULL, NULL, 13, 317, 'Read'),
(1224, '2019-04-26 22:35:25', '2019-04-27 00:07:58', NULL, 13, 197, 'Read'),
(1225, '2019-04-26 22:35:25', '2019-04-26 22:35:38', NULL, 12, 197, 'Read'),
(1226, '2019-04-26 22:35:25', NULL, NULL, 11, 197, 'Read'),
(1227, '2019-04-26 22:35:42', '2019-04-26 22:35:43', NULL, 13, 512, 'Read'),
(1228, '2019-04-26 22:35:42', NULL, NULL, 12, 512, 'Read'),
(1229, '2019-04-26 22:35:42', NULL, NULL, 11, 512, 'Read'),
(1230, '2019-04-26 22:35:42', NULL, NULL, 10, 512, 'Read'),
(1231, '2019-04-26 22:35:42', NULL, NULL, 9, 512, 'Read'),
(1232, '2019-04-26 22:35:42', NULL, NULL, 8, 512, 'Read'),
(1233, '2019-04-26 22:35:42', NULL, NULL, 7, 512, 'Read'),
(1234, '2019-04-26 22:35:42', NULL, NULL, 6, 512, 'Read'),
(1235, '2019-04-26 22:36:07', '2019-04-27 07:28:15', NULL, 13, 275, 'Read'),
(1236, '2019-04-26 22:36:07', NULL, NULL, 12, 275, 'Read'),
(1237, '2019-04-26 22:36:07', NULL, NULL, 11, 275, 'Read'),
(1238, '2019-04-26 22:36:07', NULL, NULL, 10, 275, 'Read'),
(1239, '2019-04-26 22:36:07', NULL, NULL, 9, 275, 'Read'),
(1240, '2019-04-26 22:36:07', NULL, NULL, 8, 275, 'Read'),
(1241, '2019-04-26 22:36:07', NULL, NULL, 7, 275, 'Read'),
(1242, '2019-04-26 22:36:07', NULL, NULL, 6, 275, 'Read'),
(1243, '2019-04-26 22:36:07', NULL, NULL, 5, 275, 'Read'),
(1244, '2019-04-26 22:41:38', NULL, NULL, 10, 347, 'Read'),
(1245, '2019-04-26 22:41:39', NULL, NULL, 12, 347, 'Read'),
(1246, '2019-04-26 22:41:42', '2019-04-26 22:41:42', NULL, 13, 501, 'Read'),
(1247, '2019-04-26 22:41:42', NULL, NULL, 12, 501, 'Read'),
(1248, '2019-04-26 22:41:42', '2019-04-26 22:41:49', NULL, 11, 501, 'Read'),
(1249, '2019-04-26 22:41:42', NULL, NULL, 10, 501, 'Read'),
(1250, '2019-04-26 22:41:42', NULL, NULL, 9, 501, 'Read'),
(1251, '2019-04-26 22:41:42', NULL, NULL, 8, 501, 'Read'),
(1252, '2019-04-26 22:41:42', NULL, NULL, 7, 501, 'Read'),
(1253, '2019-04-26 22:41:42', NULL, NULL, 6, 501, 'Read'),
(1254, '2019-04-26 22:41:42', NULL, NULL, 5, 501, 'Read'),
(1255, '2019-04-26 22:41:42', NULL, NULL, 4, 501, 'Read'),
(1256, '2019-04-26 22:41:42', NULL, NULL, 3, 501, 'Read'),
(1257, '2019-04-26 22:41:42', NULL, NULL, 2, 501, 'Read'),
(1258, '2019-04-26 22:41:42', NULL, NULL, 1, 501, 'Read'),
(1259, '2019-04-26 22:44:19', NULL, NULL, 13, 1, 'Read'),
(1260, '2019-04-26 22:44:19', NULL, NULL, 12, 1, 'Read'),
(1261, '2019-04-26 22:44:19', NULL, NULL, 11, 1, 'Read'),
(1262, '2019-04-26 22:49:59', '2019-04-26 22:49:59', NULL, 13, 175, 'Read'),
(1263, '2019-04-26 22:49:59', '2019-04-26 22:50:07', NULL, 12, 175, 'Read'),
(1264, '2019-04-26 22:51:15', '2019-04-26 22:51:31', NULL, 13, 181, 'Read'),
(1265, '2019-04-26 22:51:15', '2019-04-26 22:51:20', NULL, 12, 181, 'Read'),
(1266, '2019-04-26 22:51:15', NULL, NULL, 11, 181, 'Read'),
(1267, '2019-04-26 22:51:15', NULL, NULL, 10, 181, 'Read'),
(1268, '2019-04-26 22:51:15', NULL, NULL, 9, 181, 'Read'),
(1269, '2019-04-26 22:53:09', NULL, NULL, 13, 606, 'Read'),
(1270, '2019-04-26 22:53:09', '2019-04-26 22:53:18', NULL, 12, 606, 'Read'),
(1271, '2019-04-26 22:56:35', '2019-04-26 22:56:41', NULL, 13, 325, 'Read'),
(1272, '2019-04-26 22:56:35', '2019-04-26 22:56:43', NULL, 12, 325, 'Read'),
(1273, '2019-04-26 22:56:35', '2019-04-26 22:56:48', NULL, 11, 325, 'Read'),
(1274, '2019-04-26 22:56:35', '2019-04-26 22:56:51', NULL, 10, 325, 'Read'),
(1275, '2019-04-26 22:56:35', '2019-04-26 22:56:54', NULL, 9, 325, 'Read'),
(1276, '2019-04-26 22:56:35', '2019-04-26 22:56:56', NULL, 8, 325, 'Read'),
(1277, '2019-04-26 22:56:35', '2019-04-26 22:56:59', NULL, 7, 325, 'Read'),
(1278, '2019-04-26 22:56:35', '2019-04-26 22:57:01', NULL, 6, 325, 'Read'),
(1279, '2019-04-26 22:56:35', '2019-04-26 22:57:04', NULL, 5, 325, 'Read'),
(1280, '2019-04-26 22:56:35', '2019-04-26 22:57:06', NULL, 4, 325, 'Read'),
(1281, '2019-04-26 22:56:35', '2019-04-26 22:57:09', NULL, 3, 325, 'Read'),
(1282, '2019-04-26 22:56:35', '2019-04-26 22:57:10', NULL, 2, 325, 'Read'),
(1283, '2019-04-26 22:56:35', '2019-04-26 22:57:12', NULL, 1, 325, 'Read'),
(1284, '2019-04-26 22:59:05', '2019-04-27 09:01:55', NULL, 13, 65, 'Read'),
(1285, '2019-04-26 22:59:05', NULL, NULL, 12, 65, 'Read'),
(1286, '2019-04-26 22:59:05', NULL, NULL, 11, 65, 'Read'),
(1287, '2019-04-26 22:59:05', NULL, NULL, 10, 65, 'Read'),
(1288, '2019-04-26 22:59:05', NULL, NULL, 9, 65, 'Read'),
(1289, '2019-04-26 23:05:18', '2019-04-26 23:05:18', NULL, 13, 548, 'Read'),
(1290, '2019-04-26 23:05:18', NULL, NULL, 12, 548, 'Read'),
(1291, '2019-04-26 23:05:18', NULL, NULL, 11, 548, 'Read'),
(1292, '2019-04-26 23:05:18', '2019-04-26 23:05:29', NULL, 10, 548, 'Read'),
(1293, '2019-04-26 23:13:44', '2019-04-26 23:13:44', NULL, 13, 14, 'Read'),
(1294, '2019-04-26 23:13:44', NULL, NULL, 12, 14, 'Read'),
(1295, '2019-04-26 23:13:44', NULL, NULL, 11, 14, 'Read'),
(1296, '2019-04-26 23:13:44', NULL, NULL, 10, 14, 'Read'),
(1297, '2019-04-26 23:13:44', NULL, NULL, 9, 14, 'Read'),
(1298, '2019-04-26 23:13:44', NULL, NULL, 8, 14, 'Read'),
(1299, '2019-04-26 23:13:44', NULL, NULL, 7, 14, 'Read'),
(1300, '2019-04-26 23:13:44', NULL, NULL, 6, 14, 'Read'),
(1301, '2019-04-26 23:16:39', '2019-04-26 23:16:41', NULL, 13, 563, 'Read'),
(1302, '2019-04-26 23:16:39', '2019-04-26 23:16:47', NULL, 12, 563, 'Read'),
(1303, '2019-04-26 23:16:39', NULL, NULL, 11, 563, 'Read'),
(1304, '2019-04-26 23:16:39', NULL, NULL, 10, 563, 'Read'),
(1305, '2019-04-26 23:17:00', '2019-04-26 23:17:03', NULL, 13, 18, 'Read'),
(1306, '2019-04-26 23:17:00', NULL, NULL, 12, 18, 'Read'),
(1307, '2019-04-26 23:17:00', NULL, NULL, 11, 18, 'Read'),
(1308, '2019-04-26 23:17:00', NULL, NULL, 10, 18, 'Read'),
(1309, '2019-04-26 23:17:00', NULL, NULL, 9, 18, 'Read'),
(1310, '2019-04-26 23:17:00', NULL, NULL, 8, 18, 'Read'),
(1311, '2019-04-26 23:17:00', NULL, NULL, 7, 18, 'Read'),
(1312, '2019-04-26 23:17:00', NULL, NULL, 6, 18, 'Read'),
(1313, '2019-04-26 23:17:35', NULL, NULL, 12, 11, 'Read'),
(1314, '2019-04-26 23:51:48', NULL, NULL, 13, 505, 'Read'),
(1315, '2019-04-26 23:51:48', NULL, NULL, 13, 505, 'Read'),
(1316, '2019-04-26 23:51:48', NULL, NULL, 12, 505, 'Read'),
(1317, '2019-04-26 23:51:48', NULL, NULL, 11, 505, 'Read'),
(1318, '2019-04-26 23:51:48', NULL, NULL, 10, 505, 'Read'),
(1319, '2019-04-26 23:51:48', NULL, NULL, 9, 505, 'Read'),
(1320, '2019-04-27 00:09:17', NULL, NULL, 13, 72, 'Read'),
(1321, '2019-04-27 00:09:17', NULL, NULL, 12, 72, 'Read'),
(1322, '2019-04-27 00:09:17', NULL, NULL, 11, 72, 'Read'),
(1323, '2019-04-27 00:09:17', NULL, NULL, 10, 72, 'Read'),
(1324, '2019-04-27 00:09:17', NULL, NULL, 9, 72, 'Read'),
(1325, '2019-04-27 00:09:17', NULL, NULL, 8, 72, 'Read'),
(1326, '2019-04-27 00:09:17', NULL, NULL, 7, 72, 'Read'),
(1327, '2019-04-27 00:09:17', '2019-04-27 00:09:25', NULL, 6, 72, 'Read'),
(1328, '2019-04-27 00:35:33', '2019-04-27 00:35:33', NULL, 13, 315, 'Read'),
(1329, '2019-04-27 00:35:33', NULL, NULL, 12, 315, 'Read'),
(1330, '2019-04-27 00:35:33', NULL, NULL, 11, 315, 'Read'),
(1331, '2019-04-27 00:35:33', NULL, NULL, 10, 315, 'Read'),
(1332, '2019-04-27 00:35:33', NULL, NULL, 9, 315, 'Read'),
(1333, '2019-04-27 00:35:33', NULL, NULL, 8, 315, 'Read'),
(1334, '2019-04-27 00:35:33', NULL, NULL, 7, 315, 'Read'),
(1335, '2019-04-27 00:35:33', NULL, NULL, 6, 315, 'Read'),
(1336, '2019-04-27 00:35:33', NULL, NULL, 5, 315, 'Read'),
(1337, '2019-04-27 00:35:33', NULL, NULL, 4, 315, 'Read'),
(1338, '2019-04-27 00:35:33', NULL, NULL, 3, 315, 'Read'),
(1339, '2019-04-27 00:35:33', NULL, NULL, 2, 315, 'Read'),
(1340, '2019-04-27 00:35:33', NULL, NULL, 1, 315, 'Read'),
(1341, '2019-04-27 00:35:56', '2019-04-27 00:36:16', NULL, 13, 119, 'Read'),
(1342, '2019-04-27 00:35:56', '2019-04-27 00:35:59', NULL, 12, 119, 'Read'),
(1343, '2019-04-27 00:35:56', NULL, NULL, 11, 119, 'Read'),
(1344, '2019-04-27 00:35:56', NULL, NULL, 10, 119, 'Read'),
(1345, '2019-04-27 00:35:56', NULL, NULL, 9, 119, 'Read'),
(1346, '2019-04-27 00:35:56', NULL, NULL, 8, 119, 'Read'),
(1347, '2019-04-27 00:35:56', NULL, NULL, 7, 119, 'Read'),
(1348, '2019-04-27 00:35:56', NULL, NULL, 6, 119, 'Read'),
(1349, '2019-04-27 00:35:56', NULL, NULL, 5, 119, 'Read'),
(1350, '2019-04-27 00:35:56', NULL, NULL, 4, 119, 'Read'),
(1351, '2019-04-27 00:35:56', NULL, NULL, 3, 119, 'Read'),
(1352, '2019-04-27 00:35:56', NULL, NULL, 2, 119, 'Read'),
(1353, '2019-04-27 00:51:58', '2019-04-27 00:52:01', NULL, 13, 291, 'Read'),
(1354, '2019-04-27 00:51:58', '2019-04-27 00:52:29', NULL, 12, 291, 'Read'),
(1355, '2019-04-27 00:51:58', '2019-04-27 00:52:35', NULL, 11, 291, 'Read'),
(1356, '2019-04-27 00:51:58', NULL, NULL, 10, 291, 'Read'),
(1357, '2019-04-27 00:51:58', NULL, NULL, 9, 291, 'Read'),
(1358, '2019-04-27 00:51:58', NULL, NULL, 8, 291, 'Read'),
(1359, '2019-04-27 00:51:58', NULL, NULL, 7, 291, 'Read'),
(1360, '2019-04-27 00:51:58', NULL, NULL, 6, 291, 'Read'),
(1361, '2019-04-27 00:51:58', NULL, NULL, 5, 291, 'Read'),
(1362, '2019-04-27 00:51:58', NULL, NULL, 4, 291, 'Read'),
(1363, '2019-04-27 00:51:58', NULL, NULL, 3, 291, 'Read'),
(1364, '2019-04-27 00:51:58', NULL, NULL, 2, 291, 'Read'),
(1365, '2019-04-27 00:51:58', '2019-04-27 00:52:40', NULL, 1, 291, 'Read'),
(1366, '2019-04-27 01:05:09', NULL, NULL, 13, 92, 'Read'),
(1367, '2019-04-27 01:05:09', NULL, NULL, 12, 92, 'Read'),
(1368, '2019-04-27 01:05:09', NULL, NULL, 11, 92, 'Read'),
(1369, '2019-04-27 01:05:09', NULL, NULL, 10, 92, 'Read'),
(1370, '2019-04-27 01:05:09', NULL, NULL, 9, 92, 'Read'),
(1371, '2019-04-27 01:05:09', NULL, NULL, 8, 92, 'Read'),
(1372, '2019-04-27 01:05:09', NULL, NULL, 7, 92, 'Read'),
(1373, '2019-04-27 01:05:09', NULL, NULL, 6, 92, 'Read'),
(1374, '2019-04-27 01:05:09', NULL, NULL, 5, 92, 'Read'),
(1375, '2019-04-27 01:05:09', NULL, NULL, 4, 92, 'Read'),
(1376, '2019-04-27 01:05:09', NULL, NULL, 3, 92, 'Read'),
(1377, '2019-04-27 01:05:09', NULL, NULL, 2, 92, 'Read'),
(1378, '2019-04-27 01:05:09', NULL, NULL, 1, 92, 'Read'),
(1379, '2019-04-27 01:08:36', '2019-04-27 01:08:38', NULL, 13, 201, 'Read'),
(1380, '2019-04-27 01:08:36', '2019-04-27 01:09:08', NULL, 12, 201, 'Read'),
(1381, '2019-04-27 01:08:37', '2019-04-27 01:09:12', NULL, 11, 201, 'Read'),
(1382, '2019-04-27 01:08:37', '2019-04-27 01:09:15', NULL, 10, 201, 'Read'),
(1383, '2019-04-27 01:34:11', '2019-04-27 01:34:14', NULL, 13, 202, 'Read'),
(1384, '2019-04-27 01:34:11', '2019-04-27 01:34:18', NULL, 12, 202, 'Read'),
(1385, '2019-04-27 01:34:11', NULL, NULL, 11, 202, 'Read'),
(1386, '2019-04-27 01:34:11', NULL, NULL, 10, 202, 'Read'),
(1387, '2019-04-27 01:39:04', '2019-04-27 01:39:10', NULL, 13, 69, 'Read'),
(1388, '2019-04-27 01:39:04', '2019-04-27 01:39:04', NULL, 12, 69, 'Read'),
(1389, '2019-04-27 01:39:04', NULL, NULL, 11, 69, 'Read'),
(1390, '2019-04-27 01:39:04', NULL, NULL, 10, 69, 'Read'),
(1391, '2019-04-27 01:49:33', '2019-04-27 08:55:02', NULL, 13, 281, 'Read'),
(1392, '2019-04-27 01:49:33', '2019-04-27 08:54:53', NULL, 12, 281, 'Read'),
(1393, '2019-04-27 01:49:33', NULL, NULL, 11, 281, 'Read'),
(1394, '2019-04-27 01:49:33', NULL, NULL, 10, 281, 'Read'),
(1395, '2019-04-27 01:49:33', NULL, NULL, 9, 281, 'Read'),
(1396, '2019-04-27 01:49:33', NULL, NULL, 8, 281, 'Read'),
(1397, '2019-04-27 01:49:33', NULL, NULL, 7, 281, 'Read'),
(1398, '2019-04-27 01:49:33', NULL, NULL, 6, 281, 'Read'),
(1399, '2019-04-27 01:49:33', NULL, NULL, 5, 281, 'Read'),
(1400, '2019-04-27 01:49:33', NULL, NULL, 4, 281, 'Read'),
(1401, '2019-04-27 01:49:33', NULL, NULL, 3, 281, 'Read'),
(1402, '2019-04-27 01:49:33', NULL, NULL, 2, 281, 'Read'),
(1403, '2019-04-27 01:49:33', NULL, NULL, 1, 281, 'Read'),
(1404, '2019-04-27 02:04:27', '2019-04-27 02:04:31', NULL, 13, 433, 'Read'),
(1405, '2019-04-27 02:04:27', '2019-04-27 02:04:36', NULL, 12, 433, 'Read'),
(1406, '2019-04-27 02:04:27', '2019-04-27 02:04:43', NULL, 11, 433, 'Read'),
(1407, '2019-04-27 02:04:27', NULL, NULL, 10, 433, 'Read'),
(1408, '2019-04-27 02:04:27', NULL, NULL, 9, 433, 'Read'),
(1409, '2019-04-27 02:04:27', NULL, NULL, 8, 433, 'Read'),
(1410, '2019-04-27 02:04:27', NULL, NULL, 7, 433, 'Read'),
(1411, '2019-04-27 02:04:27', NULL, NULL, 6, 433, 'Read'),
(1412, '2019-04-27 02:04:28', NULL, NULL, 5, 433, 'Read'),
(1413, '2019-04-27 02:04:28', NULL, NULL, 4, 433, 'Read'),
(1414, '2019-04-27 02:04:28', NULL, NULL, 3, 433, 'Read'),
(1415, '2019-04-27 02:04:28', NULL, NULL, 2, 433, 'Read'),
(1416, '2019-04-27 02:04:28', NULL, NULL, 1, 433, 'Read'),
(1417, '2019-04-27 02:37:36', '2019-04-27 02:40:38', NULL, 13, 598, 'Read'),
(1418, '2019-04-27 02:37:36', '2019-04-27 02:37:42', NULL, 12, 598, 'Read'),
(1419, '2019-04-27 02:37:36', '2019-04-27 02:38:51', NULL, 11, 598, 'Read'),
(1420, '2019-04-27 02:37:36', '2019-04-27 02:38:48', NULL, 10, 598, 'Read'),
(1421, '2019-04-27 02:37:36', '2019-04-27 02:38:46', NULL, 9, 598, 'Read'),
(1422, '2019-04-27 02:37:36', '2019-04-27 02:38:38', NULL, 8, 598, 'Read'),
(1423, '2019-04-27 02:37:36', '2019-04-27 02:38:27', NULL, 6, 598, 'Read'),
(1424, '2019-04-27 02:37:36', '2019-04-27 02:38:24', NULL, 5, 598, 'Read'),
(1425, '2019-04-27 02:37:36', '2019-04-27 02:38:19', NULL, 4, 598, 'Read'),
(1426, '2019-04-27 02:37:36', '2019-04-27 02:38:14', NULL, 3, 598, 'Read'),
(1427, '2019-04-27 02:37:36', '2019-04-27 02:38:08', NULL, 2, 598, 'Read'),
(1428, '2019-04-27 02:37:36', '2019-04-27 02:38:00', NULL, 1, 598, 'Read'),
(1429, '2019-04-27 03:39:07', '2019-04-27 03:39:07', NULL, 13, 360, 'Read'),
(1430, '2019-04-27 03:39:07', NULL, NULL, 12, 360, 'Read'),
(1431, '2019-04-27 03:39:07', NULL, NULL, 11, 360, 'Read'),
(1432, '2019-04-27 03:39:07', NULL, NULL, 10, 360, 'Read'),
(1433, '2019-04-27 03:39:07', NULL, NULL, 9, 360, 'Read'),
(1434, '2019-04-27 03:39:07', NULL, NULL, 8, 360, 'Read'),
(1435, '2019-04-27 03:39:07', NULL, NULL, 7, 360, 'Read'),
(1436, '2019-04-27 03:39:07', NULL, NULL, 6, 360, 'Read'),
(1437, '2019-04-27 03:39:07', NULL, NULL, 5, 360, 'Read'),
(1438, '2019-04-27 03:39:07', NULL, NULL, 4, 360, 'Read'),
(1439, '2019-04-27 03:39:07', NULL, NULL, 3, 360, 'Read'),
(1440, '2019-04-27 03:39:07', NULL, NULL, 2, 360, 'Read'),
(1441, '2019-04-27 03:39:07', NULL, NULL, 1, 360, 'Read'),
(1442, '2019-04-27 04:29:24', '2019-04-27 04:29:30', NULL, 13, 271, 'Read'),
(1443, '2019-04-27 04:29:24', NULL, NULL, 12, 271, 'Read'),
(1444, '2019-04-27 04:29:24', NULL, NULL, 11, 271, 'Read'),
(1445, '2019-04-27 04:29:24', NULL, NULL, 10, 271, 'Read'),
(1446, '2019-04-27 04:29:24', NULL, NULL, 9, 271, 'Read'),
(1447, '2019-04-27 04:29:24', NULL, NULL, 8, 271, 'Read'),
(1448, '2019-04-27 04:29:24', NULL, NULL, 7, 271, 'Read'),
(1449, '2019-04-27 04:29:24', NULL, NULL, 6, 271, 'Read'),
(1450, '2019-04-27 04:29:24', NULL, NULL, 5, 271, 'Read'),
(1451, '2019-04-27 04:29:24', NULL, NULL, 4, 271, 'Read'),
(1452, '2019-04-27 04:29:24', NULL, NULL, 3, 271, 'Read'),
(1453, '2019-04-27 04:29:24', NULL, NULL, 2, 271, 'Read'),
(1454, '2019-04-27 04:29:24', NULL, NULL, 1, 271, 'Read'),
(1455, '2019-04-27 05:00:05', '2019-04-27 05:02:13', NULL, 14, 8, 'Read'),
(1456, '2019-04-27 05:00:05', NULL, NULL, 13, 8, 'Read'),
(1457, '2019-04-27 05:00:05', NULL, NULL, 12, 8, 'Read'),
(1458, '2019-04-27 05:00:06', NULL, NULL, 11, 8, 'Read'),
(1459, '2019-04-27 05:00:06', NULL, NULL, 10, 8, 'Read'),
(1460, '2019-04-27 05:00:06', NULL, NULL, 9, 8, 'Read'),
(1461, '2019-04-27 05:00:06', NULL, NULL, 8, 8, 'Read'),
(1462, '2019-04-27 05:00:06', NULL, NULL, 7, 8, 'Read'),
(1463, '2019-04-27 05:00:10', '2019-04-27 05:04:30', NULL, 14, 471, 'Read'),
(1464, '2019-04-27 05:00:10', NULL, NULL, 13, 471, 'Read'),
(1465, '2019-04-27 05:00:10', NULL, NULL, 12, 471, 'Read'),
(1466, '2019-04-27 05:00:10', NULL, NULL, 11, 471, 'Read'),
(1467, '2019-04-27 05:00:10', NULL, NULL, 10, 471, 'Read'),
(1468, '2019-04-27 05:00:10', '2019-04-27 05:00:11', NULL, 14, 297, 'Read'),
(1469, '2019-04-27 05:00:10', NULL, NULL, 13, 297, 'Read'),
(1470, '2019-04-27 05:00:10', NULL, NULL, 12, 297, 'Read'),
(1471, '2019-04-27 05:00:11', NULL, NULL, 11, 297, 'Read'),
(1472, '2019-04-27 05:00:11', NULL, NULL, 10, 297, 'Read'),
(1473, '2019-04-27 05:00:11', NULL, NULL, 9, 297, 'Read'),
(1474, '2019-04-27 05:00:11', NULL, NULL, 8, 297, 'Read'),
(1475, '2019-04-27 05:00:11', NULL, NULL, 7, 297, 'Read'),
(1476, '2019-04-27 05:00:11', NULL, NULL, 6, 297, 'Read'),
(1477, '2019-04-27 05:00:11', NULL, NULL, 5, 297, 'Read'),
(1478, '2019-04-27 05:00:11', NULL, NULL, 4, 297, 'Read'),
(1479, '2019-04-27 05:00:11', NULL, NULL, 3, 297, 'Read'),
(1480, '2019-04-27 05:00:11', NULL, NULL, 2, 297, 'Read'),
(1481, '2019-04-27 05:00:11', NULL, NULL, 1, 297, 'Read'),
(1482, '2019-04-27 05:00:11', '2019-04-27 05:00:12', NULL, 14, 621, 'Read'),
(1483, '2019-04-27 05:00:11', '2019-04-27 05:00:11', NULL, 14, 127, 'Read'),
(1484, '2019-04-27 05:00:11', NULL, NULL, 13, 127, 'Read'),
(1485, '2019-04-27 05:00:11', NULL, NULL, 13, 621, 'Read'),
(1486, '2019-04-27 05:00:11', NULL, NULL, 12, 621, 'Read'),
(1487, '2019-04-27 05:00:11', NULL, NULL, 12, 127, 'Read'),
(1488, '2019-04-27 05:00:11', NULL, NULL, 11, 621, 'Read'),
(1489, '2019-04-27 05:00:11', NULL, NULL, 11, 127, 'Read'),
(1490, '2019-04-27 05:00:11', NULL, NULL, 10, 621, 'Read'),
(1491, '2019-04-27 05:00:11', NULL, NULL, 10, 127, 'Read'),
(1492, '2019-04-27 05:00:11', NULL, NULL, 9, 127, 'Read'),
(1493, '2019-04-27 05:00:11', NULL, NULL, 8, 127, 'Read'),
(1494, '2019-04-27 05:00:12', '2019-04-27 05:00:13', NULL, 14, 512, 'Read'),
(1495, '2019-04-27 05:00:12', '2019-04-27 05:00:16', NULL, 14, 614, 'Read'),
(1496, '2019-04-27 05:00:12', NULL, NULL, 13, 614, 'Read'),
(1497, '2019-04-27 05:00:12', NULL, NULL, 12, 614, 'Read'),
(1498, '2019-04-27 05:00:12', NULL, NULL, 11, 614, 'Read'),
(1499, '2019-04-27 05:00:12', NULL, NULL, 10, 614, 'Read'),
(1500, '2019-04-27 05:00:13', '2019-04-27 05:30:35', NULL, 14, 606, 'Read'),
(1501, '2019-04-27 05:00:13', NULL, NULL, 14, 606, 'Read'),
(1502, '2019-04-27 05:00:13', '2019-04-27 05:00:13', NULL, 14, 478, 'Read'),
(1503, '2019-04-27 05:00:13', NULL, NULL, 13, 478, 'Read'),
(1504, '2019-04-27 05:00:13', NULL, NULL, 12, 478, 'Read'),
(1505, '2019-04-27 05:00:13', NULL, NULL, 11, 478, 'Read'),
(1506, '2019-04-27 05:00:13', NULL, NULL, 14, 2, 'Read'),
(1507, '2019-04-27 05:00:15', NULL, NULL, 14, 260, 'Read'),
(1508, '2019-04-27 05:00:16', '2019-04-27 05:00:17', NULL, 14, 344, 'Read'),
(1509, '2019-04-27 05:00:17', NULL, NULL, 13, 344, 'Read'),
(1510, '2019-04-27 05:00:17', NULL, NULL, 12, 344, 'Read'),
(1511, '2019-04-27 05:00:17', '2019-04-27 05:00:52', NULL, 11, 344, 'Read'),
(1512, '2019-04-27 05:00:21', '2019-04-27 05:00:21', NULL, 14, 73, 'Read'),
(1513, '2019-04-27 05:00:35', NULL, NULL, 14, 523, 'Read'),
(1514, '2019-04-27 05:00:35', NULL, NULL, 13, 523, 'Read'),
(1515, '2019-04-27 05:01:02', '2019-04-27 05:01:02', NULL, 14, 218, 'Read'),
(1516, '2019-04-27 05:01:02', NULL, NULL, 13, 218, 'Read'),
(1517, '2019-04-27 05:01:02', '2019-04-27 05:01:09', NULL, 12, 218, 'Read'),
(1518, '2019-04-27 05:01:02', NULL, NULL, 11, 218, 'Read'),
(1519, '2019-04-27 05:01:02', NULL, NULL, 10, 218, 'Read'),
(1520, '2019-04-27 05:01:02', NULL, NULL, 9, 218, 'Read'),
(1521, '2019-04-27 05:01:02', NULL, NULL, 8, 218, 'Read'),
(1522, '2019-04-27 05:01:02', NULL, NULL, 7, 218, 'Read'),
(1523, '2019-04-27 05:01:41', '2019-04-27 05:14:51', NULL, 14, 147, 'Read'),
(1524, '2019-04-27 05:01:41', NULL, NULL, 13, 147, 'Read'),
(1525, '2019-04-27 05:01:41', NULL, NULL, 12, 147, 'Read'),
(1526, '2019-04-27 05:01:41', NULL, NULL, 11, 147, 'Read'),
(1527, '2019-04-27 05:01:41', NULL, NULL, 10, 147, 'Read'),
(1528, '2019-04-27 05:01:44', '2019-04-27 05:01:57', NULL, 14, 437, 'Read'),
(1529, '2019-04-27 05:01:44', '2019-04-27 05:01:53', NULL, 13, 437, 'Read'),
(1530, '2019-04-27 05:01:44', '2019-04-27 05:01:47', NULL, 12, 437, 'Read'),
(1531, '2019-04-27 05:01:44', NULL, NULL, 11, 437, 'Read'),
(1532, '2019-04-27 05:01:44', NULL, NULL, 10, 437, 'Read'),
(1533, '2019-04-27 05:01:54', '2019-04-27 05:01:54', NULL, 14, 292, 'Read'),
(1534, '2019-04-27 05:01:54', NULL, NULL, 13, 292, 'Read'),
(1535, '2019-04-27 05:01:54', NULL, NULL, 12, 292, 'Read'),
(1536, '2019-04-27 05:01:54', NULL, NULL, 11, 292, 'Read'),
(1537, '2019-04-27 05:01:54', NULL, NULL, 10, 292, 'Read'),
(1538, '2019-04-27 05:03:10', NULL, NULL, 14, 9, 'Read'),
(1539, '2019-04-27 05:03:10', NULL, NULL, 13, 9, 'Read'),
(1540, '2019-04-27 05:03:10', NULL, NULL, 12, 9, 'Read'),
(1541, '2019-04-27 05:03:10', NULL, NULL, 11, 9, 'Read'),
(1542, '2019-04-27 05:03:10', NULL, NULL, 10, 9, 'Read'),
(1543, '2019-04-27 05:03:13', NULL, NULL, 14, 598, 'Read'),
(1544, '2019-04-27 05:04:41', '2019-04-27 05:04:50', NULL, 14, 198, 'Read'),
(1545, '2019-04-27 05:04:41', NULL, NULL, 13, 198, 'Read'),
(1546, '2019-04-27 05:04:41', NULL, NULL, 12, 198, 'Read'),
(1547, '2019-04-27 05:04:41', NULL, NULL, 11, 198, 'Read'),
(1548, '2019-04-27 05:04:41', NULL, NULL, 10, 198, 'Read'),
(1549, '2019-04-27 05:04:41', NULL, NULL, 9, 198, 'Read'),
(1550, '2019-04-27 05:04:41', NULL, NULL, 8, 198, 'Read'),
(1551, '2019-04-27 05:06:56', '2019-04-27 05:07:11', NULL, 14, 172, 'Read'),
(1552, '2019-04-27 05:10:30', '2019-04-27 05:10:30', NULL, 14, 602, 'Read'),
(1553, '2019-04-27 05:19:27', '2019-04-27 05:19:27', NULL, 14, 355, 'Read'),
(1554, '2019-04-27 05:19:27', NULL, NULL, 13, 355, 'Read'),
(1555, '2019-04-27 05:19:27', '2019-04-27 05:19:35', NULL, 12, 355, 'Read'),
(1556, '2019-04-27 05:19:27', NULL, NULL, 11, 355, 'Read'),
(1557, '2019-04-27 05:19:27', NULL, NULL, 10, 355, 'Read'),
(1558, '2019-04-27 05:19:27', NULL, NULL, 9, 355, 'Read'),
(1559, '2019-04-27 05:19:27', NULL, NULL, 8, 355, 'Read'),
(1560, '2019-04-27 05:19:27', NULL, NULL, 7, 355, 'Read'),
(1561, '2019-04-27 05:20:51', NULL, NULL, 14, 379, 'Read'),
(1562, '2019-04-27 05:20:51', NULL, NULL, 13, 379, 'Read'),
(1563, '2019-04-27 05:20:51', NULL, NULL, 12, 379, 'Read'),
(1564, '2019-04-27 05:20:51', NULL, NULL, 11, 379, 'Read'),
(1565, '2019-04-27 05:20:51', NULL, NULL, 10, 379, 'Read'),
(1566, '2019-04-27 05:20:51', NULL, NULL, 9, 379, 'Read'),
(1567, '2019-04-27 05:20:51', NULL, NULL, 8, 379, 'Read'),
(1568, '2019-04-27 05:20:51', NULL, NULL, 7, 379, 'Read'),
(1569, '2019-04-27 05:20:51', NULL, NULL, 6, 379, 'Read'),
(1570, '2019-04-27 05:20:51', NULL, NULL, 5, 379, 'Read'),
(1571, '2019-04-27 05:20:51', NULL, NULL, 4, 379, 'Read'),
(1572, '2019-04-27 05:20:51', NULL, NULL, 3, 379, 'Read'),
(1573, '2019-04-27 05:20:51', NULL, NULL, 2, 379, 'Read'),
(1574, '2019-04-27 05:20:51', NULL, NULL, 1, 379, 'Read'),
(1575, '2019-04-27 05:21:12', '2019-04-27 05:21:57', NULL, 14, 548, 'Read'),
(1576, '2019-04-27 05:30:52', '2019-04-27 05:30:56', NULL, 14, 630, 'Read'),
(1577, '2019-04-27 05:30:52', NULL, NULL, 13, 630, 'Read'),
(1578, '2019-04-27 05:30:52', '2019-04-27 11:18:17', NULL, 12, 630, 'Read'),
(1579, '2019-04-27 05:30:52', NULL, NULL, 11, 630, 'Read'),
(1580, '2019-04-27 05:30:52', NULL, NULL, 10, 630, 'Read'),
(1581, '2019-04-27 05:30:52', NULL, NULL, 9, 630, 'Read'),
(1582, '2019-04-27 05:30:52', NULL, NULL, 8, 630, 'Read'),
(1583, '2019-04-27 05:30:52', NULL, NULL, 7, 630, 'Read'),
(1584, '2019-04-27 05:30:52', NULL, NULL, 6, 630, 'Read'),
(1585, '2019-04-27 05:30:52', NULL, NULL, 5, 630, 'Read'),
(1586, '2019-04-27 05:30:52', NULL, NULL, 4, 630, 'Read'),
(1587, '2019-04-27 05:30:52', NULL, NULL, 3, 630, 'Read'),
(1588, '2019-04-27 05:30:52', NULL, NULL, 2, 630, 'Read'),
(1589, '2019-04-27 05:30:52', NULL, NULL, 1, 630, 'Read'),
(1590, '2019-04-27 05:32:49', '2019-04-27 05:32:55', NULL, 14, 18, 'Read'),
(1591, '2019-04-27 05:39:02', '2019-04-27 05:39:09', NULL, 14, 429, 'Read'),
(1592, '2019-04-27 05:39:02', NULL, NULL, 13, 429, 'Read'),
(1593, '2019-04-27 05:39:02', NULL, NULL, 12, 429, 'Read'),
(1594, '2019-04-27 05:39:02', NULL, NULL, 11, 429, 'Read'),
(1595, '2019-04-27 05:39:02', NULL, NULL, 10, 429, 'Read'),
(1596, '2019-04-27 05:40:24', '2019-04-27 05:40:25', NULL, 14, 634, 'Read'),
(1597, '2019-04-27 05:40:24', NULL, NULL, 13, 634, 'Read'),
(1598, '2019-04-27 05:40:24', NULL, NULL, 12, 634, 'Read'),
(1599, '2019-04-27 05:40:24', NULL, NULL, 11, 634, 'Read'),
(1600, '2019-04-27 05:44:06', '2019-04-27 05:44:08', NULL, 14, 563, 'Read'),
(1601, '2019-04-27 05:45:22', '2019-04-27 05:45:32', NULL, 14, 619, 'Read'),
(1602, '2019-04-27 05:45:22', NULL, NULL, 13, 619, 'Read'),
(1603, '2019-04-27 05:45:22', NULL, NULL, 12, 619, 'Read'),
(1604, '2019-04-27 05:45:22', NULL, NULL, 11, 619, 'Read'),
(1605, '2019-04-27 05:45:22', NULL, NULL, 10, 619, 'Read'),
(1606, '2019-04-27 05:45:22', NULL, NULL, 9, 619, 'Read'),
(1607, '2019-04-27 05:45:22', NULL, NULL, 8, 619, 'Read'),
(1608, '2019-04-27 05:45:22', NULL, NULL, 7, 619, 'Read'),
(1609, '2019-04-27 05:45:22', NULL, NULL, 6, 619, 'Read'),
(1610, '2019-04-27 05:45:22', NULL, NULL, 5, 619, 'Read'),
(1611, '2019-04-27 05:45:22', NULL, NULL, 4, 619, 'Read'),
(1612, '2019-04-27 05:45:22', NULL, NULL, 3, 619, 'Read'),
(1613, '2019-04-27 05:49:03', NULL, NULL, 14, 377, 'Read'),
(1614, '2019-04-27 05:49:03', NULL, NULL, 13, 377, 'Read'),
(1615, '2019-04-27 05:49:03', '2019-04-27 06:59:58', NULL, 12, 377, 'Read'),
(1616, '2019-04-27 05:49:03', NULL, NULL, 11, 377, 'Read'),
(1617, '2019-04-27 05:49:03', NULL, NULL, 10, 377, 'Read'),
(1618, '2019-04-27 05:49:03', NULL, NULL, 9, 377, 'Read'),
(1619, '2019-04-27 05:49:03', NULL, NULL, 8, 377, 'Read'),
(1620, '2019-04-27 05:49:03', NULL, NULL, 7, 377, 'Read'),
(1621, '2019-04-27 05:49:03', NULL, NULL, 6, 377, 'Read'),
(1622, '2019-04-27 05:49:03', NULL, NULL, 5, 377, 'Read'),
(1623, '2019-04-27 05:49:03', NULL, NULL, 4, 377, 'Read'),
(1624, '2019-04-27 05:49:03', NULL, NULL, 3, 377, 'Read'),
(1625, '2019-04-27 05:49:03', NULL, NULL, 2, 377, 'Read'),
(1626, '2019-04-27 05:49:03', NULL, NULL, 1, 377, 'Read'),
(1627, '2019-04-27 05:49:40', '2019-04-27 05:49:41', NULL, 14, 162, 'Read'),
(1628, '2019-04-27 05:58:14', '2019-04-27 07:18:42', NULL, 14, 381, 'Read'),
(1629, '2019-04-27 05:58:14', NULL, NULL, 13, 381, 'Read'),
(1630, '2019-04-27 05:58:14', NULL, NULL, 12, 381, 'Read'),
(1631, '2019-04-27 05:58:14', NULL, NULL, 11, 381, 'Read'),
(1632, '2019-04-27 05:58:14', NULL, NULL, 10, 381, 'Read'),
(1633, '2019-04-27 05:58:14', NULL, NULL, 9, 381, 'Read'),
(1634, '2019-04-27 05:58:14', NULL, NULL, 8, 381, 'Read'),
(1635, '2019-04-27 05:58:14', NULL, NULL, 7, 381, 'Read');
INSERT INTO `notification_member` (`id`, `created_at`, `updated_at`, `deleted_at`, `id_notification`, `id_member`, `action_type`) VALUES
(1636, '2019-04-27 05:58:14', NULL, NULL, 6, 381, 'Read'),
(1637, '2019-04-27 05:58:14', NULL, NULL, 5, 381, 'Read'),
(1638, '2019-04-27 05:58:14', NULL, NULL, 4, 381, 'Read'),
(1639, '2019-04-27 05:58:14', NULL, NULL, 3, 381, 'Read'),
(1640, '2019-04-27 05:58:14', NULL, NULL, 2, 381, 'Read'),
(1641, '2019-04-27 05:58:14', NULL, NULL, 1, 381, 'Read'),
(1642, '2019-04-27 06:00:06', '2019-04-27 06:00:08', NULL, 15, 2, 'Read'),
(1643, '2019-04-27 06:00:07', NULL, NULL, 15, 471, 'Read'),
(1644, '2019-04-27 06:00:07', '2019-04-27 06:00:08', NULL, 15, 523, 'Read'),
(1645, '2019-04-27 06:00:08', '2019-04-27 06:20:17', NULL, 15, 270, 'Read'),
(1646, '2019-04-27 06:00:08', NULL, NULL, 14, 270, 'Read'),
(1647, '2019-04-27 06:00:08', NULL, NULL, 15, 614, 'Read'),
(1648, '2019-04-27 06:00:09', '2019-04-27 06:00:09', NULL, 15, 606, 'Read'),
(1649, '2019-04-27 06:00:10', '2019-04-27 06:00:10', NULL, 15, 429, 'Read'),
(1650, '2019-04-27 06:00:13', '2019-04-27 06:00:13', NULL, 15, 621, 'Read'),
(1651, '2019-04-27 06:00:14', NULL, NULL, 15, 634, 'Read'),
(1652, '2019-04-27 06:00:15', '2019-04-27 06:00:22', NULL, 15, 437, 'Read'),
(1653, '2019-04-27 06:00:15', '2019-04-27 06:00:15', NULL, 15, 140, 'Read'),
(1654, '2019-04-27 06:00:15', '2019-04-27 06:00:18', NULL, 14, 140, 'Read'),
(1655, '2019-04-27 06:00:18', '2019-04-27 06:00:31', NULL, 15, 221, 'Read'),
(1656, '2019-04-27 06:00:18', '2019-04-27 06:00:26', NULL, 14, 221, 'Read'),
(1657, '2019-04-27 06:00:26', '2019-04-27 06:00:26', NULL, 15, 147, 'Read'),
(1658, '2019-04-27 06:02:50', '2019-04-27 06:02:53', NULL, 15, 1, 'Read'),
(1659, '2019-04-27 06:02:50', '2019-04-27 06:02:51', NULL, 14, 1, 'Read'),
(1660, '2019-04-27 06:02:54', '2019-04-27 06:02:59', NULL, 15, 591, 'Read'),
(1661, '2019-04-27 06:02:54', '2019-04-27 06:03:02', NULL, 14, 591, 'Read'),
(1662, '2019-04-27 06:02:54', '2019-04-27 06:03:03', NULL, 13, 591, 'Read'),
(1663, '2019-04-27 06:02:54', '2019-04-27 06:03:06', NULL, 12, 591, 'Read'),
(1664, '2019-04-27 06:02:54', '2019-04-27 06:03:10', NULL, 11, 591, 'Read'),
(1665, '2019-04-27 06:02:54', '2019-04-27 06:03:40', NULL, 10, 591, 'Read'),
(1666, '2019-04-27 06:02:54', '2019-04-27 06:03:42', NULL, 9, 591, 'Read'),
(1667, '2019-04-27 06:02:54', '2019-04-27 06:03:36', NULL, 8, 591, 'Read'),
(1668, '2019-04-27 06:02:54', '2019-04-27 06:03:32', NULL, 7, 591, 'Read'),
(1669, '2019-04-27 06:02:54', '2019-04-27 06:03:30', NULL, 6, 591, 'Read'),
(1670, '2019-04-27 06:02:54', '2019-04-27 06:03:25', NULL, 5, 591, 'Read'),
(1671, '2019-04-27 06:02:54', '2019-04-27 06:03:24', NULL, 4, 591, 'Read'),
(1672, '2019-04-27 06:02:54', '2019-04-27 06:03:22', NULL, 3, 591, 'Read'),
(1673, '2019-04-27 06:02:54', '2019-04-27 06:03:18', NULL, 2, 591, 'Read'),
(1674, '2019-04-27 06:02:54', '2019-04-27 06:03:20', NULL, 1, 591, 'Read'),
(1675, '2019-04-27 06:03:31', '2019-04-27 06:03:33', NULL, 15, 360, 'Read'),
(1676, '2019-04-27 06:03:31', NULL, NULL, 14, 360, 'Read'),
(1677, '2019-04-27 06:03:32', NULL, NULL, 15, 598, 'Read'),
(1678, '2019-04-27 06:04:44', '2019-04-27 06:04:44', NULL, 15, 205, 'Read'),
(1679, '2019-04-27 06:04:44', NULL, NULL, 14, 205, 'Read'),
(1680, '2019-04-27 06:04:44', NULL, NULL, 13, 205, 'Read'),
(1681, '2019-04-27 06:04:44', NULL, NULL, 12, 205, 'Read'),
(1682, '2019-04-27 06:04:44', NULL, NULL, 11, 205, 'Read'),
(1683, '2019-04-27 06:04:44', NULL, NULL, 10, 205, 'Read'),
(1684, '2019-04-27 06:04:44', NULL, NULL, 9, 205, 'Read'),
(1685, '2019-04-27 06:04:44', NULL, NULL, 8, 205, 'Read'),
(1686, '2019-04-27 06:04:44', NULL, NULL, 7, 205, 'Read'),
(1687, '2019-04-27 06:04:44', NULL, NULL, 6, 205, 'Read'),
(1688, '2019-04-27 06:05:18', NULL, NULL, 15, 302, 'Read'),
(1689, '2019-04-27 06:07:00', '2019-04-27 06:07:00', NULL, 15, 14, 'Read'),
(1690, '2019-04-27 06:07:00', NULL, NULL, 14, 14, 'Read'),
(1691, '2019-04-27 06:12:27', '2019-04-27 06:12:27', NULL, 15, 625, 'Read'),
(1692, '2019-04-27 06:12:27', NULL, NULL, 14, 625, 'Read'),
(1693, '2019-04-27 06:13:43', '2019-04-27 06:13:44', NULL, 15, 602, 'Read'),
(1694, '2019-04-27 06:13:45', '2019-04-27 06:13:45', NULL, 15, 159, 'Read'),
(1695, '2019-04-27 06:13:45', NULL, NULL, 14, 159, 'Read'),
(1696, '2019-04-27 06:13:45', NULL, NULL, 13, 159, 'Read'),
(1697, '2019-04-27 06:13:45', '2019-04-27 06:13:55', NULL, 12, 159, 'Read'),
(1698, '2019-04-27 06:13:45', NULL, NULL, 11, 159, 'Read'),
(1699, '2019-04-27 06:13:45', NULL, NULL, 10, 159, 'Read'),
(1700, '2019-04-27 06:13:45', NULL, NULL, 9, 159, 'Read'),
(1701, '2019-04-27 06:13:45', NULL, NULL, 8, 159, 'Read'),
(1702, '2019-04-27 06:13:45', NULL, NULL, 7, 159, 'Read'),
(1703, '2019-04-27 06:13:45', NULL, NULL, 6, 159, 'Read'),
(1704, '2019-04-27 06:13:45', NULL, NULL, 5, 159, 'Read'),
(1705, '2019-04-27 06:13:45', NULL, NULL, 4, 159, 'Read'),
(1706, '2019-04-27 06:13:45', NULL, NULL, 3, 159, 'Read'),
(1707, '2019-04-27 06:13:45', NULL, NULL, 2, 159, 'Read'),
(1708, '2019-04-27 06:13:45', NULL, NULL, 1, 159, 'Read'),
(1709, '2019-04-27 06:15:06', NULL, NULL, 16, 471, 'Read'),
(1710, '2019-04-27 06:15:39', '2019-04-27 06:15:48', NULL, 16, 621, 'Read'),
(1711, '2019-04-27 06:16:03', '2019-04-27 06:16:05', NULL, 16, 634, 'Read'),
(1712, '2019-04-27 06:17:14', '2019-04-27 12:33:49', NULL, 16, 205, 'Read'),
(1713, '2019-04-27 06:17:33', '2019-04-27 06:17:33', NULL, 16, 344, 'Read'),
(1714, '2019-04-27 06:17:33', '2019-04-27 06:17:41', NULL, 15, 344, 'Read'),
(1715, '2019-04-27 06:17:47', '2019-04-27 06:17:47', NULL, 16, 14, 'Read'),
(1716, '2019-04-27 06:20:11', NULL, NULL, 16, 295, 'Read'),
(1717, '2019-04-27 06:20:11', NULL, NULL, 16, 295, 'Read'),
(1718, '2019-04-27 06:20:11', NULL, NULL, 15, 295, 'Read'),
(1719, '2019-04-27 06:20:11', NULL, NULL, 14, 295, 'Read'),
(1720, '2019-04-27 06:20:11', NULL, NULL, 13, 295, 'Read'),
(1721, '2019-04-27 06:20:11', NULL, NULL, 12, 295, 'Read'),
(1722, '2019-04-27 06:20:11', NULL, NULL, 11, 295, 'Read'),
(1723, '2019-04-27 06:20:11', NULL, NULL, 10, 295, 'Read'),
(1724, '2019-04-27 06:20:11', NULL, NULL, 9, 295, 'Read'),
(1725, '2019-04-27 06:20:11', NULL, NULL, 8, 295, 'Read'),
(1726, '2019-04-27 06:20:11', NULL, NULL, 7, 295, 'Read'),
(1727, '2019-04-27 06:20:21', '2019-04-27 06:20:24', NULL, 16, 270, 'Read'),
(1728, '2019-04-27 06:23:26', '2019-04-27 13:42:48', NULL, 16, 627, 'Read'),
(1729, '2019-04-27 06:23:26', '2019-04-27 06:23:37', NULL, 15, 627, 'Read'),
(1730, '2019-04-27 06:23:26', NULL, NULL, 14, 627, 'Read'),
(1731, '2019-04-27 06:23:26', NULL, NULL, 13, 627, 'Read'),
(1732, '2019-04-27 06:23:26', NULL, NULL, 12, 627, 'Read'),
(1733, '2019-04-27 06:23:26', NULL, NULL, 11, 627, 'Read'),
(1734, '2019-04-27 06:23:26', NULL, NULL, 10, 627, 'Read'),
(1735, '2019-04-27 06:23:35', '2019-04-27 06:23:38', NULL, 16, 397, 'Read'),
(1736, '2019-04-27 06:23:35', NULL, NULL, 15, 397, 'Read'),
(1737, '2019-04-27 06:23:35', NULL, NULL, 14, 397, 'Read'),
(1738, '2019-04-27 06:23:35', NULL, NULL, 13, 397, 'Read'),
(1739, '2019-04-27 06:23:35', NULL, NULL, 12, 397, 'Read'),
(1740, '2019-04-27 06:23:35', NULL, NULL, 11, 397, 'Read'),
(1741, '2019-04-27 06:23:35', NULL, NULL, 10, 397, 'Read'),
(1742, '2019-04-27 06:23:35', NULL, NULL, 9, 397, 'Read'),
(1743, '2019-04-27 06:23:35', NULL, NULL, 8, 397, 'Read'),
(1744, '2019-04-27 06:23:35', NULL, NULL, 7, 397, 'Read'),
(1745, '2019-04-27 06:23:35', NULL, NULL, 6, 397, 'Read'),
(1746, '2019-04-27 06:23:35', NULL, NULL, 5, 397, 'Read'),
(1747, '2019-04-27 06:23:35', NULL, NULL, 4, 397, 'Read'),
(1748, '2019-04-27 06:23:35', NULL, NULL, 3, 397, 'Read'),
(1749, '2019-04-27 06:23:35', NULL, NULL, 2, 397, 'Read'),
(1750, '2019-04-27 06:23:35', NULL, NULL, 1, 397, 'Read'),
(1751, '2019-04-27 06:23:59', NULL, NULL, 16, 307, 'Read'),
(1752, '2019-04-27 06:23:59', NULL, NULL, 15, 307, 'Read'),
(1753, '2019-04-27 06:23:59', NULL, NULL, 14, 307, 'Read'),
(1754, '2019-04-27 06:23:59', NULL, NULL, 13, 307, 'Read'),
(1755, '2019-04-27 06:23:59', NULL, NULL, 12, 307, 'Read'),
(1756, '2019-04-27 06:23:59', NULL, NULL, 11, 307, 'Read'),
(1757, '2019-04-27 06:23:59', NULL, NULL, 10, 307, 'Read'),
(1758, '2019-04-27 06:23:59', NULL, NULL, 9, 307, 'Read'),
(1759, '2019-04-27 06:23:59', NULL, NULL, 8, 307, 'Read'),
(1760, '2019-04-27 06:23:59', NULL, NULL, 7, 307, 'Read'),
(1761, '2019-04-27 06:23:59', NULL, NULL, 6, 307, 'Read'),
(1762, '2019-04-27 06:23:59', NULL, NULL, 5, 307, 'Read'),
(1763, '2019-04-27 06:23:59', NULL, NULL, 4, 307, 'Read'),
(1764, '2019-04-27 06:23:59', NULL, NULL, 3, 307, 'Read'),
(1765, '2019-04-27 06:23:59', NULL, NULL, 2, 307, 'Read'),
(1766, '2019-04-27 06:23:59', NULL, NULL, 1, 307, 'Read'),
(1767, '2019-04-27 06:25:01', '2019-04-27 06:25:01', NULL, 16, 602, 'Read'),
(1768, '2019-04-27 06:27:38', '2019-04-27 06:27:38', NULL, 16, 233, 'Read'),
(1769, '2019-04-27 06:27:38', NULL, NULL, 15, 233, 'Read'),
(1770, '2019-04-27 06:27:38', '2019-04-27 06:27:59', NULL, 14, 233, 'Read'),
(1771, '2019-04-27 06:27:38', NULL, NULL, 13, 233, 'Read'),
(1772, '2019-04-27 06:27:38', NULL, NULL, 12, 233, 'Read'),
(1773, '2019-04-27 06:27:38', NULL, NULL, 11, 233, 'Read'),
(1774, '2019-04-27 06:27:38', NULL, NULL, 10, 233, 'Read'),
(1775, '2019-04-27 06:27:38', NULL, NULL, 9, 233, 'Read'),
(1776, '2019-04-27 06:27:38', NULL, NULL, 8, 233, 'Read'),
(1777, '2019-04-27 06:27:38', NULL, NULL, 7, 233, 'Read'),
(1778, '2019-04-27 06:27:38', NULL, NULL, 6, 233, 'Read'),
(1779, '2019-04-27 06:27:38', NULL, NULL, 5, 233, 'Read'),
(1780, '2019-04-27 06:27:38', NULL, NULL, 4, 233, 'Read'),
(1781, '2019-04-27 06:27:38', NULL, NULL, 3, 233, 'Read'),
(1782, '2019-04-27 06:27:38', NULL, NULL, 2, 233, 'Read'),
(1783, '2019-04-27 06:27:38', NULL, NULL, 1, 233, 'Read'),
(1784, '2019-04-27 06:28:46', '2019-04-27 06:28:46', NULL, 16, 492, 'Read'),
(1785, '2019-04-27 06:28:46', '2019-04-27 06:30:29', NULL, 15, 492, 'Read'),
(1786, '2019-04-27 06:28:46', NULL, NULL, 14, 492, 'Read'),
(1787, '2019-04-27 06:28:46', NULL, NULL, 13, 492, 'Read'),
(1788, '2019-04-27 06:28:46', NULL, NULL, 12, 492, 'Read'),
(1789, '2019-04-27 06:29:24', NULL, NULL, 16, 2, 'Read'),
(1790, '2019-04-27 06:30:07', NULL, NULL, 17, 606, 'Read'),
(1791, '2019-04-27 06:30:07', '2019-04-27 06:33:22', NULL, 16, 606, 'Read'),
(1792, '2019-04-27 06:30:08', '2019-04-27 06:30:08', NULL, 17, 471, 'Read'),
(1793, '2019-04-27 06:30:08', '2019-04-27 06:30:09', NULL, 17, 197, 'Read'),
(1794, '2019-04-27 06:30:08', NULL, NULL, 16, 197, 'Read'),
(1795, '2019-04-27 06:30:08', NULL, NULL, 15, 197, 'Read'),
(1796, '2019-04-27 06:30:08', NULL, NULL, 14, 197, 'Read'),
(1797, '2019-04-27 06:30:08', '2019-04-27 06:30:08', NULL, 17, 8, 'Read'),
(1798, '2019-04-27 06:30:08', NULL, NULL, 16, 8, 'Read'),
(1799, '2019-04-27 06:30:08', NULL, NULL, 15, 8, 'Read'),
(1800, '2019-04-27 06:30:10', '2019-04-27 06:30:11', NULL, 17, 298, 'Read'),
(1801, '2019-04-27 06:30:10', NULL, NULL, 16, 298, 'Read'),
(1802, '2019-04-27 06:30:10', NULL, NULL, 15, 298, 'Read'),
(1803, '2019-04-27 06:30:10', NULL, NULL, 14, 298, 'Read'),
(1804, '2019-04-27 06:30:10', NULL, NULL, 13, 298, 'Read'),
(1805, '2019-04-27 06:30:10', NULL, NULL, 12, 298, 'Read'),
(1806, '2019-04-27 06:30:10', NULL, NULL, 11, 298, 'Read'),
(1807, '2019-04-27 06:30:10', NULL, NULL, 10, 298, 'Read'),
(1808, '2019-04-27 06:30:10', NULL, NULL, 9, 298, 'Read'),
(1809, '2019-04-27 06:30:10', NULL, NULL, 8, 298, 'Read'),
(1810, '2019-04-27 06:30:10', NULL, NULL, 7, 298, 'Read'),
(1811, '2019-04-27 06:30:36', '2019-04-27 06:30:37', NULL, 17, 492, 'Read'),
(1812, '2019-04-27 06:30:51', '2019-04-27 11:21:12', NULL, 17, 227, 'Read'),
(1813, '2019-04-27 06:30:51', NULL, NULL, 16, 227, 'Read'),
(1814, '2019-04-27 06:30:51', NULL, NULL, 15, 227, 'Read'),
(1815, '2019-04-27 06:30:51', NULL, NULL, 14, 227, 'Read'),
(1816, '2019-04-27 06:30:51', NULL, NULL, 13, 227, 'Read'),
(1817, '2019-04-27 06:30:51', NULL, NULL, 12, 227, 'Read'),
(1818, '2019-04-27 06:30:51', NULL, NULL, 11, 227, 'Read'),
(1819, '2019-04-27 06:30:51', NULL, NULL, 10, 227, 'Read'),
(1820, '2019-04-27 06:30:53', '2019-04-27 06:30:53', NULL, 17, 619, 'Read'),
(1821, '2019-04-27 06:30:53', NULL, NULL, 16, 619, 'Read'),
(1822, '2019-04-27 06:30:53', NULL, NULL, 15, 619, 'Read'),
(1823, '2019-04-27 06:31:08', '2019-04-27 06:31:08', NULL, 17, 373, 'Read'),
(1824, '2019-04-27 06:31:08', NULL, NULL, 16, 373, 'Read'),
(1825, '2019-04-27 06:31:08', '2019-04-27 06:31:20', NULL, 15, 373, 'Read'),
(1826, '2019-04-27 06:31:08', NULL, NULL, 14, 373, 'Read'),
(1827, '2019-04-27 06:31:08', NULL, NULL, 13, 373, 'Read'),
(1828, '2019-04-27 06:31:08', NULL, NULL, 12, 373, 'Read'),
(1829, '2019-04-27 06:31:08', NULL, NULL, 11, 373, 'Read'),
(1830, '2019-04-27 06:31:08', NULL, NULL, 10, 373, 'Read'),
(1831, '2019-04-27 06:31:08', NULL, NULL, 9, 373, 'Read'),
(1832, '2019-04-27 06:31:08', NULL, NULL, 8, 373, 'Read'),
(1833, '2019-04-27 06:31:08', NULL, NULL, 7, 373, 'Read'),
(1834, '2019-04-27 06:31:08', NULL, NULL, 6, 373, 'Read'),
(1835, '2019-04-27 06:31:08', NULL, NULL, 5, 373, 'Read'),
(1836, '2019-04-27 06:31:08', NULL, NULL, 4, 373, 'Read'),
(1837, '2019-04-27 06:31:08', NULL, NULL, 3, 373, 'Read'),
(1838, '2019-04-27 06:31:08', NULL, NULL, 2, 373, 'Read'),
(1839, '2019-04-27 06:31:08', NULL, NULL, 1, 373, 'Read'),
(1840, '2019-04-27 06:31:17', '2019-04-27 06:31:17', NULL, 17, 14, 'Read'),
(1841, '2019-04-27 06:31:24', '2019-04-27 06:31:27', NULL, 17, 627, 'Read'),
(1842, '2019-04-27 06:31:25', '2019-04-27 06:31:26', NULL, 17, 437, 'Read'),
(1843, '2019-04-27 06:31:25', '2019-04-27 06:31:33', NULL, 16, 437, 'Read'),
(1844, '2019-04-27 06:31:32', '2019-04-27 06:31:32', NULL, 17, 602, 'Read'),
(1845, '2019-04-27 06:32:07', NULL, NULL, 17, 202, 'Read'),
(1846, '2019-04-27 06:32:07', NULL, NULL, 16, 202, 'Read'),
(1847, '2019-04-27 06:32:07', '2019-04-27 06:32:10', NULL, 15, 202, 'Read'),
(1848, '2019-04-27 06:32:07', NULL, NULL, 14, 202, 'Read'),
(1849, '2019-04-27 06:35:24', '2019-04-27 06:35:24', NULL, 17, 634, 'Read'),
(1850, '2019-04-27 06:37:52', '2019-04-27 06:37:52', NULL, 17, 67, 'Read'),
(1851, '2019-04-27 06:37:52', NULL, NULL, 16, 67, 'Read'),
(1852, '2019-04-27 06:37:52', NULL, NULL, 15, 67, 'Read'),
(1853, '2019-04-27 06:37:52', NULL, NULL, 14, 67, 'Read'),
(1854, '2019-04-27 06:37:52', NULL, NULL, 13, 67, 'Read'),
(1855, '2019-04-27 06:37:52', NULL, NULL, 12, 67, 'Read'),
(1856, '2019-04-27 06:37:52', NULL, NULL, 11, 67, 'Read'),
(1857, '2019-04-27 06:37:52', NULL, NULL, 10, 67, 'Read'),
(1858, '2019-04-27 06:37:52', NULL, NULL, 9, 67, 'Read'),
(1859, '2019-04-27 06:40:05', '2019-04-27 06:40:05', NULL, 18, 606, 'Read'),
(1860, '2019-04-27 06:40:06', '2019-04-27 06:40:07', NULL, 18, 8, 'Read'),
(1861, '2019-04-27 06:40:42', '2019-04-27 06:40:42', NULL, 18, 18, 'Read'),
(1862, '2019-04-27 06:40:42', '2019-04-27 06:40:57', NULL, 17, 18, 'Read'),
(1863, '2019-04-27 06:40:42', NULL, NULL, 16, 18, 'Read'),
(1864, '2019-04-27 06:40:42', NULL, NULL, 15, 18, 'Read'),
(1865, '2019-04-27 06:41:06', '2019-04-27 06:41:06', NULL, 18, 9, 'Read'),
(1866, '2019-04-27 06:41:06', NULL, NULL, 17, 9, 'Read'),
(1867, '2019-04-27 06:41:06', NULL, NULL, 16, 9, 'Read'),
(1868, '2019-04-27 06:41:06', NULL, NULL, 15, 9, 'Read'),
(1869, '2019-04-27 06:41:14', '2019-04-27 07:12:50', NULL, 16, 162, 'Read'),
(1870, '2019-04-27 06:41:16', '2019-04-27 06:41:16', NULL, 18, 348, 'Read'),
(1871, '2019-04-27 06:41:16', NULL, NULL, 17, 348, 'Read'),
(1872, '2019-04-27 06:41:16', NULL, NULL, 16, 348, 'Read'),
(1873, '2019-04-27 06:41:16', NULL, NULL, 15, 348, 'Read'),
(1874, '2019-04-27 06:41:16', NULL, NULL, 14, 348, 'Read'),
(1875, '2019-04-27 06:41:16', NULL, NULL, 13, 348, 'Read'),
(1876, '2019-04-27 06:41:16', NULL, NULL, 12, 348, 'Read'),
(1877, '2019-04-27 06:41:16', NULL, NULL, 11, 348, 'Read'),
(1878, '2019-04-27 06:41:16', NULL, NULL, 10, 348, 'Read'),
(1879, '2019-04-27 06:41:22', '2019-04-27 06:45:00', NULL, 18, 621, 'Read'),
(1880, '2019-04-27 06:41:22', NULL, NULL, 17, 621, 'Read'),
(1881, '2019-04-27 06:41:33', '2019-04-27 06:41:33', NULL, 18, 14, 'Read'),
(1882, '2019-04-27 06:41:42', '2019-04-27 06:41:42', NULL, 18, 147, 'Read'),
(1883, '2019-04-27 06:41:42', NULL, NULL, 17, 147, 'Read'),
(1884, '2019-04-27 06:41:42', NULL, NULL, 16, 147, 'Read'),
(1885, '2019-04-27 06:41:43', '2019-04-27 06:41:44', NULL, 18, 602, 'Read'),
(1886, '2019-04-27 06:41:55', NULL, NULL, 18, 598, 'Read'),
(1887, '2019-04-27 06:42:03', NULL, NULL, 17, 598, 'Read'),
(1888, '2019-04-27 06:42:26', NULL, NULL, 16, 598, 'Read'),
(1889, '2019-04-27 06:42:28', '2019-04-27 06:42:28', NULL, 18, 437, 'Read'),
(1890, '2019-04-27 06:43:59', '2019-04-27 06:43:59', NULL, 18, 625, 'Read'),
(1891, '2019-04-27 06:43:59', '2019-04-27 06:44:04', NULL, 17, 625, 'Read'),
(1892, '2019-04-27 06:43:59', NULL, NULL, 16, 625, 'Read'),
(1893, '2019-04-27 06:44:11', NULL, NULL, 18, 512, 'Read'),
(1894, '2019-04-27 06:44:11', NULL, NULL, 18, 512, 'Read'),
(1895, '2019-04-27 06:44:11', NULL, NULL, 17, 512, 'Read'),
(1896, '2019-04-27 06:44:11', NULL, NULL, 16, 512, 'Read'),
(1897, '2019-04-27 06:44:11', NULL, NULL, 15, 512, 'Read'),
(1898, '2019-04-27 06:44:26', '2019-04-27 06:44:35', NULL, 18, 178, 'Read'),
(1899, '2019-04-27 06:44:26', NULL, NULL, 17, 178, 'Read'),
(1900, '2019-04-27 06:44:26', NULL, NULL, 16, 178, 'Read'),
(1901, '2019-04-27 06:44:26', NULL, NULL, 15, 178, 'Read'),
(1902, '2019-04-27 06:44:26', NULL, NULL, 14, 178, 'Read'),
(1903, '2019-04-27 06:44:26', NULL, NULL, 13, 178, 'Read'),
(1904, '2019-04-27 06:44:26', NULL, NULL, 12, 178, 'Read'),
(1905, '2019-04-27 06:44:26', NULL, NULL, 11, 178, 'Read'),
(1906, '2019-04-27 06:44:26', NULL, NULL, 10, 178, 'Read'),
(1907, '2019-04-27 06:44:26', NULL, NULL, 9, 178, 'Read'),
(1908, '2019-04-27 06:44:26', NULL, NULL, 8, 178, 'Read'),
(1909, '2019-04-27 06:44:26', NULL, NULL, 7, 178, 'Read'),
(1910, '2019-04-27 06:44:26', NULL, NULL, 6, 178, 'Read'),
(1911, '2019-04-27 06:44:26', NULL, NULL, 5, 178, 'Read'),
(1912, '2019-04-27 06:44:26', NULL, NULL, 4, 178, 'Read'),
(1913, '2019-04-27 06:44:26', NULL, NULL, 3, 178, 'Read'),
(1914, '2019-04-27 06:44:26', NULL, NULL, 2, 178, 'Read'),
(1915, '2019-04-27 06:44:26', NULL, NULL, 1, 178, 'Read'),
(1916, '2019-04-27 06:45:32', '2019-04-27 06:45:43', NULL, 18, 577, 'Read'),
(1917, '2019-04-27 06:45:32', NULL, NULL, 17, 577, 'Read'),
(1918, '2019-04-27 06:45:32', NULL, NULL, 16, 577, 'Read'),
(1919, '2019-04-27 06:45:32', NULL, NULL, 15, 577, 'Read'),
(1920, '2019-04-27 06:45:32', NULL, NULL, 14, 577, 'Read'),
(1921, '2019-04-27 06:45:32', NULL, NULL, 13, 577, 'Read'),
(1922, '2019-04-27 06:45:32', NULL, NULL, 12, 577, 'Read'),
(1923, '2019-04-27 06:45:32', NULL, NULL, 11, 577, 'Read'),
(1924, '2019-04-27 06:45:32', NULL, NULL, 10, 577, 'Read'),
(1925, '2019-04-27 06:45:32', NULL, NULL, 9, 577, 'Read'),
(1926, '2019-04-27 06:45:32', NULL, NULL, 8, 577, 'Read'),
(1927, '2019-04-27 06:45:32', NULL, NULL, 7, 577, 'Read'),
(1928, '2019-04-27 06:45:32', NULL, NULL, 6, 577, 'Read'),
(1929, '2019-04-27 06:45:32', NULL, NULL, 5, 577, 'Read'),
(1930, '2019-04-27 06:45:32', NULL, NULL, 4, 577, 'Read'),
(1931, '2019-04-27 06:45:32', NULL, NULL, 3, 577, 'Read'),
(1932, '2019-04-27 06:45:32', NULL, NULL, 2, 577, 'Read'),
(1933, '2019-04-27 06:45:32', NULL, NULL, 1, 577, 'Read'),
(1934, '2019-04-27 06:45:53', NULL, NULL, 18, 486, 'Read'),
(1935, '2019-04-27 06:45:53', NULL, NULL, 17, 486, 'Read'),
(1936, '2019-04-27 06:45:53', NULL, NULL, 16, 486, 'Read'),
(1937, '2019-04-27 06:45:53', NULL, NULL, 15, 486, 'Read'),
(1938, '2019-04-27 06:45:53', NULL, NULL, 14, 486, 'Read'),
(1939, '2019-04-27 06:45:53', NULL, NULL, 13, 486, 'Read'),
(1940, '2019-04-27 06:45:53', NULL, NULL, 12, 486, 'Read'),
(1941, '2019-04-27 06:45:53', NULL, NULL, 11, 486, 'Read'),
(1942, '2019-04-27 06:45:53', NULL, NULL, 10, 486, 'Read'),
(1943, '2019-04-27 06:45:53', NULL, NULL, 9, 486, 'Read'),
(1944, '2019-04-27 06:45:53', NULL, NULL, 8, 486, 'Read'),
(1945, '2019-04-27 06:45:53', NULL, NULL, 7, 486, 'Read'),
(1946, '2019-04-27 06:45:53', NULL, NULL, 6, 486, 'Read'),
(1947, '2019-04-27 06:45:53', NULL, NULL, 5, 486, 'Read'),
(1948, '2019-04-27 06:45:53', NULL, NULL, 4, 486, 'Read'),
(1949, '2019-04-27 06:45:53', NULL, NULL, 3, 486, 'Read'),
(1950, '2019-04-27 06:45:53', NULL, NULL, 2, 486, 'Read'),
(1951, '2019-04-27 06:45:53', NULL, NULL, 1, 486, 'Read'),
(1952, '2019-04-27 06:49:57', '2019-04-27 06:49:57', NULL, 18, 505, 'Read'),
(1953, '2019-04-27 06:49:57', NULL, NULL, 17, 505, 'Read'),
(1954, '2019-04-27 06:49:57', NULL, NULL, 16, 505, 'Read'),
(1955, '2019-04-27 06:49:57', NULL, NULL, 15, 505, 'Read'),
(1956, '2019-04-27 06:49:57', NULL, NULL, 14, 505, 'Read'),
(1957, '2019-04-27 06:53:23', '2019-04-27 06:53:27', NULL, 18, 492, 'Read'),
(1958, '2019-04-27 06:54:36', NULL, NULL, 18, 2, 'Read'),
(1959, '2019-04-27 06:54:37', NULL, NULL, 17, 2, 'Read'),
(1960, '2019-04-27 06:54:39', '2019-04-27 07:25:29', NULL, 18, 344, 'Read'),
(1961, '2019-04-27 06:54:39', '2019-04-27 06:54:53', NULL, 17, 344, 'Read'),
(1962, '2019-04-27 06:55:32', '2019-04-27 06:55:32', NULL, 18, 218, 'Read'),
(1963, '2019-04-27 06:55:32', NULL, NULL, 17, 218, 'Read'),
(1964, '2019-04-27 06:55:32', NULL, NULL, 16, 218, 'Read'),
(1965, '2019-04-27 06:55:32', NULL, NULL, 15, 218, 'Read'),
(1966, '2019-04-27 06:56:49', NULL, NULL, 18, 482, 'Read'),
(1967, '2019-04-27 06:57:18', NULL, NULL, 18, 221, 'Read'),
(1968, '2019-04-27 06:57:18', NULL, NULL, 17, 221, 'Read'),
(1969, '2019-04-27 06:57:18', NULL, NULL, 16, 221, 'Read'),
(1970, '2019-04-27 06:59:55', '2019-04-27 08:51:38', NULL, 18, 377, 'Read'),
(1971, '2019-04-27 06:59:55', NULL, NULL, 17, 377, 'Read'),
(1972, '2019-04-27 06:59:55', NULL, NULL, 16, 377, 'Read'),
(1973, '2019-04-27 06:59:55', NULL, NULL, 15, 377, 'Read'),
(1974, '2019-04-27 06:59:57', '2019-04-27 11:40:52', NULL, 18, 245, 'Read'),
(1975, '2019-04-27 06:59:57', NULL, NULL, 17, 245, 'Read'),
(1976, '2019-04-27 06:59:57', NULL, NULL, 16, 245, 'Read'),
(1977, '2019-04-27 06:59:57', NULL, NULL, 15, 245, 'Read'),
(1978, '2019-04-27 06:59:57', NULL, NULL, 14, 245, 'Read'),
(1979, '2019-04-27 06:59:57', NULL, NULL, 13, 245, 'Read'),
(1980, '2019-04-27 06:59:57', NULL, NULL, 12, 245, 'Read'),
(1981, '2019-04-27 06:59:58', NULL, NULL, 11, 245, 'Read'),
(1982, '2019-04-27 06:59:58', NULL, NULL, 10, 245, 'Read'),
(1983, '2019-04-27 06:59:58', NULL, NULL, 9, 245, 'Read'),
(1984, '2019-04-27 06:59:58', NULL, NULL, 8, 245, 'Read'),
(1985, '2019-04-27 07:01:52', '2019-04-27 07:02:29', NULL, 18, 181, 'Read'),
(1986, '2019-04-27 07:01:52', '2019-04-27 07:02:24', NULL, 17, 181, 'Read'),
(1987, '2019-04-27 07:01:52', '2019-04-27 07:02:14', NULL, 16, 181, 'Read'),
(1988, '2019-04-27 07:01:52', '2019-04-27 07:02:06', NULL, 15, 181, 'Read'),
(1989, '2019-04-27 07:01:52', '2019-04-27 07:02:03', NULL, 14, 181, 'Read'),
(1990, '2019-04-27 07:03:22', '2019-04-27 12:24:05', NULL, 18, 244, 'Read'),
(1991, '2019-04-27 07:03:22', NULL, NULL, 17, 244, 'Read'),
(1992, '2019-04-27 07:03:22', NULL, NULL, 16, 244, 'Read'),
(1993, '2019-04-27 07:03:22', NULL, NULL, 15, 244, 'Read'),
(1994, '2019-04-27 07:03:22', NULL, NULL, 14, 244, 'Read'),
(1995, '2019-04-27 07:05:31', '2019-04-27 07:05:36', NULL, 18, 172, 'Read'),
(1996, '2019-04-27 07:05:31', NULL, NULL, 17, 172, 'Read'),
(1997, '2019-04-27 07:05:31', NULL, NULL, 16, 172, 'Read'),
(1998, '2019-04-27 07:05:31', NULL, NULL, 15, 172, 'Read'),
(1999, '2019-04-27 07:05:59', NULL, NULL, 18, 65, 'Read'),
(2000, '2019-04-27 07:05:59', '2019-04-27 07:06:03', NULL, 17, 65, 'Read'),
(2001, '2019-04-27 07:05:59', NULL, NULL, 16, 65, 'Read'),
(2002, '2019-04-27 07:05:59', NULL, NULL, 15, 65, 'Read'),
(2003, '2019-04-27 07:05:59', NULL, NULL, 14, 65, 'Read'),
(2004, '2019-04-27 07:07:21', '2019-04-27 07:07:21', NULL, 18, 159, 'Read'),
(2005, '2019-04-27 07:07:21', NULL, NULL, 17, 159, 'Read'),
(2006, '2019-04-27 07:07:21', NULL, NULL, 16, 159, 'Read'),
(2007, '2019-04-27 07:07:36', NULL, NULL, 18, 227, 'Read'),
(2008, '2019-04-27 07:09:53', NULL, NULL, 18, 617, 'Read'),
(2009, '2019-04-27 07:09:53', NULL, NULL, 17, 617, 'Read'),
(2010, '2019-04-27 07:09:53', NULL, NULL, 16, 617, 'Read'),
(2011, '2019-04-27 07:09:53', NULL, NULL, 15, 617, 'Read'),
(2012, '2019-04-27 07:09:53', NULL, NULL, 14, 617, 'Read'),
(2013, '2019-04-27 07:09:53', NULL, NULL, 13, 617, 'Read'),
(2014, '2019-04-27 07:09:53', NULL, NULL, 12, 617, 'Read'),
(2015, '2019-04-27 07:09:53', NULL, NULL, 11, 617, 'Read'),
(2016, '2019-04-27 07:09:53', NULL, NULL, 10, 617, 'Read'),
(2017, '2019-04-27 07:10:26', NULL, NULL, 18, 379, 'Read'),
(2018, '2019-04-27 07:10:26', NULL, NULL, 17, 379, 'Read'),
(2019, '2019-04-27 07:10:26', NULL, NULL, 16, 379, 'Read'),
(2020, '2019-04-27 07:10:26', NULL, NULL, 15, 379, 'Read'),
(2021, '2019-04-27 07:11:40', NULL, NULL, 18, 340, 'Read'),
(2022, '2019-04-27 07:11:40', NULL, NULL, 17, 340, 'Read'),
(2023, '2019-04-27 07:11:40', NULL, NULL, 16, 340, 'Read'),
(2024, '2019-04-27 07:11:40', '2019-04-27 08:38:56', NULL, 15, 340, 'Read'),
(2025, '2019-04-27 07:11:40', NULL, NULL, 14, 340, 'Read'),
(2026, '2019-04-27 07:11:40', NULL, NULL, 13, 340, 'Read'),
(2027, '2019-04-27 07:11:40', NULL, NULL, 12, 340, 'Read'),
(2028, '2019-04-27 07:11:40', NULL, NULL, 11, 340, 'Read'),
(2029, '2019-04-27 07:11:40', NULL, NULL, 10, 340, 'Read'),
(2030, '2019-04-27 07:11:40', NULL, NULL, 9, 340, 'Read'),
(2031, '2019-04-27 07:11:40', NULL, NULL, 8, 340, 'Read'),
(2032, '2019-04-27 07:11:40', NULL, NULL, 7, 340, 'Read'),
(2033, '2019-04-27 07:11:40', NULL, NULL, 6, 340, 'Read'),
(2034, '2019-04-27 07:12:21', '2019-04-27 07:12:36', NULL, 18, 339, 'Read'),
(2035, '2019-04-27 07:12:35', '2019-04-27 07:12:43', NULL, 17, 339, 'Read'),
(2036, '2019-04-27 07:12:35', NULL, NULL, 16, 339, 'Read'),
(2037, '2019-04-27 07:12:35', NULL, NULL, 15, 339, 'Read'),
(2038, '2019-04-27 07:12:35', NULL, NULL, 14, 339, 'Read'),
(2039, '2019-04-27 07:12:35', NULL, NULL, 13, 339, 'Read'),
(2040, '2019-04-27 07:12:35', NULL, NULL, 12, 339, 'Read'),
(2041, '2019-04-27 07:12:35', NULL, NULL, 11, 339, 'Read'),
(2042, '2019-04-27 07:12:35', NULL, NULL, 10, 339, 'Read'),
(2043, '2019-04-27 07:12:50', NULL, NULL, 18, 162, 'Read'),
(2044, '2019-04-27 07:12:50', NULL, NULL, 17, 162, 'Read'),
(2045, '2019-04-27 07:12:50', NULL, NULL, 15, 162, 'Read'),
(2046, '2019-04-27 07:12:53', '2019-04-27 07:13:24', NULL, 18, 125, 'Read'),
(2047, '2019-04-27 07:12:53', '2019-04-27 07:13:10', NULL, 17, 125, 'Read'),
(2048, '2019-04-27 07:12:53', NULL, NULL, 16, 125, 'Read'),
(2049, '2019-04-27 07:12:53', '2019-04-27 07:13:17', NULL, 15, 125, 'Read'),
(2050, '2019-04-27 07:12:53', NULL, NULL, 14, 125, 'Read'),
(2051, '2019-04-27 07:13:56', '2019-04-27 08:57:43', NULL, 18, 297, 'Read'),
(2052, '2019-04-27 07:13:56', NULL, NULL, 17, 297, 'Read'),
(2053, '2019-04-27 07:13:56', NULL, NULL, 16, 297, 'Read'),
(2054, '2019-04-27 07:13:56', NULL, NULL, 15, 297, 'Read'),
(2055, '2019-04-27 07:14:11', '2019-04-27 07:14:14', NULL, 18, 608, 'Read'),
(2056, '2019-04-27 07:16:31', '2019-04-27 08:58:27', NULL, 18, 619, 'Read'),
(2057, '2019-04-27 07:16:40', '2019-04-27 07:16:41', NULL, 18, 563, 'Read'),
(2058, '2019-04-27 07:16:40', NULL, NULL, 17, 563, 'Read'),
(2059, '2019-04-27 07:16:40', NULL, NULL, 16, 563, 'Read'),
(2060, '2019-04-27 07:16:40', NULL, NULL, 15, 563, 'Read'),
(2061, '2019-04-27 07:18:42', NULL, NULL, 18, 381, 'Read'),
(2062, '2019-04-27 07:18:42', NULL, NULL, 17, 381, 'Read'),
(2063, '2019-04-27 07:18:42', NULL, NULL, 16, 381, 'Read'),
(2064, '2019-04-27 07:18:42', NULL, NULL, 15, 381, 'Read'),
(2065, '2019-04-27 07:18:43', '2019-04-27 07:18:51', NULL, 18, 591, 'Read'),
(2066, '2019-04-27 07:18:43', '2019-04-27 07:18:49', NULL, 17, 591, 'Read'),
(2067, '2019-04-27 07:18:43', '2019-04-27 07:18:47', NULL, 16, 591, 'Read'),
(2068, '2019-04-27 07:18:45', '2019-04-27 07:18:45', NULL, 18, 634, 'Read'),
(2069, '2019-04-27 07:21:21', NULL, NULL, 18, 438, 'Read'),
(2070, '2019-04-27 07:21:21', NULL, NULL, 17, 438, 'Read'),
(2071, '2019-04-27 07:21:21', NULL, NULL, 16, 438, 'Read'),
(2072, '2019-04-27 07:21:21', '2019-04-27 07:21:24', NULL, 15, 438, 'Read'),
(2073, '2019-04-27 07:21:21', NULL, NULL, 14, 438, 'Read'),
(2074, '2019-04-27 07:21:21', NULL, NULL, 13, 438, 'Read'),
(2075, '2019-04-27 07:21:21', NULL, NULL, 12, 438, 'Read'),
(2076, '2019-04-27 07:21:21', NULL, NULL, 11, 438, 'Read'),
(2077, '2019-04-27 07:21:21', NULL, NULL, 10, 438, 'Read'),
(2078, '2019-04-27 07:21:21', NULL, NULL, 9, 438, 'Read'),
(2079, '2019-04-27 07:21:21', NULL, NULL, 8, 438, 'Read'),
(2080, '2019-04-27 07:21:21', NULL, NULL, 7, 438, 'Read'),
(2081, '2019-04-27 07:21:21', NULL, NULL, 6, 438, 'Read'),
(2082, '2019-04-27 07:21:21', NULL, NULL, 5, 438, 'Read'),
(2083, '2019-04-27 07:21:21', NULL, NULL, 4, 438, 'Read'),
(2084, '2019-04-27 07:21:21', NULL, NULL, 3, 438, 'Read'),
(2085, '2019-04-27 07:21:21', NULL, NULL, 2, 438, 'Read'),
(2086, '2019-04-27 07:21:21', NULL, NULL, 1, 438, 'Read'),
(2087, '2019-04-27 07:22:29', NULL, NULL, 18, 205, 'Read'),
(2088, '2019-04-27 07:22:29', NULL, NULL, 17, 205, 'Read'),
(2089, '2019-04-27 07:24:10', '2019-04-27 07:41:06', NULL, 18, 88, 'Read'),
(2090, '2019-04-27 07:25:16', '2019-04-27 07:25:16', NULL, 18, 140, 'Read'),
(2091, '2019-04-27 07:25:16', NULL, NULL, 17, 140, 'Read'),
(2092, '2019-04-27 07:25:16', NULL, NULL, 16, 140, 'Read'),
(2093, '2019-04-27 07:28:15', NULL, NULL, 18, 275, 'Read'),
(2094, '2019-04-27 07:28:15', NULL, NULL, 17, 275, 'Read'),
(2095, '2019-04-27 07:28:15', NULL, NULL, 16, 275, 'Read'),
(2096, '2019-04-27 07:28:15', NULL, NULL, 15, 275, 'Read'),
(2097, '2019-04-27 07:28:15', NULL, NULL, 14, 275, 'Read'),
(2098, '2019-04-27 07:28:26', NULL, NULL, 18, 62, 'Read'),
(2099, '2019-04-27 07:28:26', NULL, NULL, 17, 62, 'Read'),
(2100, '2019-04-27 07:28:26', NULL, NULL, 16, 62, 'Read'),
(2101, '2019-04-27 07:28:26', NULL, NULL, 15, 62, 'Read'),
(2102, '2019-04-27 07:28:26', NULL, NULL, 14, 62, 'Read'),
(2103, '2019-04-27 07:28:26', NULL, NULL, 13, 62, 'Read'),
(2104, '2019-04-27 07:28:26', NULL, NULL, 12, 62, 'Read'),
(2105, '2019-04-27 07:28:26', NULL, NULL, 11, 62, 'Read'),
(2106, '2019-04-27 07:28:26', NULL, NULL, 10, 62, 'Read'),
(2107, '2019-04-27 07:29:11', '2019-04-27 07:29:16', NULL, 18, 424, 'Read'),
(2108, '2019-04-27 07:29:11', NULL, NULL, 17, 424, 'Read'),
(2109, '2019-04-27 07:29:11', NULL, NULL, 16, 424, 'Read'),
(2110, '2019-04-27 07:29:11', NULL, NULL, 15, 424, 'Read'),
(2111, '2019-04-27 07:29:11', NULL, NULL, 14, 424, 'Read'),
(2112, '2019-04-27 07:29:11', NULL, NULL, 13, 424, 'Read'),
(2113, '2019-04-27 07:29:11', NULL, NULL, 12, 424, 'Read'),
(2114, '2019-04-27 07:29:11', NULL, NULL, 11, 424, 'Read'),
(2115, '2019-04-27 07:29:11', NULL, NULL, 10, 424, 'Read'),
(2116, '2019-04-27 07:29:11', NULL, NULL, 9, 424, 'Read'),
(2117, '2019-04-27 07:29:11', NULL, NULL, 8, 424, 'Read'),
(2118, '2019-04-27 07:29:11', NULL, NULL, 7, 424, 'Read'),
(2119, '2019-04-27 07:29:11', NULL, NULL, 6, 424, 'Read'),
(2120, '2019-04-27 07:29:11', NULL, NULL, 5, 424, 'Read'),
(2121, '2019-04-27 07:29:11', NULL, NULL, 4, 424, 'Read'),
(2122, '2019-04-27 07:29:11', NULL, NULL, 3, 424, 'Read'),
(2123, '2019-04-27 07:31:10', '2019-04-27 07:31:12', NULL, 18, 202, 'Read'),
(2124, '2019-04-27 07:31:49', '2019-04-27 07:31:52', NULL, 18, 404, 'Read'),
(2125, '2019-04-27 07:31:49', NULL, NULL, 17, 404, 'Read'),
(2126, '2019-04-27 07:31:49', NULL, NULL, 16, 404, 'Read'),
(2127, '2019-04-27 07:31:49', NULL, NULL, 15, 404, 'Read'),
(2128, '2019-04-27 07:31:49', NULL, NULL, 14, 404, 'Read'),
(2129, '2019-04-27 07:31:49', NULL, NULL, 13, 404, 'Read'),
(2130, '2019-04-27 07:31:49', NULL, NULL, 12, 404, 'Read'),
(2131, '2019-04-27 07:31:49', NULL, NULL, 11, 404, 'Read'),
(2132, '2019-04-27 07:31:49', NULL, NULL, 10, 404, 'Read'),
(2133, '2019-04-27 07:34:54', '2019-04-27 07:35:07', NULL, 18, 446, 'Read'),
(2134, '2019-04-27 07:34:54', '2019-04-27 07:35:11', NULL, 17, 446, 'Read'),
(2135, '2019-04-27 07:34:54', NULL, NULL, 16, 446, 'Read'),
(2136, '2019-04-27 07:34:54', NULL, NULL, 15, 446, 'Read'),
(2137, '2019-04-27 07:34:54', NULL, NULL, 14, 446, 'Read'),
(2138, '2019-04-27 07:34:54', NULL, NULL, 13, 446, 'Read'),
(2139, '2019-04-27 07:34:54', NULL, NULL, 12, 446, 'Read'),
(2140, '2019-04-27 07:34:54', NULL, NULL, 11, 446, 'Read'),
(2141, '2019-04-27 07:34:54', NULL, NULL, 10, 446, 'Read'),
(2142, '2019-04-27 07:34:54', NULL, NULL, 9, 446, 'Read'),
(2143, '2019-04-27 07:34:54', NULL, NULL, 8, 446, 'Read'),
(2144, '2019-04-27 07:34:54', NULL, NULL, 7, 446, 'Read'),
(2145, '2019-04-27 07:34:54', NULL, NULL, 6, 446, 'Read'),
(2146, '2019-04-27 07:34:54', NULL, NULL, 5, 446, 'Read'),
(2147, '2019-04-27 07:34:54', '2019-04-27 07:35:01', NULL, 4, 446, 'Read'),
(2148, '2019-04-27 07:34:54', NULL, NULL, 3, 446, 'Read'),
(2149, '2019-04-27 07:34:54', NULL, NULL, 2, 446, 'Read'),
(2150, '2019-04-27 07:34:54', NULL, NULL, 1, 446, 'Read'),
(2151, '2019-04-27 07:41:37', '2019-04-27 07:41:37', NULL, 18, 440, 'Read'),
(2152, '2019-04-27 07:41:37', NULL, NULL, 17, 440, 'Read'),
(2153, '2019-04-27 07:41:37', NULL, NULL, 16, 440, 'Read'),
(2154, '2019-04-27 07:41:37', NULL, NULL, 15, 440, 'Read'),
(2155, '2019-04-27 07:41:37', NULL, NULL, 14, 440, 'Read'),
(2156, '2019-04-27 07:41:37', NULL, NULL, 13, 440, 'Read'),
(2157, '2019-04-27 07:41:37', NULL, NULL, 12, 440, 'Read'),
(2158, '2019-04-27 07:41:37', NULL, NULL, 11, 440, 'Read'),
(2159, '2019-04-27 07:41:37', NULL, NULL, 10, 440, 'Read'),
(2160, '2019-04-27 07:41:37', NULL, NULL, 9, 440, 'Read'),
(2161, '2019-04-27 07:41:37', NULL, NULL, 8, 440, 'Read'),
(2162, '2019-04-27 07:41:37', NULL, NULL, 7, 440, 'Read'),
(2163, '2019-04-27 07:41:37', NULL, NULL, 6, 440, 'Read'),
(2164, '2019-04-27 07:41:37', NULL, NULL, 5, 440, 'Read'),
(2165, '2019-04-27 07:41:37', NULL, NULL, 4, 440, 'Read'),
(2166, '2019-04-27 07:41:37', NULL, NULL, 3, 440, 'Read'),
(2167, '2019-04-27 07:41:37', NULL, NULL, 2, 440, 'Read'),
(2168, '2019-04-27 07:41:37', NULL, NULL, 1, 440, 'Read'),
(2169, '2019-04-27 07:42:07', NULL, NULL, 18, 627, 'Read'),
(2170, '2019-04-27 07:42:32', '2019-04-27 07:42:39', NULL, 18, 31, 'Read'),
(2171, '2019-04-27 07:42:32', NULL, NULL, 17, 31, 'Read'),
(2172, '2019-04-27 07:42:32', NULL, NULL, 16, 31, 'Read'),
(2173, '2019-04-27 07:42:32', NULL, NULL, 15, 31, 'Read'),
(2174, '2019-04-27 07:42:32', NULL, NULL, 14, 31, 'Read'),
(2175, '2019-04-27 07:42:32', NULL, NULL, 13, 31, 'Read'),
(2176, '2019-04-27 07:42:32', NULL, NULL, 12, 31, 'Read'),
(2177, '2019-04-27 07:42:32', NULL, NULL, 11, 31, 'Read'),
(2178, '2019-04-27 07:42:32', NULL, NULL, 10, 31, 'Read'),
(2179, '2019-04-27 07:42:32', NULL, NULL, 9, 31, 'Read'),
(2180, '2019-04-27 07:42:32', NULL, NULL, 8, 31, 'Read'),
(2181, '2019-04-27 07:42:32', NULL, NULL, 7, 31, 'Read'),
(2182, '2019-04-27 07:42:32', NULL, NULL, 6, 31, 'Read'),
(2183, '2019-04-27 07:42:32', NULL, NULL, 5, 31, 'Read'),
(2184, '2019-04-27 07:42:32', NULL, NULL, 4, 31, 'Read'),
(2185, '2019-04-27 07:42:32', NULL, NULL, 3, 31, 'Read'),
(2186, '2019-04-27 07:42:32', NULL, NULL, 2, 31, 'Read'),
(2187, '2019-04-27 07:42:32', NULL, NULL, 1, 31, 'Read'),
(2188, '2019-04-27 07:43:40', NULL, NULL, 18, 516, 'Read'),
(2189, '2019-04-27 07:43:40', NULL, NULL, 17, 516, 'Read'),
(2190, '2019-04-27 07:43:40', '2019-04-27 07:43:46', NULL, 16, 516, 'Read'),
(2191, '2019-04-27 07:43:40', NULL, NULL, 15, 516, 'Read'),
(2192, '2019-04-27 07:43:40', NULL, NULL, 14, 516, 'Read'),
(2193, '2019-04-27 07:43:40', NULL, NULL, 13, 516, 'Read'),
(2194, '2019-04-27 07:43:40', NULL, NULL, 12, 516, 'Read'),
(2195, '2019-04-27 07:43:40', NULL, NULL, 11, 516, 'Read'),
(2196, '2019-04-27 07:43:40', '2019-04-27 07:47:15', NULL, 10, 516, 'Read'),
(2197, '2019-04-27 07:43:40', NULL, NULL, 9, 516, 'Read'),
(2198, '2019-04-27 07:43:40', NULL, NULL, 8, 516, 'Read'),
(2199, '2019-04-27 07:43:40', NULL, NULL, 7, 516, 'Read'),
(2200, '2019-04-27 07:43:40', NULL, NULL, 6, 516, 'Read'),
(2201, '2019-04-27 07:43:40', NULL, NULL, 5, 516, 'Read'),
(2202, '2019-04-27 07:43:40', NULL, NULL, 4, 516, 'Read'),
(2203, '2019-04-27 07:43:40', NULL, NULL, 3, 516, 'Read'),
(2204, '2019-04-27 07:44:00', NULL, NULL, 17, 235, 'Read'),
(2205, '2019-04-27 07:44:04', '2019-04-27 07:44:07', NULL, 18, 362, 'Read'),
(2206, '2019-04-27 07:44:04', NULL, NULL, 17, 362, 'Read'),
(2207, '2019-04-27 07:44:04', NULL, NULL, 16, 362, 'Read'),
(2208, '2019-04-27 07:44:04', NULL, NULL, 15, 362, 'Read'),
(2209, '2019-04-27 07:44:04', NULL, NULL, 14, 362, 'Read'),
(2210, '2019-04-27 07:44:04', NULL, NULL, 13, 362, 'Read'),
(2211, '2019-04-27 07:44:04', NULL, NULL, 12, 362, 'Read'),
(2212, '2019-04-27 07:44:04', NULL, NULL, 11, 362, 'Read'),
(2213, '2019-04-27 07:44:04', NULL, NULL, 10, 362, 'Read'),
(2214, '2019-04-27 07:44:04', NULL, NULL, 9, 362, 'Read'),
(2215, '2019-04-27 07:44:04', NULL, NULL, 8, 362, 'Read'),
(2216, '2019-04-27 07:44:04', NULL, NULL, 7, 362, 'Read'),
(2217, '2019-04-27 07:44:04', NULL, NULL, 6, 362, 'Read'),
(2218, '2019-04-27 07:44:04', NULL, NULL, 5, 362, 'Read'),
(2219, '2019-04-27 07:44:04', NULL, NULL, 4, 362, 'Read'),
(2220, '2019-04-27 07:44:04', NULL, NULL, 3, 362, 'Read'),
(2221, '2019-04-27 07:44:04', NULL, NULL, 2, 362, 'Read'),
(2222, '2019-04-27 07:44:04', NULL, NULL, 1, 362, 'Read'),
(2223, '2019-04-27 07:44:11', '2019-04-27 07:44:11', NULL, 18, 317, 'Read'),
(2224, '2019-04-27 07:44:11', NULL, NULL, 17, 317, 'Read'),
(2225, '2019-04-27 07:44:11', NULL, NULL, 16, 317, 'Read'),
(2226, '2019-04-27 07:44:11', NULL, NULL, 15, 317, 'Read'),
(2227, '2019-04-27 07:44:11', NULL, NULL, 14, 317, 'Read'),
(2228, '2019-04-27 07:46:26', '2019-04-27 07:46:27', NULL, 18, 548, 'Read'),
(2229, '2019-04-27 07:46:26', NULL, NULL, 17, 548, 'Read'),
(2230, '2019-04-27 07:46:26', NULL, NULL, 16, 548, 'Read'),
(2231, '2019-04-27 07:46:26', NULL, NULL, 15, 548, 'Read'),
(2232, '2019-04-27 07:47:03', '2019-04-27 08:09:57', NULL, 18, 392, 'Read'),
(2233, '2019-04-27 07:47:03', NULL, NULL, 17, 392, 'Read'),
(2234, '2019-04-27 07:47:03', NULL, NULL, 16, 392, 'Read'),
(2235, '2019-04-27 07:47:03', NULL, NULL, 15, 392, 'Read'),
(2236, '2019-04-27 07:47:03', NULL, NULL, 14, 392, 'Read'),
(2237, '2019-04-27 07:47:03', NULL, NULL, 13, 392, 'Read'),
(2238, '2019-04-27 07:47:03', NULL, NULL, 12, 392, 'Read'),
(2239, '2019-04-27 07:47:03', NULL, NULL, 11, 392, 'Read'),
(2240, '2019-04-27 07:47:03', NULL, NULL, 10, 392, 'Read'),
(2241, '2019-04-27 07:47:03', NULL, NULL, 9, 392, 'Read'),
(2242, '2019-04-27 07:47:03', NULL, NULL, 8, 392, 'Read'),
(2243, '2019-04-27 07:48:32', '2019-04-27 07:48:37', NULL, 18, 373, 'Read'),
(2244, '2019-04-27 07:58:19', NULL, NULL, 18, 592, 'Read'),
(2245, '2019-04-27 07:58:19', NULL, NULL, 17, 592, 'Read'),
(2246, '2019-04-27 07:58:19', NULL, NULL, 16, 592, 'Read'),
(2247, '2019-04-27 07:58:19', NULL, NULL, 15, 592, 'Read'),
(2248, '2019-04-27 07:58:19', NULL, NULL, 14, 592, 'Read'),
(2249, '2019-04-27 07:58:19', NULL, NULL, 13, 592, 'Read'),
(2250, '2019-04-27 07:58:19', NULL, NULL, 12, 592, 'Read'),
(2251, '2019-04-27 07:58:19', NULL, NULL, 11, 592, 'Read'),
(2252, '2019-04-27 07:58:19', NULL, NULL, 10, 592, 'Read'),
(2253, '2019-04-27 07:58:19', NULL, NULL, 9, 592, 'Read'),
(2254, '2019-04-27 07:58:19', NULL, NULL, 8, 592, 'Read'),
(2255, '2019-04-27 07:58:19', NULL, NULL, 7, 592, 'Read'),
(2256, '2019-04-27 07:58:19', NULL, NULL, 6, 592, 'Read'),
(2257, '2019-04-27 07:58:19', NULL, NULL, 5, 592, 'Read'),
(2258, '2019-04-27 07:58:19', NULL, NULL, 3, 592, 'Read'),
(2259, '2019-04-27 07:58:19', NULL, NULL, 2, 592, 'Read'),
(2260, '2019-04-27 07:58:19', NULL, NULL, 1, 592, 'Read'),
(2261, '2019-04-27 07:59:12', NULL, NULL, 18, 103, 'Read'),
(2262, '2019-04-27 07:59:12', NULL, NULL, 17, 103, 'Read'),
(2263, '2019-04-27 07:59:12', NULL, NULL, 16, 103, 'Read'),
(2264, '2019-04-27 07:59:12', NULL, NULL, 15, 103, 'Read'),
(2265, '2019-04-27 07:59:12', NULL, NULL, 14, 103, 'Read'),
(2266, '2019-04-27 07:59:12', NULL, NULL, 13, 103, 'Read'),
(2267, '2019-04-27 07:59:12', NULL, NULL, 12, 103, 'Read'),
(2268, '2019-04-27 07:59:12', NULL, NULL, 11, 103, 'Read'),
(2269, '2019-04-27 07:59:12', NULL, NULL, 10, 103, 'Read'),
(2270, '2019-04-27 07:59:12', NULL, NULL, 9, 103, 'Read'),
(2271, '2019-04-27 07:59:12', NULL, NULL, 8, 103, 'Read'),
(2272, '2019-04-27 07:59:12', NULL, NULL, 7, 103, 'Read'),
(2273, '2019-04-27 07:59:12', NULL, NULL, 6, 103, 'Read'),
(2274, '2019-04-27 07:59:12', NULL, NULL, 5, 103, 'Read'),
(2275, '2019-04-27 07:59:12', NULL, NULL, 4, 103, 'Read'),
(2276, '2019-04-27 07:59:12', NULL, NULL, 3, 103, 'Read'),
(2277, '2019-04-27 07:59:12', NULL, NULL, 2, 103, 'Read'),
(2278, '2019-04-27 07:59:12', NULL, NULL, 1, 103, 'Read'),
(2279, '2019-04-27 08:02:37', '2019-04-27 08:02:59', NULL, 18, 472, 'Read'),
(2280, '2019-04-27 08:02:37', '2019-04-27 08:02:44', NULL, 17, 472, 'Read'),
(2281, '2019-04-27 08:02:37', '2019-04-27 08:02:46', NULL, 16, 472, 'Read'),
(2282, '2019-04-27 08:02:37', '2019-04-27 08:02:58', NULL, 15, 472, 'Read'),
(2283, '2019-04-27 08:02:37', '2019-04-27 08:03:06', NULL, 14, 472, 'Read'),
(2284, '2019-04-27 08:02:37', '2019-04-27 08:03:10', NULL, 13, 472, 'Read'),
(2285, '2019-04-27 08:02:37', '2019-04-27 08:03:08', NULL, 12, 472, 'Read'),
(2286, '2019-04-27 08:02:37', NULL, NULL, 11, 472, 'Read'),
(2287, '2019-04-27 08:02:37', NULL, NULL, 10, 472, 'Read'),
(2288, '2019-04-27 08:02:37', NULL, NULL, 9, 472, 'Read'),
(2289, '2019-04-27 08:02:37', NULL, NULL, 8, 472, 'Read'),
(2290, '2019-04-27 08:02:37', NULL, NULL, 7, 472, 'Read'),
(2291, '2019-04-27 08:02:37', NULL, NULL, 6, 472, 'Read'),
(2292, '2019-04-27 08:10:11', '2019-04-27 08:54:39', NULL, 18, 633, 'Read'),
(2293, '2019-04-27 08:10:11', NULL, NULL, 17, 633, 'Read'),
(2294, '2019-04-27 08:10:11', NULL, NULL, 16, 633, 'Read'),
(2295, '2019-04-27 08:10:11', NULL, NULL, 15, 633, 'Read'),
(2296, '2019-04-27 08:10:11', NULL, NULL, 14, 633, 'Read'),
(2297, '2019-04-27 08:10:11', NULL, NULL, 13, 633, 'Read'),
(2298, '2019-04-27 08:10:11', NULL, NULL, 12, 633, 'Read'),
(2299, '2019-04-27 08:10:11', NULL, NULL, 11, 633, 'Read'),
(2300, '2019-04-27 08:10:11', NULL, NULL, 10, 633, 'Read'),
(2301, '2019-04-27 08:10:11', NULL, NULL, 9, 633, 'Read'),
(2302, '2019-04-27 08:10:11', NULL, NULL, 8, 633, 'Read'),
(2303, '2019-04-27 08:10:11', NULL, NULL, 7, 633, 'Read'),
(2304, '2019-04-27 08:10:11', NULL, NULL, 6, 633, 'Read'),
(2305, '2019-04-27 08:14:13', '2019-04-27 08:14:14', NULL, 18, 366, 'Read'),
(2306, '2019-04-27 08:14:13', NULL, NULL, 17, 366, 'Read'),
(2307, '2019-04-27 08:14:13', NULL, NULL, 16, 366, 'Read'),
(2308, '2019-04-27 08:14:13', NULL, NULL, 15, 366, 'Read'),
(2309, '2019-04-27 08:14:13', NULL, NULL, 14, 366, 'Read'),
(2310, '2019-04-27 08:14:13', NULL, NULL, 13, 366, 'Read'),
(2311, '2019-04-27 08:14:13', NULL, NULL, 12, 366, 'Read'),
(2312, '2019-04-27 08:14:13', NULL, NULL, 11, 366, 'Read'),
(2313, '2019-04-27 08:14:13', NULL, NULL, 10, 366, 'Read'),
(2314, '2019-04-27 08:14:13', NULL, NULL, 9, 366, 'Read'),
(2315, '2019-04-27 08:14:13', NULL, NULL, 8, 366, 'Read'),
(2316, '2019-04-27 08:17:29', NULL, NULL, 18, 439, 'Read'),
(2317, '2019-04-27 08:17:29', NULL, NULL, 17, 439, 'Read'),
(2318, '2019-04-27 08:17:29', NULL, NULL, 16, 439, 'Read'),
(2319, '2019-04-27 08:17:29', NULL, NULL, 15, 439, 'Read'),
(2320, '2019-04-27 08:17:29', NULL, NULL, 14, 439, 'Read'),
(2321, '2019-04-27 08:22:23', '2019-04-27 08:22:54', NULL, 18, 270, 'Read'),
(2322, '2019-04-27 08:22:23', NULL, NULL, 17, 270, 'Read'),
(2323, '2019-04-27 08:34:13', '2019-04-27 11:53:11', NULL, 18, 355, 'Read'),
(2324, '2019-04-27 08:34:13', NULL, NULL, 17, 355, 'Read'),
(2325, '2019-04-27 08:34:13', NULL, NULL, 16, 355, 'Read'),
(2326, '2019-04-27 08:34:13', NULL, NULL, 15, 355, 'Read'),
(2327, '2019-04-27 08:35:56', '2019-04-27 14:11:47', NULL, 18, 367, 'Read'),
(2328, '2019-04-27 08:35:56', NULL, NULL, 18, 367, 'Read'),
(2329, '2019-04-27 08:35:56', NULL, NULL, 17, 367, 'Read'),
(2330, '2019-04-27 08:35:56', NULL, NULL, 16, 367, 'Read'),
(2331, '2019-04-27 08:35:56', NULL, NULL, 15, 367, 'Read'),
(2332, '2019-04-27 08:35:56', NULL, NULL, 14, 367, 'Read'),
(2333, '2019-04-27 08:35:56', NULL, NULL, 13, 367, 'Read'),
(2334, '2019-04-27 08:35:56', NULL, NULL, 12, 367, 'Read'),
(2335, '2019-04-27 08:35:56', NULL, NULL, 11, 367, 'Read'),
(2336, '2019-04-27 08:35:56', NULL, NULL, 10, 367, 'Read'),
(2337, '2019-04-27 08:35:56', NULL, NULL, 9, 367, 'Read'),
(2338, '2019-04-27 08:35:56', NULL, NULL, 8, 367, 'Read'),
(2339, '2019-04-27 08:35:56', NULL, NULL, 7, 367, 'Read'),
(2340, '2019-04-27 08:35:56', NULL, NULL, 6, 367, 'Read'),
(2341, '2019-04-27 08:46:12', '2019-04-27 14:08:41', NULL, 18, 307, 'Read'),
(2342, '2019-04-27 08:46:12', NULL, NULL, 17, 307, 'Read'),
(2343, '2019-04-27 08:55:00', NULL, NULL, 18, 281, 'Read'),
(2344, '2019-04-27 08:55:00', NULL, NULL, 17, 281, 'Read'),
(2345, '2019-04-27 08:55:00', NULL, NULL, 16, 281, 'Read'),
(2346, '2019-04-27 08:55:00', NULL, NULL, 15, 281, 'Read'),
(2347, '2019-04-27 08:55:00', NULL, NULL, 14, 281, 'Read'),
(2348, '2019-04-27 08:59:45', NULL, NULL, 18, 1, 'Read'),
(2349, '2019-04-27 08:59:45', NULL, NULL, 17, 1, 'Read'),
(2350, '2019-04-27 08:59:45', '2019-04-27 08:59:48', NULL, 16, 1, 'Read'),
(2351, '2019-04-27 09:00:21', '2019-04-27 09:00:21', NULL, 18, 330, 'Read'),
(2352, '2019-04-27 09:00:21', NULL, NULL, 17, 330, 'Read'),
(2353, '2019-04-27 09:00:21', NULL, NULL, 16, 330, 'Read'),
(2354, '2019-04-27 09:00:21', NULL, NULL, 15, 330, 'Read'),
(2355, '2019-04-27 09:00:21', NULL, NULL, 14, 330, 'Read'),
(2356, '2019-04-27 09:00:21', NULL, NULL, 13, 330, 'Read'),
(2357, '2019-04-27 09:00:21', NULL, NULL, 12, 330, 'Read'),
(2358, '2019-04-27 09:00:21', NULL, NULL, 11, 330, 'Read'),
(2359, '2019-04-27 09:00:21', NULL, NULL, 10, 330, 'Read'),
(2360, '2019-04-27 09:00:21', NULL, NULL, 9, 330, 'Read'),
(2361, '2019-04-27 09:00:21', NULL, NULL, 8, 330, 'Read'),
(2362, '2019-04-27 09:00:21', NULL, NULL, 7, 330, 'Read'),
(2363, '2019-04-27 09:00:21', NULL, NULL, 6, 330, 'Read'),
(2364, '2019-04-27 09:00:35', NULL, NULL, 18, 630, 'Read'),
(2365, '2019-04-27 09:00:35', NULL, NULL, 17, 630, 'Read'),
(2366, '2019-04-27 09:00:35', '2019-04-27 09:01:29', NULL, 16, 630, 'Read'),
(2367, '2019-04-27 09:00:35', '2019-04-27 09:01:27', NULL, 15, 630, 'Read'),
(2368, '2019-04-27 09:01:07', NULL, NULL, 18, 479, 'Read'),
(2369, '2019-04-27 09:01:07', NULL, NULL, 18, 479, 'Read'),
(2370, '2019-04-27 09:01:07', NULL, NULL, 17, 479, 'Read'),
(2371, '2019-04-27 09:01:07', '2019-04-27 09:01:14', NULL, 16, 479, 'Read'),
(2372, '2019-04-27 09:01:07', NULL, NULL, 15, 479, 'Read'),
(2373, '2019-04-27 09:01:07', NULL, NULL, 14, 479, 'Read'),
(2374, '2019-04-27 09:01:07', NULL, NULL, 13, 479, 'Read'),
(2375, '2019-04-27 09:01:07', NULL, NULL, 12, 479, 'Read'),
(2376, '2019-04-27 09:01:07', NULL, NULL, 11, 479, 'Read'),
(2377, '2019-04-27 09:01:07', NULL, NULL, 10, 479, 'Read'),
(2378, '2019-04-27 09:01:07', NULL, NULL, 9, 479, 'Read'),
(2379, '2019-04-27 09:01:07', NULL, NULL, 8, 479, 'Read'),
(2380, '2019-04-27 09:01:07', NULL, NULL, 7, 479, 'Read'),
(2381, '2019-04-27 09:01:07', NULL, NULL, 6, 479, 'Read'),
(2382, '2019-04-27 09:01:07', NULL, NULL, 5, 479, 'Read'),
(2383, '2019-04-27 09:01:07', NULL, NULL, 4, 479, 'Read'),
(2384, '2019-04-27 09:01:07', NULL, NULL, 3, 479, 'Read'),
(2385, '2019-04-27 09:01:07', NULL, NULL, 2, 479, 'Read'),
(2386, '2019-04-27 09:01:07', NULL, NULL, 1, 479, 'Read'),
(2387, '2019-04-27 09:02:07', NULL, NULL, 18, 183, 'Read'),
(2388, '2019-04-27 09:02:07', NULL, NULL, 17, 183, 'Read'),
(2389, '2019-04-27 09:02:07', NULL, NULL, 16, 183, 'Read'),
(2390, '2019-04-27 09:02:07', NULL, NULL, 15, 183, 'Read'),
(2391, '2019-04-27 09:02:07', NULL, NULL, 14, 183, 'Read'),
(2392, '2019-04-27 09:02:07', NULL, NULL, 13, 183, 'Read'),
(2393, '2019-04-27 09:02:07', '2019-04-27 09:02:07', NULL, 12, 183, 'Read'),
(2394, '2019-04-27 09:02:07', NULL, NULL, 11, 183, 'Read'),
(2395, '2019-04-27 09:02:07', NULL, NULL, 10, 183, 'Read'),
(2396, '2019-04-27 09:02:07', NULL, NULL, 9, 183, 'Read'),
(2397, '2019-04-27 09:02:07', NULL, NULL, 8, 183, 'Read'),
(2398, '2019-04-27 09:02:07', NULL, NULL, 7, 183, 'Read'),
(2399, '2019-04-27 09:02:07', NULL, NULL, 6, 183, 'Read'),
(2400, '2019-04-27 09:15:35', '2019-04-27 09:15:40', NULL, 18, 620, 'Read'),
(2401, '2019-04-27 09:15:35', NULL, NULL, 17, 620, 'Read'),
(2402, '2019-04-27 09:15:35', NULL, NULL, 16, 620, 'Read'),
(2403, '2019-04-27 09:15:35', NULL, NULL, 15, 620, 'Read'),
(2404, '2019-04-27 09:15:35', NULL, NULL, 14, 620, 'Read'),
(2405, '2019-04-27 09:15:35', NULL, NULL, 13, 620, 'Read'),
(2406, '2019-04-27 09:15:35', NULL, NULL, 12, 620, 'Read'),
(2407, '2019-04-27 09:15:35', NULL, NULL, 11, 620, 'Read'),
(2408, '2019-04-27 09:15:35', NULL, NULL, 10, 620, 'Read'),
(2409, '2019-04-27 09:23:54', NULL, NULL, 18, 69, 'Read'),
(2410, '2019-04-27 09:23:54', NULL, NULL, 17, 69, 'Read'),
(2411, '2019-04-27 09:23:54', NULL, NULL, 16, 69, 'Read'),
(2412, '2019-04-27 09:23:54', NULL, NULL, 15, 69, 'Read'),
(2413, '2019-04-27 09:23:54', NULL, NULL, 14, 69, 'Read'),
(2414, '2019-04-27 09:29:18', '2019-04-27 09:29:18', NULL, 18, 436, 'Read'),
(2415, '2019-04-27 09:29:18', NULL, NULL, 17, 436, 'Read'),
(2416, '2019-04-27 09:29:18', NULL, NULL, 16, 436, 'Read'),
(2417, '2019-04-27 09:29:18', NULL, NULL, 15, 436, 'Read'),
(2418, '2019-04-27 09:29:18', NULL, NULL, 14, 436, 'Read'),
(2419, '2019-04-27 09:29:18', NULL, NULL, 13, 436, 'Read'),
(2420, '2019-04-27 09:29:18', NULL, NULL, 12, 436, 'Read'),
(2421, '2019-04-27 09:29:18', NULL, NULL, 11, 436, 'Read'),
(2422, '2019-04-27 09:29:18', NULL, NULL, 10, 436, 'Read'),
(2423, '2019-04-27 09:29:18', NULL, NULL, 9, 436, 'Read'),
(2424, '2019-04-27 09:42:09', '2019-04-27 09:42:11', NULL, 18, 279, 'Read'),
(2425, '2019-04-27 09:42:09', '2019-04-27 09:42:14', NULL, 17, 279, 'Read'),
(2426, '2019-04-27 09:42:09', '2019-04-27 09:42:17', NULL, 16, 279, 'Read'),
(2427, '2019-04-27 09:42:09', '2019-04-27 09:42:22', NULL, 15, 279, 'Read'),
(2428, '2019-04-27 09:42:09', NULL, NULL, 14, 279, 'Read'),
(2429, '2019-04-27 09:42:09', NULL, NULL, 13, 279, 'Read'),
(2430, '2019-04-27 09:42:09', NULL, NULL, 12, 279, 'Read'),
(2431, '2019-04-27 09:42:09', NULL, NULL, 11, 279, 'Read'),
(2432, '2019-04-27 09:42:09', NULL, NULL, 10, 279, 'Read'),
(2433, '2019-04-27 09:42:09', NULL, NULL, 9, 279, 'Read'),
(2434, '2019-04-27 09:42:09', NULL, NULL, 8, 279, 'Read'),
(2435, '2019-04-27 09:42:09', NULL, NULL, 7, 279, 'Read'),
(2436, '2019-04-27 09:42:09', NULL, NULL, 6, 279, 'Read'),
(2437, '2019-04-27 09:42:09', NULL, NULL, 5, 279, 'Read'),
(2438, '2019-04-27 09:42:09', NULL, NULL, 4, 279, 'Read'),
(2439, '2019-04-27 09:42:09', NULL, NULL, 3, 279, 'Read'),
(2440, '2019-04-27 09:42:09', NULL, NULL, 2, 279, 'Read'),
(2441, '2019-04-27 09:42:09', NULL, NULL, 1, 279, 'Read'),
(2442, '2019-04-27 10:21:56', '2019-04-27 10:21:56', NULL, 18, 350, 'Read'),
(2443, '2019-04-27 10:21:56', NULL, NULL, 17, 350, 'Read'),
(2444, '2019-04-27 10:21:56', NULL, NULL, 16, 350, 'Read'),
(2445, '2019-04-27 10:21:56', NULL, NULL, 15, 350, 'Read'),
(2446, '2019-04-27 10:21:56', NULL, NULL, 14, 350, 'Read'),
(2447, '2019-04-27 11:17:13', NULL, NULL, 18, 158, 'Read'),
(2448, '2019-04-27 11:41:07', '2019-04-27 13:13:45', NULL, 18, 629, 'Read'),
(2449, '2019-04-27 11:41:07', NULL, NULL, 17, 629, 'Read'),
(2450, '2019-04-27 11:41:07', NULL, NULL, 16, 629, 'Read'),
(2451, '2019-04-27 11:41:07', NULL, NULL, 15, 629, 'Read'),
(2452, '2019-04-27 11:41:07', NULL, NULL, 14, 629, 'Read'),
(2453, '2019-04-27 11:41:07', NULL, NULL, 13, 629, 'Read');
INSERT INTO `notification_member` (`id`, `created_at`, `updated_at`, `deleted_at`, `id_notification`, `id_member`, `action_type`) VALUES
(2454, '2019-04-27 11:41:07', NULL, NULL, 12, 629, 'Read'),
(2455, '2019-04-27 11:41:07', NULL, NULL, 11, 629, 'Read'),
(2456, '2019-04-27 11:41:07', NULL, NULL, 10, 629, 'Read'),
(2457, '2019-04-27 11:41:07', NULL, NULL, 9, 629, 'Read'),
(2458, '2019-04-27 11:41:07', NULL, NULL, 8, 629, 'Read'),
(2459, '2019-04-27 11:41:07', NULL, NULL, 7, 629, 'Read'),
(2460, '2019-04-27 11:41:07', NULL, NULL, 6, 629, 'Read'),
(2461, '2019-04-27 11:44:16', NULL, NULL, 18, 421, 'Read'),
(2462, '2019-04-27 11:44:16', NULL, NULL, 17, 421, 'Read'),
(2463, '2019-04-27 11:44:16', NULL, NULL, 16, 421, 'Read'),
(2464, '2019-04-27 11:44:16', NULL, NULL, 15, 421, 'Read'),
(2465, '2019-04-27 11:44:16', NULL, NULL, 14, 421, 'Read'),
(2466, '2019-04-27 11:44:16', NULL, NULL, 13, 421, 'Read'),
(2467, '2019-04-27 11:44:16', NULL, NULL, 12, 421, 'Read'),
(2468, '2019-04-27 11:44:16', NULL, NULL, 11, 421, 'Read'),
(2469, '2019-04-27 11:44:16', NULL, NULL, 10, 421, 'Read'),
(2470, '2019-04-27 11:44:16', NULL, NULL, 9, 421, 'Read'),
(2471, '2019-04-27 11:44:16', NULL, NULL, 8, 421, 'Read'),
(2472, '2019-04-27 11:44:16', NULL, NULL, 7, 421, 'Read'),
(2473, '2019-04-27 11:44:16', NULL, NULL, 6, 421, 'Read'),
(2474, '2019-04-27 11:44:16', NULL, NULL, 5, 421, 'Read'),
(2475, '2019-04-27 12:24:27', '2019-04-27 12:24:50', NULL, 18, 607, 'Read'),
(2476, '2019-04-27 12:24:27', '2019-04-27 12:24:49', NULL, 17, 607, 'Read'),
(2477, '2019-04-27 12:24:27', '2019-04-27 12:24:48', NULL, 16, 607, 'Read'),
(2478, '2019-04-27 12:24:27', '2019-04-27 12:24:54', NULL, 15, 607, 'Read'),
(2479, '2019-04-27 12:24:27', '2019-04-27 14:53:55', NULL, 14, 607, 'Read'),
(2480, '2019-04-27 12:24:27', NULL, NULL, 13, 607, 'Read'),
(2481, '2019-04-27 12:24:27', NULL, NULL, 12, 607, 'Read'),
(2482, '2019-04-27 12:24:27', NULL, NULL, 11, 607, 'Read'),
(2483, '2019-04-27 12:24:27', NULL, NULL, 10, 607, 'Read'),
(2484, '2019-04-27 12:24:27', NULL, NULL, 9, 607, 'Read'),
(2485, '2019-04-27 12:24:27', NULL, NULL, 8, 607, 'Read'),
(2486, '2019-04-27 12:24:27', NULL, NULL, 7, 607, 'Read'),
(2487, '2019-04-27 12:24:27', NULL, NULL, 6, 607, 'Read'),
(2488, '2019-04-27 12:24:27', NULL, NULL, 5, 607, 'Read'),
(2489, '2019-04-27 12:24:27', NULL, NULL, 4, 607, 'Read'),
(2490, '2019-04-27 12:24:27', NULL, NULL, 3, 607, 'Read'),
(2491, '2019-04-27 12:24:27', NULL, NULL, 2, 607, 'Read'),
(2492, '2019-04-27 12:24:27', NULL, NULL, 1, 607, 'Read'),
(2493, '2019-04-27 12:40:24', NULL, NULL, 18, 549, 'Read'),
(2494, '2019-04-27 12:40:24', NULL, NULL, 17, 549, 'Read'),
(2495, '2019-04-27 12:40:24', NULL, NULL, 16, 549, 'Read'),
(2496, '2019-04-27 12:40:24', NULL, NULL, 15, 549, 'Read'),
(2497, '2019-04-27 12:40:24', NULL, NULL, 14, 549, 'Read'),
(2498, '2019-04-27 12:40:24', NULL, NULL, 13, 549, 'Read'),
(2499, '2019-04-27 12:40:24', NULL, NULL, 12, 549, 'Read'),
(2500, '2019-04-27 12:40:24', NULL, NULL, 11, 549, 'Read'),
(2501, '2019-04-27 12:40:24', NULL, NULL, 10, 549, 'Read'),
(2502, '2019-04-27 12:40:24', NULL, NULL, 9, 549, 'Read'),
(2503, '2019-04-27 12:40:24', NULL, NULL, 8, 549, 'Read'),
(2504, '2019-04-27 12:40:24', NULL, NULL, 7, 549, 'Read'),
(2505, '2019-04-27 12:40:24', NULL, NULL, 6, 549, 'Read'),
(2506, '2019-04-27 12:40:24', NULL, NULL, 5, 549, 'Read'),
(2507, '2019-04-27 12:40:24', NULL, NULL, 4, 549, 'Read'),
(2508, '2019-04-27 12:40:24', NULL, NULL, 3, 549, 'Read'),
(2509, '2019-04-27 12:40:24', NULL, NULL, 2, 549, 'Read'),
(2510, '2019-04-27 12:40:24', NULL, NULL, 1, 549, 'Read'),
(2511, '2019-04-27 12:52:14', '2019-04-27 12:52:21', NULL, 18, 315, 'Read'),
(2512, '2019-04-27 12:52:14', NULL, NULL, 17, 315, 'Read'),
(2513, '2019-04-27 12:52:14', NULL, NULL, 16, 315, 'Read'),
(2514, '2019-04-27 12:52:14', NULL, NULL, 15, 315, 'Read'),
(2515, '2019-04-27 12:52:14', NULL, NULL, 14, 315, 'Read'),
(2516, '2019-04-27 13:08:19', NULL, NULL, 18, 452, 'Read'),
(2517, '2019-04-27 13:08:19', NULL, NULL, 17, 452, 'Read'),
(2518, '2019-04-27 13:08:19', NULL, NULL, 16, 452, 'Read'),
(2519, '2019-04-27 13:08:19', NULL, NULL, 3, 452, 'Read'),
(2520, '2019-04-27 13:08:19', NULL, NULL, 15, 452, 'Read'),
(2521, '2019-04-27 13:08:19', NULL, NULL, 14, 452, 'Read'),
(2522, '2019-04-27 13:08:19', NULL, NULL, 13, 452, 'Read'),
(2523, '2019-04-27 13:08:19', NULL, NULL, 12, 452, 'Read'),
(2524, '2019-04-27 13:08:19', NULL, NULL, 11, 452, 'Read'),
(2525, '2019-04-27 13:08:19', NULL, NULL, 10, 452, 'Read'),
(2526, '2019-04-27 13:08:19', NULL, NULL, 9, 452, 'Read'),
(2527, '2019-04-27 13:08:19', NULL, NULL, 8, 452, 'Read'),
(2528, '2019-04-27 13:08:19', NULL, NULL, 7, 452, 'Read'),
(2529, '2019-04-27 13:08:19', NULL, NULL, 6, 452, 'Read'),
(2530, '2019-04-27 13:08:19', NULL, NULL, 5, 452, 'Read'),
(2531, '2019-04-27 13:08:19', NULL, NULL, 4, 452, 'Read'),
(2532, '2019-04-27 13:08:19', NULL, NULL, 3, 452, 'Read'),
(2533, '2019-04-27 13:08:19', NULL, NULL, 2, 452, 'Read'),
(2534, '2019-04-27 13:08:19', NULL, NULL, 1, 452, 'Read'),
(2535, '2019-04-27 13:43:14', '2019-04-27 13:43:15', NULL, 18, 539, 'Read'),
(2536, '2019-04-27 13:43:14', NULL, NULL, 17, 539, 'Read'),
(2537, '2019-04-27 13:43:14', NULL, NULL, 16, 539, 'Read'),
(2538, '2019-04-27 13:43:14', NULL, NULL, 15, 539, 'Read'),
(2539, '2019-04-27 13:43:14', NULL, NULL, 14, 539, 'Read'),
(2540, '2019-04-27 14:15:52', '2019-04-27 14:15:52', NULL, 18, 104, 'Read'),
(2541, '2019-04-27 14:15:52', NULL, NULL, 17, 104, 'Read'),
(2542, '2019-04-27 14:15:52', NULL, NULL, 16, 104, 'Read'),
(2543, '2019-04-27 14:15:52', NULL, NULL, 15, 104, 'Read'),
(2544, '2019-04-27 14:15:52', NULL, NULL, 14, 104, 'Read'),
(2545, '2019-04-27 14:15:52', NULL, NULL, 13, 104, 'Read'),
(2546, '2019-04-27 14:15:52', NULL, NULL, 12, 104, 'Read'),
(2547, '2019-04-27 14:15:52', NULL, NULL, 11, 104, 'Read'),
(2548, '2019-04-27 14:15:52', NULL, NULL, 10, 104, 'Read'),
(2549, '2019-04-27 14:15:52', NULL, NULL, 9, 104, 'Read'),
(2550, '2019-04-27 14:15:52', NULL, NULL, 8, 104, 'Read'),
(2551, '2019-04-27 14:15:52', NULL, NULL, 7, 104, 'Read'),
(2552, '2019-04-27 14:15:52', NULL, NULL, 6, 104, 'Read'),
(2553, '2019-04-27 14:15:52', NULL, NULL, 5, 104, 'Read'),
(2554, '2019-04-27 14:15:52', NULL, NULL, 4, 104, 'Read'),
(2555, '2019-04-27 14:15:52', NULL, NULL, 3, 104, 'Read'),
(2556, '2019-04-27 14:15:52', NULL, NULL, 2, 104, 'Read'),
(2557, '2019-04-27 14:15:52', NULL, NULL, 1, 104, 'Read'),
(2558, '2019-04-27 14:30:05', '2019-04-27 14:37:13', NULL, 19, 8, 'Read'),
(2559, '2019-04-27 14:30:06', '2019-04-27 14:30:08', NULL, 19, 499, 'Read'),
(2560, '2019-04-27 14:30:06', NULL, NULL, 18, 499, 'Read'),
(2561, '2019-04-27 14:30:06', NULL, NULL, 17, 499, 'Read'),
(2562, '2019-04-27 14:30:06', NULL, NULL, 16, 499, 'Read'),
(2563, '2019-04-27 14:30:06', NULL, NULL, 15, 499, 'Read'),
(2564, '2019-04-27 14:30:06', NULL, NULL, 14, 499, 'Read'),
(2565, '2019-04-27 14:30:06', NULL, NULL, 13, 499, 'Read'),
(2566, '2019-04-27 14:30:06', NULL, NULL, 12, 499, 'Read'),
(2567, '2019-04-27 14:30:06', NULL, NULL, 11, 499, 'Read'),
(2568, '2019-04-27 14:30:06', NULL, NULL, 10, 499, 'Read'),
(2569, '2019-04-27 14:30:06', NULL, NULL, 9, 499, 'Read'),
(2570, '2019-04-27 14:30:06', NULL, NULL, 8, 499, 'Read'),
(2571, '2019-04-27 14:30:06', NULL, NULL, 7, 499, 'Read'),
(2572, '2019-04-27 14:30:06', NULL, NULL, 6, 499, 'Read'),
(2573, '2019-04-27 14:30:07', '2019-04-27 14:30:08', NULL, 19, 9, 'Read'),
(2574, '2019-04-27 14:30:45', '2019-04-27 14:30:54', NULL, 19, 147, 'Read'),
(2575, '2019-04-27 14:30:46', '2019-04-27 14:32:51', NULL, 19, 437, 'Read'),
(2576, '2019-04-27 14:30:58', '2019-04-27 14:30:58', NULL, 19, 14, 'Read'),
(2577, '2019-04-27 14:31:28', NULL, NULL, 19, 592, 'Read'),
(2578, '2019-04-27 14:31:42', '2019-04-27 14:31:43', NULL, 19, 178, 'Read'),
(2579, '2019-04-27 14:31:51', '2019-04-27 14:31:55', NULL, 19, 121, 'Read'),
(2580, '2019-04-27 14:31:51', '2019-04-27 14:32:01', NULL, 18, 121, 'Read'),
(2581, '2019-04-27 14:31:51', '2019-04-27 14:32:04', NULL, 17, 121, 'Read'),
(2582, '2019-04-27 14:31:51', '2019-04-27 14:32:06', NULL, 16, 121, 'Read'),
(2583, '2019-04-27 14:31:51', '2019-04-27 14:32:08', NULL, 15, 121, 'Read'),
(2584, '2019-04-27 14:31:51', '2019-04-27 14:32:10', NULL, 14, 121, 'Read'),
(2585, '2019-04-27 14:31:51', '2019-04-27 14:32:12', NULL, 13, 121, 'Read'),
(2586, '2019-04-27 14:31:51', NULL, NULL, 12, 121, 'Read'),
(2587, '2019-04-27 14:31:51', NULL, NULL, 11, 121, 'Read'),
(2588, '2019-04-27 14:31:51', NULL, NULL, 10, 121, 'Read'),
(2589, '2019-04-27 14:31:51', NULL, NULL, 9, 121, 'Read'),
(2590, '2019-04-27 14:31:51', NULL, NULL, 8, 121, 'Read'),
(2591, '2019-04-27 14:31:51', NULL, NULL, 7, 121, 'Read'),
(2592, '2019-04-27 14:31:51', NULL, NULL, 6, 121, 'Read'),
(2593, '2019-04-27 14:31:51', NULL, NULL, 4, 121, 'Read'),
(2594, '2019-04-27 14:31:51', NULL, NULL, 3, 121, 'Read'),
(2595, '2019-04-27 14:31:51', NULL, NULL, 2, 121, 'Read'),
(2596, '2019-04-27 14:31:51', NULL, NULL, 1, 121, 'Read'),
(2597, '2019-04-27 14:32:53', '2019-04-27 14:32:54', NULL, 19, 127, 'Read'),
(2598, '2019-04-27 14:32:53', NULL, NULL, 18, 127, 'Read'),
(2599, '2019-04-27 14:32:53', NULL, NULL, 17, 127, 'Read'),
(2600, '2019-04-27 14:32:53', NULL, NULL, 16, 127, 'Read'),
(2601, '2019-04-27 14:32:53', NULL, NULL, 15, 127, 'Read'),
(2602, '2019-04-27 14:32:58', '2019-04-27 14:33:01', NULL, 19, 72, 'Read'),
(2603, '2019-04-27 14:32:58', NULL, NULL, 18, 72, 'Read'),
(2604, '2019-04-27 14:32:58', NULL, NULL, 17, 72, 'Read'),
(2605, '2019-04-27 14:32:58', NULL, NULL, 16, 72, 'Read'),
(2606, '2019-04-27 14:32:58', NULL, NULL, 15, 72, 'Read'),
(2607, '2019-04-27 14:32:58', NULL, NULL, 14, 72, 'Read'),
(2608, '2019-04-27 14:33:24', NULL, NULL, 19, 384, 'Read'),
(2609, '2019-04-27 14:33:24', NULL, NULL, 18, 384, 'Read'),
(2610, '2019-04-27 14:33:24', NULL, NULL, 17, 384, 'Read'),
(2611, '2019-04-27 14:33:24', NULL, NULL, 16, 384, 'Read'),
(2612, '2019-04-27 14:33:24', NULL, NULL, 15, 384, 'Read'),
(2613, '2019-04-27 14:33:24', NULL, NULL, 14, 384, 'Read'),
(2614, '2019-04-27 14:33:24', NULL, NULL, 13, 384, 'Read'),
(2615, '2019-04-27 14:33:24', NULL, NULL, 12, 384, 'Read'),
(2616, '2019-04-27 14:33:24', NULL, NULL, 11, 384, 'Read'),
(2617, '2019-04-27 14:33:24', NULL, NULL, 10, 384, 'Read'),
(2618, '2019-04-27 14:33:24', NULL, NULL, 9, 384, 'Read'),
(2619, '2019-04-27 14:33:24', NULL, NULL, 8, 384, 'Read'),
(2620, '2019-04-27 14:33:24', NULL, NULL, 7, 384, 'Read'),
(2621, '2019-04-27 14:33:24', NULL, NULL, 6, 384, 'Read'),
(2622, '2019-04-27 14:35:03', NULL, NULL, 19, 645, 'Read'),
(2623, '2019-04-27 14:35:59', '2019-04-27 14:36:00', NULL, 19, 181, 'Read'),
(2624, '2019-04-27 14:36:50', '2019-04-27 14:36:50', NULL, 19, 275, 'Read'),
(2625, '2019-04-27 14:37:21', '2019-04-27 14:37:21', NULL, 19, 355, 'Read'),
(2626, '2019-04-27 14:40:40', '2019-04-27 14:40:40', NULL, 19, 602, 'Read'),
(2627, '2019-04-27 14:44:06', '2019-04-27 14:44:07', NULL, 19, 462, 'Read'),
(2628, '2019-04-27 14:44:07', NULL, NULL, 18, 462, 'Read'),
(2629, '2019-04-27 14:44:07', NULL, NULL, 17, 462, 'Read'),
(2630, '2019-04-27 14:44:07', NULL, NULL, 16, 462, 'Read'),
(2631, '2019-04-27 14:44:07', NULL, NULL, 15, 462, 'Read'),
(2632, '2019-04-27 14:44:07', NULL, NULL, 14, 462, 'Read'),
(2633, '2019-04-27 14:44:07', NULL, NULL, 13, 462, 'Read'),
(2634, '2019-04-27 14:44:07', NULL, NULL, 12, 462, 'Read'),
(2635, '2019-04-27 14:44:07', NULL, NULL, 11, 462, 'Read'),
(2636, '2019-04-27 14:44:07', NULL, NULL, 10, 462, 'Read'),
(2637, '2019-04-27 14:44:07', NULL, NULL, 9, 462, 'Read'),
(2638, '2019-04-27 14:44:07', NULL, NULL, 8, 462, 'Read'),
(2639, '2019-04-27 14:44:07', NULL, NULL, 7, 462, 'Read'),
(2640, '2019-04-27 14:44:07', NULL, NULL, 6, 462, 'Read'),
(2641, '2019-04-27 14:44:07', NULL, NULL, 5, 462, 'Read'),
(2642, '2019-04-27 14:44:07', NULL, NULL, 4, 462, 'Read'),
(2643, '2019-04-27 14:44:07', NULL, NULL, 3, 462, 'Read'),
(2644, '2019-04-27 14:44:07', NULL, NULL, 2, 462, 'Read'),
(2645, '2019-04-27 14:44:07', NULL, NULL, 1, 462, 'Read'),
(2646, '2019-04-27 14:44:35', '2019-04-27 14:44:40', NULL, 19, 317, 'Read'),
(2647, '2019-04-27 14:45:05', '2019-04-27 14:45:11', NULL, 19, 172, 'Read'),
(2648, '2019-04-27 14:47:12', '2019-04-27 14:47:20', NULL, 19, 228, 'Read'),
(2649, '2019-04-27 14:47:12', NULL, NULL, 18, 228, 'Read'),
(2650, '2019-04-27 14:47:12', NULL, NULL, 17, 228, 'Read'),
(2651, '2019-04-27 14:47:12', NULL, NULL, 16, 228, 'Read'),
(2652, '2019-04-27 14:47:12', NULL, NULL, 15, 228, 'Read'),
(2653, '2019-04-27 14:47:12', NULL, NULL, 14, 228, 'Read'),
(2654, '2019-04-27 14:47:12', NULL, NULL, 13, 228, 'Read'),
(2655, '2019-04-27 14:47:12', NULL, NULL, 12, 228, 'Read'),
(2656, '2019-04-27 14:47:12', NULL, NULL, 11, 228, 'Read'),
(2657, '2019-04-27 14:47:12', NULL, NULL, 10, 228, 'Read'),
(2658, '2019-04-27 14:47:12', NULL, NULL, 9, 228, 'Read'),
(2659, '2019-04-27 14:47:12', NULL, NULL, 8, 228, 'Read'),
(2660, '2019-04-27 14:47:12', NULL, NULL, 7, 228, 'Read'),
(2661, '2019-04-27 14:47:12', NULL, NULL, 6, 228, 'Read'),
(2662, '2019-04-27 14:47:12', NULL, NULL, 5, 228, 'Read'),
(2663, '2019-04-27 14:47:12', NULL, NULL, 4, 228, 'Read'),
(2664, '2019-04-27 14:47:12', NULL, NULL, 3, 228, 'Read'),
(2665, '2019-04-27 14:47:12', NULL, NULL, 2, 228, 'Read'),
(2666, '2019-04-27 14:47:12', NULL, NULL, 1, 228, 'Read'),
(2667, '2019-04-27 14:48:17', '2019-04-27 14:48:20', NULL, 19, 64, 'Read'),
(2668, '2019-04-27 14:48:17', NULL, NULL, 18, 64, 'Read'),
(2669, '2019-04-27 14:48:17', NULL, NULL, 17, 64, 'Read'),
(2670, '2019-04-27 14:48:17', NULL, NULL, 16, 64, 'Read'),
(2671, '2019-04-27 14:48:17', NULL, NULL, 15, 64, 'Read'),
(2672, '2019-04-27 14:48:17', NULL, NULL, 14, 64, 'Read'),
(2673, '2019-04-27 14:48:17', NULL, NULL, 13, 64, 'Read'),
(2674, '2019-04-27 14:48:17', NULL, NULL, 11, 64, 'Read'),
(2675, '2019-04-27 14:48:22', NULL, NULL, 19, 2, 'Read'),
(2676, '2019-04-27 14:48:22', '2019-04-27 14:48:23', NULL, 33, 471, 'Read'),
(2677, '2019-04-27 14:48:22', NULL, NULL, 19, 471, 'Read'),
(2678, '2019-04-27 14:48:22', NULL, NULL, 18, 471, 'Read'),
(2679, '2019-04-27 14:48:24', NULL, NULL, 33, 2, 'Read'),
(2680, '2019-04-27 14:51:13', '2019-04-27 15:03:38', NULL, 33, 127, 'Read'),
(2681, '2019-04-27 14:51:29', '2019-04-27 14:51:31', NULL, 33, 617, 'Read'),
(2682, '2019-04-27 14:51:29', NULL, NULL, 19, 617, 'Read'),
(2683, '2019-04-27 14:51:43', '2019-04-27 14:51:43', NULL, 33, 377, 'Read'),
(2684, '2019-04-27 14:51:43', NULL, NULL, 19, 377, 'Read'),
(2685, '2019-04-27 14:51:58', '2019-04-27 14:51:59', NULL, 33, 563, 'Read'),
(2686, '2019-04-27 14:51:58', '2019-04-27 14:52:06', NULL, 19, 563, 'Read'),
(2687, '2019-04-27 14:52:00', '2019-04-27 14:52:07', NULL, 33, 172, 'Read'),
(2688, '2019-04-27 14:52:10', NULL, NULL, 33, 608, 'Read'),
(2689, '2019-04-27 14:53:35', NULL, NULL, 33, 9, 'Read'),
(2690, '2019-04-27 14:53:36', '2019-04-27 14:53:42', NULL, 33, 454, 'Read'),
(2691, '2019-04-27 14:53:36', NULL, NULL, 19, 454, 'Read'),
(2692, '2019-04-27 14:53:36', NULL, NULL, 18, 454, 'Read'),
(2693, '2019-04-27 14:53:36', NULL, NULL, 17, 454, 'Read'),
(2694, '2019-04-27 14:53:36', NULL, NULL, 16, 454, 'Read'),
(2695, '2019-04-27 14:53:36', NULL, NULL, 15, 454, 'Read'),
(2696, '2019-04-27 14:53:36', NULL, NULL, 14, 454, 'Read'),
(2697, '2019-04-27 14:53:36', NULL, NULL, 13, 454, 'Read'),
(2698, '2019-04-27 14:53:36', NULL, NULL, 12, 454, 'Read'),
(2699, '2019-04-27 14:53:36', NULL, NULL, 11, 454, 'Read'),
(2700, '2019-04-27 14:53:36', NULL, NULL, 10, 454, 'Read'),
(2701, '2019-04-27 14:53:36', NULL, NULL, 9, 454, 'Read'),
(2702, '2019-04-27 14:53:36', NULL, NULL, 8, 454, 'Read'),
(2703, '2019-04-27 14:53:36', NULL, NULL, 7, 454, 'Read'),
(2704, '2019-04-27 14:53:36', NULL, NULL, 6, 454, 'Read'),
(2705, '2019-04-27 14:53:36', NULL, NULL, 5, 454, 'Read'),
(2706, '2019-04-27 14:53:36', NULL, NULL, 4, 454, 'Read'),
(2707, '2019-04-27 14:53:36', NULL, NULL, 3, 454, 'Read'),
(2708, '2019-04-27 14:53:36', NULL, NULL, 2, 454, 'Read'),
(2709, '2019-04-27 14:53:36', NULL, NULL, 1, 454, 'Read'),
(2710, '2019-04-27 14:54:11', '2019-04-27 14:54:11', NULL, 33, 72, 'Read'),
(2711, '2019-04-27 14:54:21', '2019-04-27 14:54:21', NULL, 33, 147, 'Read'),
(2712, '2019-04-27 14:54:32', '2019-04-27 14:54:40', NULL, 33, 564, 'Read'),
(2713, '2019-04-27 14:54:32', NULL, NULL, 19, 564, 'Read'),
(2714, '2019-04-27 14:54:32', NULL, NULL, 18, 564, 'Read'),
(2715, '2019-04-27 14:54:32', NULL, NULL, 17, 564, 'Read'),
(2716, '2019-04-27 14:54:32', NULL, NULL, 16, 564, 'Read'),
(2717, '2019-04-27 14:54:32', NULL, NULL, 15, 564, 'Read'),
(2718, '2019-04-27 14:54:32', NULL, NULL, 14, 564, 'Read'),
(2719, '2019-04-27 14:54:32', NULL, NULL, 13, 564, 'Read'),
(2720, '2019-04-27 14:54:32', NULL, NULL, 12, 564, 'Read'),
(2721, '2019-04-27 14:54:32', NULL, NULL, 11, 564, 'Read'),
(2722, '2019-04-27 14:54:32', NULL, NULL, 10, 564, 'Read'),
(2723, '2019-04-27 14:54:32', NULL, NULL, 9, 564, 'Read'),
(2724, '2019-04-27 14:54:32', NULL, NULL, 8, 564, 'Read'),
(2725, '2019-04-27 14:54:32', NULL, NULL, 7, 564, 'Read'),
(2726, '2019-04-27 14:54:32', NULL, NULL, 6, 564, 'Read'),
(2727, '2019-04-27 14:54:32', NULL, NULL, 5, 564, 'Read'),
(2728, '2019-04-27 14:54:32', NULL, NULL, 4, 564, 'Read'),
(2729, '2019-04-27 14:54:32', NULL, NULL, 3, 564, 'Read'),
(2730, '2019-04-27 14:54:32', NULL, NULL, 2, 564, 'Read'),
(2731, '2019-04-27 14:54:32', NULL, NULL, 1, 564, 'Read'),
(2732, '2019-04-27 14:55:02', '2019-04-27 14:55:16', NULL, 33, 634, 'Read'),
(2733, '2019-04-27 14:55:02', NULL, NULL, 19, 634, 'Read'),
(2734, '2019-04-27 14:55:04', '2019-04-27 14:55:06', NULL, 33, 192, 'Read'),
(2735, '2019-04-27 14:55:04', NULL, NULL, 19, 192, 'Read'),
(2736, '2019-04-27 14:55:04', NULL, NULL, 18, 192, 'Read'),
(2737, '2019-04-27 14:55:04', NULL, NULL, 17, 192, 'Read'),
(2738, '2019-04-27 14:55:04', NULL, NULL, 16, 192, 'Read'),
(2739, '2019-04-27 14:55:04', NULL, NULL, 15, 192, 'Read'),
(2740, '2019-04-27 14:55:04', NULL, NULL, 14, 192, 'Read'),
(2741, '2019-04-27 14:55:04', NULL, NULL, 13, 192, 'Read'),
(2742, '2019-04-27 14:55:04', NULL, NULL, 12, 192, 'Read'),
(2743, '2019-04-27 14:55:04', NULL, NULL, 11, 192, 'Read'),
(2744, '2019-04-27 14:55:04', NULL, NULL, 10, 192, 'Read'),
(2745, '2019-04-27 14:55:04', NULL, NULL, 9, 192, 'Read'),
(2746, '2019-04-27 14:55:04', NULL, NULL, 8, 192, 'Read'),
(2747, '2019-04-27 14:55:04', NULL, NULL, 7, 192, 'Read'),
(2748, '2019-04-27 14:55:04', NULL, NULL, 6, 192, 'Read'),
(2749, '2019-04-27 14:55:04', NULL, NULL, 5, 192, 'Read'),
(2750, '2019-04-27 14:55:04', NULL, NULL, 4, 192, 'Read'),
(2751, '2019-04-27 14:55:04', NULL, NULL, 3, 192, 'Read'),
(2752, '2019-04-27 14:55:04', NULL, NULL, 2, 192, 'Read'),
(2753, '2019-04-27 14:55:04', NULL, NULL, 1, 192, 'Read'),
(2754, '2019-04-27 14:59:43', '2019-04-27 14:59:43', NULL, 33, 645, 'Read'),
(2755, '2019-04-27 14:59:56', '2019-04-27 14:59:56', NULL, 33, 244, 'Read'),
(2756, '2019-04-27 14:59:56', '2019-04-27 15:00:04', NULL, 19, 244, 'Read'),
(2757, '2019-04-27 15:00:05', NULL, NULL, 33, 512, 'Read'),
(2758, '2019-04-27 15:00:05', NULL, NULL, 19, 512, 'Read'),
(2759, '2019-04-27 15:00:16', '2019-04-27 15:00:16', NULL, 33, 492, 'Read'),
(2760, '2019-04-27 15:00:16', '2019-04-27 15:00:22', NULL, 19, 492, 'Read'),
(2761, '2019-04-27 15:00:48', NULL, NULL, 33, 183, 'Read'),
(2762, '2019-04-27 15:00:48', NULL, NULL, 19, 183, 'Read'),
(2763, '2019-04-27 15:02:47', '2019-04-27 15:02:47', NULL, 33, 178, 'Read'),
(2764, '2019-04-27 15:03:05', '2019-04-27 15:03:06', NULL, 33, 491, 'Read'),
(2765, '2019-04-27 15:03:05', NULL, NULL, 19, 491, 'Read'),
(2766, '2019-04-27 15:03:05', NULL, NULL, 18, 491, 'Read'),
(2767, '2019-04-27 15:03:05', NULL, NULL, 17, 491, 'Read'),
(2768, '2019-04-27 15:03:05', NULL, NULL, 16, 491, 'Read'),
(2769, '2019-04-27 15:03:05', NULL, NULL, 15, 491, 'Read'),
(2770, '2019-04-27 15:03:05', NULL, NULL, 14, 491, 'Read'),
(2771, '2019-04-27 15:03:05', NULL, NULL, 13, 491, 'Read'),
(2772, '2019-04-27 15:03:05', NULL, NULL, 12, 491, 'Read'),
(2773, '2019-04-27 15:03:05', NULL, NULL, 11, 491, 'Read'),
(2774, '2019-04-27 15:03:05', NULL, NULL, 10, 491, 'Read'),
(2775, '2019-04-27 15:03:05', NULL, NULL, 9, 491, 'Read'),
(2776, '2019-04-27 15:03:05', NULL, NULL, 8, 491, 'Read'),
(2777, '2019-04-27 15:03:05', NULL, NULL, 7, 491, 'Read'),
(2778, '2019-04-27 15:03:05', NULL, NULL, 6, 491, 'Read'),
(2779, '2019-04-27 15:03:05', NULL, NULL, 5, 491, 'Read'),
(2780, '2019-04-27 15:13:37', '2019-04-27 15:13:38', NULL, 33, 621, 'Read'),
(2781, '2019-04-27 15:13:37', NULL, NULL, 19, 621, 'Read'),
(2782, '2019-04-27 15:15:12', '2019-04-27 15:15:13', NULL, 33, 260, 'Read'),
(2783, '2019-04-27 15:15:12', NULL, NULL, 19, 260, 'Read'),
(2784, '2019-04-27 15:15:12', NULL, NULL, 18, 260, 'Read'),
(2785, '2019-04-27 15:15:12', NULL, NULL, 17, 260, 'Read'),
(2786, '2019-04-27 15:15:12', NULL, NULL, 16, 260, 'Read'),
(2787, '2019-04-27 15:15:12', NULL, NULL, 15, 260, 'Read'),
(2788, '2019-04-27 15:16:57', '2019-04-27 15:16:58', NULL, 33, 201, 'Read'),
(2789, '2019-04-27 15:16:57', '2019-04-27 15:17:03', NULL, 19, 201, 'Read'),
(2790, '2019-04-27 15:16:57', '2019-04-27 15:17:05', NULL, 18, 201, 'Read'),
(2791, '2019-04-27 15:16:57', '2019-04-27 15:17:09', NULL, 17, 201, 'Read'),
(2792, '2019-04-27 15:16:57', '2019-04-27 15:17:11', NULL, 16, 201, 'Read'),
(2793, '2019-04-27 15:16:57', '2019-04-27 15:17:15', NULL, 15, 201, 'Read'),
(2794, '2019-04-27 15:16:57', '2019-04-27 15:17:17', NULL, 14, 201, 'Read');

-- --------------------------------------------------------

--
-- Table structure for table `qna`
--

CREATE TABLE `qna` (
  `id` int(11) NOT NULL,
  `created_at` datetime DEFAULT NULL,
  `updated_at` datetime DEFAULT NULL,
  `deleted_at` datetime DEFAULT NULL,
  `id_member` int(11) DEFAULT NULL,
  `id_speaker` int(11) DEFAULT NULL
) ENGINE=InnoDB DEFAULT CHARSET=latin1;

--
-- Dumping data for table `qna`
--

INSERT INTO `qna` (`id`, `created_at`, `updated_at`, `deleted_at`, `id_member`, `id_speaker`) VALUES
(1, '2019-04-09 09:11:40', '2019-04-09 09:11:40', NULL, 1, 1),
(2, '2019-04-18 16:47:12', '2019-04-18 16:47:12', NULL, 1, 2),
(3, '2019-04-23 10:00:03', '2019-04-23 10:00:03', NULL, 2, 1),
(4, '2019-04-23 12:28:47', '2019-04-23 12:28:47', NULL, 325, 1),
(5, '2019-04-23 12:31:21', '2019-04-23 12:31:21', NULL, 526, 1),
(6, '2019-04-23 12:34:04', '2019-04-23 12:34:04', NULL, 221, 1),
(7, '2019-04-23 14:47:46', '2019-04-23 14:47:46', NULL, 299, 1),
(8, '2019-04-23 14:47:50', '2019-04-23 14:47:50', NULL, 362, 1),
(9, '2019-04-23 15:22:35', '2019-04-23 15:22:35', NULL, 355, 1),
(10, '2019-04-23 17:22:19', '2019-04-23 17:22:19', NULL, 339, 1),
(11, '2019-04-23 17:43:51', '2019-04-23 17:43:51', NULL, 5, 1),
(12, '2019-04-23 18:23:30', '2019-04-23 18:23:30', NULL, 265, 1),
(13, '2019-04-23 18:42:04', '2019-04-23 18:42:04', NULL, 232, 1),
(14, '2019-04-23 18:54:33', '2019-04-23 18:54:33', NULL, 89, 1),
(15, '2019-04-23 20:12:13', '2019-04-23 20:12:13', NULL, 432, 1),
(16, '2019-04-24 23:46:22', '2019-04-24 23:46:22', NULL, 112, 1),
(17, '2019-04-25 11:45:37', '2019-04-25 11:45:37', NULL, 37, 1),
(18, '2019-04-25 17:25:44', '2019-04-25 17:25:44', NULL, 235, 1),
(19, '2019-04-25 21:14:27', '2019-04-25 21:14:27', NULL, 217, 1),
(20, '2019-04-26 17:45:04', '2019-04-26 17:45:04', NULL, 592, 1),
(21, '2019-04-26 22:23:17', '2019-04-26 22:23:17', NULL, 539, 1),
(22, '2019-04-27 05:37:50', '2019-04-27 05:37:50', NULL, 175, 1),
(23, '2019-04-27 05:56:19', '2019-04-27 05:56:19', NULL, 223, 1),
(24, '2019-04-27 06:34:01', '2019-04-27 06:34:01', NULL, 602, 1),
(25, '2019-04-27 14:59:44', '2019-04-27 14:59:44', NULL, 271, 1);

-- --------------------------------------------------------

--
-- Table structure for table `qna_detail`
--

CREATE TABLE `qna_detail` (
  `id` int(11) NOT NULL,
  `created_at` datetime DEFAULT NULL,
  `updated_at` datetime DEFAULT NULL,
  `deleted_at` datetime DEFAULT NULL,
  `id_qna` int(11) DEFAULT NULL,
  `message` text,
  `type` varchar(6) DEFAULT NULL
) ENGINE=InnoDB DEFAULT CHARSET=latin1;

--
-- Dumping data for table `qna_detail`
--

INSERT INTO `qna_detail` (`id`, `created_at`, `updated_at`, `deleted_at`, `id_qna`, `message`, `type`) VALUES
(1, '2019-04-09 09:11:44', NULL, NULL, 1, 'testing', 'Member'),
(2, '2019-04-14 16:16:16', NULL, NULL, 1, 'testing user', 'Member'),
(3, '2019-04-14 16:17:04', NULL, NULL, 1, 'testing user', 'Member'),
(4, '2019-04-14 16:24:35', NULL, NULL, 1, 'testing', 'Admin'),
(5, '2019-04-17 22:25:39', NULL, NULL, 1, 'test', 'Admin'),
(6, '2019-04-17 22:26:58', NULL, NULL, 1, 'halo', 'Admin'),
(7, '2019-04-18 12:37:51', NULL, NULL, 1, 'testing tanya qna', 'Member'),
(8, '2019-04-18 12:39:07', NULL, NULL, 1, 'baik kami akan menjawab pertanyaan anda', 'Admin'),
(9, '2019-04-18 12:41:13', NULL, NULL, 1, 'tess', 'Admin'),
(10, '2019-04-19 11:09:10', NULL, NULL, 1, 'Halo', 'Admin'),
(11, '2019-04-19 11:10:02', NULL, NULL, 1, 'halo kak', 'Admin'),
(12, '2019-04-19 11:15:50', NULL, NULL, 1, 'halo kak', 'Admin'),
(13, '2019-04-19 11:16:06', NULL, NULL, 1, 'again', 'Admin'),
(14, '2019-04-22 18:37:59', NULL, NULL, 1, 'halo admin', 'Member'),
(15, '2019-04-23 12:31:57', NULL, NULL, 5, 'Hai admin, kita berangkat ke airport ada transport nya?', 'Member'),
(16, '2019-04-23 12:34:17', NULL, NULL, 6, 'Admin..flight details saya ga ada', 'Member'),
(17, '2019-04-23 12:34:27', NULL, NULL, 6, 'Trus saya stay di hotel mana juga ga ada', 'Member'),
(18, '2019-04-23 14:48:28', NULL, NULL, 8, 'dear admin, mau tanya, kalo pindah jam penerbangan kira2 bs gak ya? thanks', 'Member'),
(19, '2019-04-23 15:22:59', NULL, NULL, 9, 'DKPH apaan ya?', 'Member'),
(20, '2019-04-24 23:46:50', NULL, NULL, 16, 'min, ga ada dress code pas gala dinner yah?', 'Member'),
(21, '2019-04-27 00:28:27', NULL, NULL, 1, 'test notif qna', 'Member'),
(22, '2019-04-27 00:28:49', NULL, NULL, 1, 'tes notif qna', 'Member'),
(23, '2019-04-27 00:30:16', NULL, NULL, 1, 'tes qna', 'Member'),
(24, '2019-04-27 00:32:41', NULL, NULL, 1, 'tes notif backend wna', 'Member'),
(25, '2019-04-27 05:38:16', NULL, NULL, 22, 'maap ini yg di bintang bali resort pd checkout smua ke hotel lain?', 'Member'),
(26, '2019-04-27 05:56:33', NULL, NULL, 23, 'tas nya lgsg dibawa turun atau gmn?', 'Member'),
(27, '2019-04-27 07:30:22', NULL, NULL, 22, 'Bisa tolong bantu cek room list ya kak', 'Admin'),
(28, '2019-04-27 07:31:07', NULL, NULL, 23, 'Bisa tolong bantu cek room list ya kak', 'Admin'),
(29, '2019-04-27 07:32:30', NULL, NULL, 16, 'Ga ada kak', 'Admin'),
(30, '2019-04-27 07:33:42', NULL, NULL, 8, 'Mohon maaf kak tidak bisa', 'Admin'),
(31, '2019-04-27 07:34:22', NULL, NULL, 6, 'Sudah cek di list dokumem di apps nya kak?', 'Admin'),
(32, '2019-04-27 07:34:52', NULL, NULL, 5, 'Tidak ada kak', 'Admin'),
(33, '2019-04-27 14:59:57', NULL, NULL, 25, 'Kamar 2029 msh blom dapat extra bed', 'Member'),
(34, '2019-04-27 15:01:07', NULL, NULL, 25, 'Halo Admin,\nkamar kami, kamar nomer 2029 blom dapat extra bed', 'Member'),
(35, '2019-04-27 15:01:54', NULL, NULL, 25, 'Jadi baru ada 2 bed. kami 3 orang. gede2 badan semua', 'Member');

-- --------------------------------------------------------

--
-- Table structure for table `quiz`
--

CREATE TABLE `quiz` (
  `id` int(11) NOT NULL,
  `created_at` datetime DEFAULT NULL,
  `updated_at` datetime DEFAULT NULL,
  `deleted_at` datetime DEFAULT NULL,
  `name` varchar(255) DEFAULT NULL,
  `status` varchar(3) DEFAULT NULL,
  `sort` int(11) DEFAULT NULL
) ENGINE=InnoDB DEFAULT CHARSET=utf8;

--
-- Dumping data for table `quiz`
--

INSERT INTO `quiz` (`id`, `created_at`, `updated_at`, `deleted_at`, `name`, `status`, `sort`) VALUES
(1, '2019-03-18 08:59:31', '2019-03-19 09:59:28', NULL, 'Quiz 1', 'Yes', 1),
(2, '2019-03-19 09:48:49', '2019-03-19 13:31:46', NULL, 'Quiz 2', 'Yes', 2),
(3, '2019-03-19 14:16:26', '2019-03-19 16:11:15', NULL, 'Quiz 3', 'Yes', 3);

-- --------------------------------------------------------

--
-- Table structure for table `quiz_answer`
--

CREATE TABLE `quiz_answer` (
  `id` int(11) NOT NULL,
  `created_at` datetime DEFAULT NULL,
  `updated_at` datetime DEFAULT NULL,
  `deleted_at` datetime DEFAULT NULL,
  `id_member` int(11) DEFAULT NULL,
  `id_quiz` int(11) DEFAULT NULL,
  `point` int(11) DEFAULT NULL,
  `seconds` float DEFAULT NULL
) ENGINE=InnoDB DEFAULT CHARSET=utf8;

--
-- Dumping data for table `quiz_answer`
--

INSERT INTO `quiz_answer` (`id`, `created_at`, `updated_at`, `deleted_at`, `id_member`, `id_quiz`, `point`, `seconds`) VALUES
(1, '2019-04-15 02:46:54', '2019-04-15 03:07:50', NULL, 1, 1, 40, 85.0796);

-- --------------------------------------------------------

--
-- Table structure for table `quiz_answer_detail`
--

CREATE TABLE `quiz_answer_detail` (
  `id` int(11) NOT NULL,
  `created_at` datetime DEFAULT NULL,
  `updated_at` datetime DEFAULT NULL,
  `deleted_at` datetime DEFAULT NULL,
  `id_quiz_answer` int(11) DEFAULT NULL,
  `id_quiz_question` int(11) DEFAULT NULL,
  `answer` varchar(1) DEFAULT NULL,
  `point` int(11) DEFAULT NULL,
  `second` float DEFAULT NULL,
  `datetime_start` varchar(50) DEFAULT NULL,
  `datetime_end` varchar(50) DEFAULT NULL
) ENGINE=InnoDB DEFAULT CHARSET=utf8;

--
-- Dumping data for table `quiz_answer_detail`
--

INSERT INTO `quiz_answer_detail` (`id`, `created_at`, `updated_at`, `deleted_at`, `id_quiz_answer`, `id_quiz_question`, `answer`, `point`, `second`, `datetime_start`, `datetime_end`) VALUES
(1, '2019-04-15 03:07:50', NULL, NULL, 1, 1, 'B', 10, 24.9989, '2019-04-15 01:44:40.0012', '2019-04-15 01:45:05.0001'),
(2, '2019-04-15 03:07:50', NULL, NULL, 1, 2, 'A', 0, 10.4464, '2019-04-15 01:45:50.8271', '2019-04-15 01:46:01.2735'),
(3, '2019-04-15 03:07:50', NULL, NULL, 1, 3, 'D', 10, 15.5613, '2019-04-15 01:46:10.1263', '2019-04-15 01:46:25.6876'),
(4, '2019-04-15 03:07:50', NULL, NULL, 1, 4, 'A', 10, 14.7995, '2019-04-15 01:46:58.8267', '2019-04-15 01:47:13.6262'),
(5, '2019-04-15 03:07:50', NULL, NULL, 1, 5, 'B', 10, 19.2735, '2019-04-15 01:47:50.9891', '2019-04-15 01:48:10.2626');

-- --------------------------------------------------------

--
-- Table structure for table `quiz_question`
--

CREATE TABLE `quiz_question` (
  `id` int(11) NOT NULL,
  `created_at` datetime DEFAULT NULL,
  `updated_at` datetime DEFAULT NULL,
  `deleted_at` datetime DEFAULT NULL,
  `id_quiz` int(11) DEFAULT NULL,
  `question` varchar(255) DEFAULT NULL,
  `option_a` varchar(50) DEFAULT NULL,
  `option_b` varchar(50) DEFAULT NULL,
  `option_c` varchar(50) DEFAULT NULL,
  `option_d` varchar(50) DEFAULT NULL,
  `answer` varchar(1) DEFAULT NULL,
  `sort` int(11) DEFAULT NULL
) ENGINE=InnoDB DEFAULT CHARSET=utf8;

--
-- Dumping data for table `quiz_question`
--

INSERT INTO `quiz_question` (`id`, `created_at`, `updated_at`, `deleted_at`, `id_quiz`, `question`, `option_a`, `option_b`, `option_c`, `option_d`, `answer`, `sort`) VALUES
(1, '2019-04-15 01:44:40', NULL, NULL, 1, 'Question 1.1', 'Option A 1.1', 'Option B 1.1', 'Option C 1.1', 'Option D 1.1', 'B', 1),
(2, '2019-04-15 01:44:40', NULL, NULL, 1, 'Question 1.2', 'Option A 1.2', 'Option B 1.2', 'Option C 1.2', 'Option D 1.2', 'B', 2),
(3, '2019-04-15 01:44:40', NULL, NULL, 1, 'Question 1.3', 'Option A 1.3', 'Option B 1.3', 'Option C 1.3', 'Option D 1.3', 'D', 3),
(4, '2019-04-15 01:44:40', NULL, NULL, 1, 'Question 1.4', 'Option A 1.4', 'Option B 1.4', 'Option C 1.4', 'Option D 1.4', 'A', 4),
(5, '2019-04-15 01:44:40', NULL, NULL, 1, 'Question 1.5', 'Option A 1.5', 'Option B 1.5', 'Option C 1.5', 'Option D 1.5', 'B', 5),
(6, '2019-04-15 01:44:40', NULL, NULL, 2, 'Question 2.1', 'Option A 2.1', 'Option B 2.1', 'Option C 2.1', 'Option D 2.1', 'D', 1),
(7, '2019-04-15 01:44:40', NULL, NULL, 2, 'Question 2.2', 'Option A 2.2', 'Option B 2.2', 'Option C 2.2', 'Option D 2.2', 'C', 2),
(8, '2019-04-15 01:44:40', NULL, NULL, 2, 'Question 2.3', 'Option A 2.3', 'Option B 2.3', 'Option C 2.3', 'Option D 2.3', 'A', 3),
(9, '2019-04-15 01:44:40', NULL, NULL, 2, 'Question 2.4', 'Option A 2.4', 'Option B 2.4', 'Option C 2.4', 'Option D 2.4', 'B', 4),
(10, '2019-04-15 01:44:40', NULL, NULL, 2, 'Question 2.5', 'Option A 2.5', 'Option B 2.5', 'Option C 2.5', 'Option D 2.5', 'C', 5),
(11, '2019-04-15 01:44:40', NULL, NULL, 3, 'Question 3.1', 'Option A 3.1', 'Option B 3.1', 'Option C 3.1', 'Option D 3.1', 'B', 1),
(12, '2019-04-15 01:44:40', NULL, NULL, 3, 'Question 3.2', 'Option A 3.2', 'Option B 3.2', 'Option C 3.2', 'Option D 3.2', 'B', 2),
(13, '2019-04-15 01:44:40', NULL, NULL, 3, 'Question 3.3', 'Option A 3.3', 'Option B 3.3', 'Option C 3.3', 'Option D 3.3', 'C', 3),
(14, '2019-04-15 01:44:40', NULL, NULL, 3, 'Question 3.4', 'Option A 3.4', 'Option B 3.4', 'Option C 3.4', 'Option D 3.4', 'D', 4),
(15, '2019-04-15 01:44:40', NULL, NULL, 3, 'Question 3.5', 'Option A 3.5', 'Option B 3.5', 'Option C 3.5', 'Option D 3.5', 'B', 5);

-- --------------------------------------------------------

--
-- Table structure for table `scan_member`
--

CREATE TABLE `scan_member` (
  `id` int(11) NOT NULL,
  `created_at` datetime DEFAULT NULL,
  `updated_at` datetime DEFAULT NULL,
  `deleted_at` datetime DEFAULT NULL,
  `id_member` int(11) DEFAULT NULL,
  `id_scan_type` int(11) DEFAULT NULL
) ENGINE=InnoDB DEFAULT CHARSET=utf8;

--
-- Dumping data for table `scan_member`
--

INSERT INTO `scan_member` (`id`, `created_at`, `updated_at`, `deleted_at`, `id_member`, `id_scan_type`) VALUES
(1, '2019-04-23 10:54:33', NULL, '2019-04-23 13:26:03', 2, 4),
(2, '2019-04-23 10:54:53', NULL, '2019-04-23 13:25:56', 2, 8),
(3, '2019-04-25 13:47:45', NULL, '2019-04-26 21:58:29', 3, 5),
(4, '2019-04-25 14:48:21', NULL, NULL, NULL, 4),
(5, '2019-04-26 09:10:45', NULL, NULL, 569, 4),
(6, '2019-04-26 09:10:55', NULL, NULL, 73, 4),
(7, '2019-04-26 09:11:02', NULL, NULL, 545, 4),
(8, '2019-04-26 09:11:06', NULL, NULL, 390, 4),
(9, '2019-04-26 09:11:12', NULL, NULL, 452, 4),
(10, '2019-04-26 09:11:28', NULL, NULL, 318, 4),
(11, '2019-04-26 09:11:34', NULL, NULL, 187, 4),
(12, '2019-04-26 09:11:39', NULL, NULL, 36, 4),
(13, '2019-04-26 09:11:52', NULL, NULL, 388, 4),
(14, '2019-04-26 09:12:08', NULL, NULL, 112, 4),
(15, '2019-04-26 09:12:17', NULL, NULL, 523, 4),
(16, '2019-04-26 09:12:29', NULL, NULL, 157, 4),
(17, '2019-04-26 09:13:04', NULL, NULL, 418, 4),
(18, '2019-04-26 09:23:23', NULL, NULL, 422, 4),
(19, '2019-04-26 09:44:11', NULL, NULL, 1, 4),
(20, '2019-04-26 09:44:20', NULL, NULL, 1, 5),
(21, '2019-04-26 10:56:16', NULL, NULL, 64, 4),
(22, '2019-04-26 10:56:28', NULL, NULL, 550, 4),
(23, '2019-04-26 10:56:49', NULL, NULL, 331, 4),
(24, '2019-04-26 10:56:53', NULL, NULL, 460, 4),
(25, '2019-04-26 10:57:26', NULL, NULL, 594, 4),
(26, '2019-04-26 13:11:30', NULL, NULL, 330, 4),
(27, '2019-04-26 13:11:34', NULL, NULL, 41, 4),
(28, '2019-04-26 13:20:52', NULL, NULL, 376, 4),
(29, '2019-04-26 13:21:32', NULL, NULL, 148, 4),
(30, '2019-04-26 13:21:35', NULL, NULL, 384, 4),
(31, '2019-04-26 13:21:40', NULL, NULL, 429, 4),
(32, '2019-04-26 13:21:41', NULL, NULL, 268, 4),
(33, '2019-04-26 13:21:46', NULL, NULL, 296, 4),
(34, '2019-04-26 13:22:01', NULL, NULL, 269, 4),
(35, '2019-04-26 13:30:45', NULL, NULL, 433, 4),
(36, '2019-04-26 13:30:55', NULL, NULL, 71, 4),
(37, '2019-04-26 13:31:02', NULL, NULL, 170, 4),
(38, '2019-04-26 13:31:06', NULL, NULL, 238, 4),
(39, '2019-04-26 13:31:14', NULL, NULL, 256, 4),
(40, '2019-04-26 13:31:22', NULL, NULL, 182, 4),
(41, '2019-04-26 13:31:28', NULL, NULL, 518, 4),
(42, '2019-04-26 15:43:16', NULL, NULL, 410, 4),
(43, '2019-04-26 15:43:53', NULL, NULL, 107, 4),
(44, '2019-04-26 15:44:03', NULL, NULL, 368, 4),
(45, '2019-04-26 15:58:22', NULL, NULL, 319, 4),
(46, '2019-04-26 15:58:30', NULL, NULL, 409, 4),
(47, '2019-04-26 15:58:34', NULL, NULL, 151, 4),
(48, '2019-04-26 15:58:39', NULL, NULL, 490, 4),
(49, '2019-04-26 15:58:44', NULL, NULL, 216, 4),
(50, '2019-04-26 15:58:48', NULL, NULL, 66, 4),
(51, '2019-04-26 15:58:53', NULL, NULL, 259, 4),
(52, '2019-04-26 15:58:55', NULL, NULL, 599, 4),
(53, '2019-04-26 15:58:59', NULL, NULL, 289, 4),
(54, '2019-04-26 15:59:04', NULL, NULL, 207, 4),
(55, '2019-04-26 15:59:04', NULL, NULL, 414, 4),
(56, '2019-04-26 15:59:08', NULL, NULL, 560, 4),
(57, '2019-04-26 15:59:14', NULL, NULL, 394, 4),
(58, '2019-04-26 15:59:16', NULL, NULL, 461, 4),
(59, '2019-04-26 15:59:19', NULL, NULL, 159, 4),
(60, '2019-04-26 15:59:22', NULL, NULL, 246, 4),
(61, '2019-04-26 15:59:27', NULL, NULL, 516, 4),
(62, '2019-04-26 15:59:33', NULL, NULL, 476, 4),
(63, '2019-04-26 15:59:34', NULL, NULL, 334, 4),
(64, '2019-04-26 15:59:41', NULL, NULL, 398, 4),
(65, '2019-04-26 15:59:44', NULL, NULL, 572, 4),
(66, '2019-04-26 15:59:46', NULL, NULL, 226, 4),
(67, '2019-04-26 16:00:36', NULL, NULL, 499, 4),
(68, '2019-04-26 16:01:28', NULL, NULL, 89, 4),
(69, '2019-04-26 16:03:41', NULL, NULL, 162, 4),
(70, '2019-04-26 16:13:24', NULL, NULL, 347, 4),
(71, '2019-04-26 16:13:35', NULL, NULL, 503, 4),
(72, '2019-04-26 16:15:56', NULL, NULL, 155, 4),
(73, '2019-04-26 16:34:14', NULL, NULL, 638, 4),
(74, '2019-04-26 16:53:48', NULL, NULL, 349, 4),
(75, '2019-04-26 16:53:54', NULL, NULL, 373, 4),
(76, '2019-04-26 16:54:12', NULL, NULL, 169, 4),
(77, '2019-04-26 16:54:15', NULL, NULL, 248, 4),
(78, '2019-04-26 16:54:21', NULL, NULL, 549, 4),
(79, '2019-04-26 16:54:24', NULL, NULL, 612, 4),
(80, '2019-04-26 16:54:29', NULL, NULL, 535, 4),
(81, '2019-04-26 16:54:29', NULL, NULL, 62, 4),
(82, '2019-04-26 16:54:35', NULL, NULL, 618, 4),
(83, '2019-04-26 16:54:40', NULL, NULL, 77, 4),
(84, '2019-04-26 16:54:43', NULL, NULL, 309, 4),
(85, '2019-04-26 16:54:45', NULL, NULL, 592, 4),
(86, '2019-04-26 16:54:50', NULL, NULL, 431, 4),
(87, '2019-04-26 16:54:52', NULL, NULL, 630, 4),
(88, '2019-04-26 16:54:55', NULL, NULL, 471, 4),
(89, '2019-04-26 16:54:58', NULL, NULL, 364, 4),
(90, '2019-04-26 16:55:03', NULL, NULL, 65, 4),
(91, '2019-04-26 16:55:12', NULL, NULL, 542, 4),
(92, '2019-04-26 16:55:13', NULL, NULL, 620, 4),
(93, '2019-04-26 16:55:16', NULL, NULL, 232, 4),
(94, '2019-04-26 16:55:22', NULL, NULL, 10, 4),
(95, '2019-04-26 16:55:32', NULL, NULL, 412, 4),
(96, '2019-04-26 16:55:36', NULL, NULL, 193, 4),
(97, '2019-04-26 16:55:39', NULL, NULL, 575, 4),
(98, '2019-04-26 16:55:41', NULL, NULL, 552, 4),
(99, '2019-04-26 16:55:48', NULL, NULL, 456, 4),
(100, '2019-04-26 16:55:51', NULL, NULL, 202, 4),
(101, '2019-04-26 16:55:54', NULL, NULL, 432, 4),
(102, '2019-04-26 16:55:58', NULL, NULL, 315, 4),
(103, '2019-04-26 16:56:01', NULL, NULL, 181, 4),
(104, '2019-04-26 16:56:07', NULL, NULL, 451, 4),
(105, '2019-04-26 16:56:11', NULL, NULL, 606, 4),
(106, '2019-04-26 16:56:15', NULL, NULL, 346, 4),
(107, '2019-04-26 16:56:18', NULL, NULL, 439, 4),
(108, '2019-04-26 16:56:22', NULL, NULL, 561, 4),
(109, '2019-04-26 16:56:26', NULL, NULL, 290, 4),
(110, '2019-04-26 16:56:32', NULL, NULL, 138, 4),
(111, '2019-04-26 16:56:34', NULL, NULL, 56, 4),
(112, '2019-04-26 16:56:38', NULL, NULL, 538, 4),
(113, '2019-04-26 16:56:41', NULL, NULL, 357, 4),
(114, '2019-04-26 16:56:47', NULL, NULL, 556, 4),
(115, '2019-04-26 16:56:49', NULL, NULL, 23, 4),
(116, '2019-04-26 16:56:54', NULL, NULL, 300, 4),
(117, '2019-04-26 16:56:57', NULL, NULL, 463, 4),
(118, '2019-04-26 16:57:01', NULL, NULL, 140, 4),
(119, '2019-04-26 16:57:34', NULL, NULL, 172, 4),
(120, '2019-04-26 17:07:54', NULL, NULL, 163, 4),
(121, '2019-04-26 17:08:01', NULL, NULL, 610, 4),
(122, '2019-04-26 17:08:06', NULL, NULL, 83, 4),
(123, '2019-04-26 17:08:12', NULL, NULL, 201, 4),
(124, '2019-04-26 17:08:22', NULL, NULL, 397, 4),
(125, '2019-04-26 17:08:25', NULL, NULL, 352, 4),
(126, '2019-04-26 17:08:35', NULL, NULL, 42, 4),
(127, '2019-04-26 17:08:36', NULL, NULL, 303, 4),
(128, '2019-04-26 17:08:41', NULL, NULL, 45, 4),
(129, '2019-04-26 17:08:43', NULL, NULL, 67, 4),
(130, '2019-04-26 17:08:48', NULL, NULL, 304, 4),
(131, '2019-04-26 17:16:14', NULL, NULL, 498, 4),
(132, '2019-04-26 17:16:27', NULL, NULL, 220, 4),
(133, '2019-04-26 17:26:49', NULL, NULL, 144, 4),
(134, '2019-04-26 17:26:49', NULL, NULL, 9, 4),
(135, '2019-04-26 17:26:53', NULL, NULL, 6, 4),
(136, '2019-04-26 17:27:44', NULL, NULL, 244, 4),
(137, '2019-04-26 17:29:17', NULL, NULL, 469, 4),
(138, '2019-04-26 18:00:47', NULL, NULL, 404, 4),
(139, '2019-04-26 18:00:54', NULL, NULL, 601, 4),
(140, '2019-04-26 18:00:56', NULL, NULL, 339, 4),
(141, '2019-04-26 18:00:58', NULL, NULL, 502, 4),
(142, '2019-04-26 18:01:17', NULL, NULL, 492, 4),
(143, '2019-04-26 18:47:54', NULL, NULL, 457, 4),
(144, '2019-04-26 18:59:21', NULL, NULL, 426, 4),
(145, '2019-04-26 18:59:30', NULL, NULL, 603, 4),
(146, '2019-04-26 19:00:15', NULL, NULL, 241, 4),
(147, '2019-04-26 19:00:19', NULL, NULL, 365, 4),
(148, '2019-04-26 19:00:26', NULL, NULL, 440, 4),
(149, '2019-04-26 19:00:27', NULL, NULL, 131, 4),
(150, '2019-04-26 19:00:35', NULL, NULL, 111, 4),
(151, '2019-04-26 19:00:35', NULL, NULL, 326, 4),
(152, '2019-04-26 19:00:37', NULL, NULL, 158, 4),
(153, '2019-04-26 19:00:42', NULL, NULL, 293, 4),
(154, '2019-04-26 19:00:44', NULL, NULL, 513, 4),
(155, '2019-04-26 19:00:45', NULL, NULL, 237, 4),
(156, '2019-04-26 19:00:49', NULL, NULL, 421, 4),
(157, '2019-04-26 19:00:51', NULL, NULL, 299, 4),
(158, '2019-04-26 19:00:52', NULL, NULL, 602, 4),
(159, '2019-04-26 19:00:54', NULL, NULL, 302, 4),
(160, '2019-04-26 19:00:56', NULL, NULL, 362, 4),
(161, '2019-04-26 19:00:58', NULL, NULL, 44, 4),
(162, '2019-04-26 19:01:03', NULL, NULL, 482, 4),
(163, '2019-04-26 19:01:04', NULL, NULL, 382, 4),
(164, '2019-04-26 19:01:07', NULL, NULL, 473, 4),
(165, '2019-04-26 19:01:07', NULL, NULL, 548, 4),
(166, '2019-04-26 19:01:11', NULL, NULL, 200, 4),
(167, '2019-04-26 19:01:15', NULL, NULL, 348, 4),
(168, '2019-04-26 19:01:19', NULL, NULL, 188, 4),
(169, '2019-04-26 19:01:40', NULL, NULL, 448, 4),
(170, '2019-04-26 19:01:46', NULL, NULL, 475, 4),
(171, '2019-04-26 19:01:59', NULL, NULL, 400, 4),
(172, '2019-04-26 19:02:12', NULL, NULL, 563, 4),
(173, '2019-04-26 19:02:16', NULL, NULL, 4, 4),
(174, '2019-04-26 19:03:23', NULL, NULL, 167, 4),
(175, '2019-04-26 19:03:28', NULL, NULL, 63, 4),
(176, '2019-04-26 19:03:34', NULL, NULL, 58, 4),
(177, '2019-04-26 19:03:41', NULL, NULL, 399, 4),
(178, '2019-04-26 19:03:45', NULL, NULL, 360, 4),
(179, '2019-04-26 19:05:21', NULL, NULL, 635, 4),
(180, '2019-04-26 19:05:58', NULL, NULL, 633, 4),
(181, '2019-04-26 19:06:07', NULL, NULL, 166, 4),
(182, '2019-04-26 19:07:45', NULL, NULL, 291, 4),
(183, '2019-04-26 19:07:50', NULL, NULL, 354, 4),
(184, '2019-04-26 19:09:38', NULL, NULL, 206, 4),
(185, '2019-04-26 19:18:08', NULL, NULL, 336, 4),
(186, '2019-04-26 19:18:14', NULL, NULL, 40, 4),
(187, '2019-04-26 19:18:37', NULL, NULL, 51, 4),
(188, '2019-04-26 19:18:42', NULL, NULL, 239, 4),
(189, '2019-04-26 19:18:50', NULL, NULL, 88, 4),
(190, '2019-04-26 19:18:54', NULL, NULL, 511, 4),
(191, '2019-04-26 19:18:55', NULL, NULL, 101, 4),
(192, '2019-04-26 19:19:05', NULL, NULL, 29, 4),
(193, '2019-04-26 19:19:14', NULL, NULL, 532, 4),
(194, '2019-04-26 19:19:18', NULL, NULL, 531, 4),
(195, '2019-04-26 19:19:18', NULL, NULL, 134, 4),
(196, '2019-04-26 19:19:28', NULL, NULL, 121, 4),
(197, '2019-04-26 19:19:32', NULL, NULL, 15, 4),
(198, '2019-04-26 19:19:36', NULL, NULL, 84, 4),
(199, '2019-04-26 19:19:39', NULL, NULL, 344, 4),
(200, '2019-04-26 19:19:39', NULL, NULL, 93, 4),
(201, '2019-04-26 19:19:44', NULL, NULL, 25, 4),
(202, '2019-04-26 19:19:47', NULL, NULL, 327, 4),
(203, '2019-04-26 19:19:52', NULL, NULL, 75, 4),
(204, '2019-04-26 19:19:59', NULL, NULL, 325, 4),
(205, '2019-04-26 19:20:03', NULL, NULL, 420, 4),
(206, '2019-04-26 19:20:07', NULL, NULL, 234, 4),
(207, '2019-04-26 19:20:09', NULL, NULL, 491, 4),
(208, '2019-04-26 19:20:14', NULL, NULL, 629, 4),
(209, '2019-04-26 19:20:14', NULL, NULL, 265, 4),
(210, '2019-04-26 19:20:20', NULL, NULL, 282, 4),
(211, '2019-04-26 19:20:23', NULL, NULL, 104, 4),
(212, '2019-04-26 19:20:31', NULL, NULL, 18, 4),
(213, '2019-04-26 19:20:31', NULL, NULL, 389, 4),
(214, '2019-04-26 19:20:32', NULL, NULL, 307, 4),
(215, '2019-04-26 19:20:38', NULL, NULL, 54, 4),
(216, '2019-04-26 19:20:38', NULL, NULL, 27, 4),
(217, '2019-04-26 19:20:44', NULL, NULL, 20, 4),
(218, '2019-04-26 19:20:45', NULL, NULL, 615, 4),
(219, '2019-04-26 19:20:50', NULL, NULL, 450, 4),
(220, '2019-04-26 19:20:52', NULL, NULL, 87, 4),
(221, '2019-04-26 19:20:52', NULL, NULL, 194, 4),
(222, '2019-04-26 19:20:59', NULL, NULL, 438, 4),
(223, '2019-04-26 19:21:00', NULL, NULL, 306, 4),
(224, '2019-04-26 19:21:00', NULL, NULL, 370, 4),
(225, '2019-04-26 19:21:08', NULL, NULL, 103, 4),
(226, '2019-04-26 19:21:12', NULL, NULL, 227, 4),
(227, '2019-04-26 19:21:13', NULL, NULL, 297, 4),
(228, '2019-04-26 19:21:16', NULL, NULL, 514, 4),
(229, '2019-04-26 19:21:22', NULL, NULL, 133, 4),
(230, '2019-04-26 19:21:23', NULL, NULL, 619, 4),
(231, '2019-04-26 19:21:24', NULL, NULL, 485, 4),
(232, '2019-04-26 19:21:31', NULL, NULL, 99, 4),
(233, '2019-04-26 19:21:34', NULL, NULL, 558, 4),
(234, '2019-04-26 19:21:38', NULL, NULL, 607, 4),
(235, '2019-04-26 19:21:39', NULL, NULL, 624, 4),
(236, '2019-04-26 19:21:40', NULL, NULL, 11, 4),
(237, '2019-04-26 19:21:44', NULL, NULL, 557, 4),
(238, '2019-04-26 19:21:49', NULL, NULL, 171, 4),
(239, '2019-04-26 19:21:57', NULL, NULL, 468, 4),
(240, '2019-04-26 19:21:57', NULL, NULL, 230, 4),
(241, '2019-04-26 19:22:00', NULL, NULL, 564, 4),
(242, '2019-04-26 19:22:09', NULL, NULL, 250, 4),
(243, '2019-04-26 19:22:10', NULL, NULL, 179, 4),
(244, '2019-04-26 19:22:16', NULL, NULL, 526, 4),
(245, '2019-04-26 19:22:19', NULL, NULL, 474, 4),
(246, '2019-04-26 19:22:23', NULL, NULL, 387, 4),
(247, '2019-04-26 19:22:28', NULL, NULL, 94, 4),
(248, '2019-04-26 19:22:32', NULL, NULL, 611, 4),
(249, '2019-04-26 19:22:37', NULL, NULL, 335, 4),
(250, '2019-04-26 19:22:46', NULL, NULL, 479, 4),
(251, '2019-04-26 19:22:48', NULL, NULL, 177, 4),
(252, '2019-04-26 19:22:55', NULL, NULL, 541, 4),
(253, '2019-04-26 19:22:59', NULL, NULL, 136, 4),
(254, '2019-04-26 19:23:04', NULL, NULL, 192, 4),
(255, '2019-04-26 19:23:09', NULL, NULL, 321, 4),
(256, '2019-04-26 19:23:10', NULL, NULL, 478, 4),
(257, '2019-04-26 19:23:17', NULL, NULL, 76, 4),
(258, '2019-04-26 19:23:20', NULL, NULL, 608, 4),
(259, '2019-04-26 19:23:26', NULL, NULL, 614, 4),
(260, '2019-04-26 19:23:27', NULL, NULL, 69, 4),
(261, '2019-04-26 19:23:32', NULL, NULL, 613, 4),
(262, '2019-04-26 19:23:38', NULL, NULL, 12, 4),
(263, '2019-04-26 19:23:40', NULL, NULL, 627, 4),
(264, '2019-04-26 19:23:47', NULL, NULL, 229, 4),
(265, '2019-04-26 19:23:49', NULL, NULL, 634, 4),
(266, '2019-04-26 19:23:54', NULL, NULL, 68, 4),
(267, '2019-04-26 19:24:02', NULL, NULL, 622, 4),
(268, '2019-04-26 19:24:02', NULL, NULL, 581, 4),
(269, '2019-04-26 19:24:17', NULL, NULL, 623, 4),
(270, '2019-04-26 19:24:18', NULL, NULL, 337, 4),
(271, '2019-04-26 19:24:22', NULL, NULL, 462, 4),
(272, '2019-04-26 19:24:27', NULL, NULL, 178, 4),
(273, '2019-04-26 19:24:29', NULL, NULL, 628, 4),
(274, '2019-04-26 19:25:23', NULL, NULL, 324, 4),
(275, '2019-04-26 19:25:26', NULL, NULL, 233, 4),
(276, '2019-04-26 19:25:35', NULL, NULL, 197, 4),
(277, '2019-04-26 19:25:41', NULL, NULL, 310, 4),
(278, '2019-04-26 19:26:08', NULL, NULL, 55, 4),
(279, '2019-04-26 19:26:19', NULL, NULL, 235, 4),
(280, '2019-04-26 19:27:23', NULL, NULL, 636, 4),
(281, '2019-04-26 19:27:26', NULL, NULL, 590, 4),
(282, '2019-04-26 19:28:51', NULL, NULL, 381, 4),
(283, '2019-04-26 19:29:39', NULL, NULL, 395, 4),
(284, '2019-04-26 19:29:52', NULL, NULL, 271, 4),
(285, '2019-04-26 19:37:38', NULL, NULL, 625, 4),
(286, '2019-04-26 19:38:25', NULL, NULL, 313, 4),
(287, '2019-04-26 19:38:30', NULL, NULL, 153, 4),
(288, '2019-04-26 19:55:19', NULL, NULL, 37, 4),
(289, '2019-04-26 19:56:25', NULL, NULL, 371, 4),
(290, '2019-04-26 19:56:34', NULL, NULL, 106, 4),
(291, '2019-04-26 20:18:19', NULL, NULL, 501, 4),
(292, '2019-04-26 20:19:26', NULL, NULL, 488, 4),
(293, '2019-04-26 20:20:04', NULL, NULL, 14, 4),
(294, '2019-04-26 20:20:07', NULL, NULL, 458, 4),
(295, '2019-04-26 20:20:16', NULL, NULL, 139, 4),
(296, '2019-04-26 20:20:35', NULL, NULL, 573, 4),
(297, '2019-04-26 20:20:45', NULL, NULL, 262, 4),
(298, '2019-04-26 20:21:01', NULL, NULL, 126, 4),
(299, '2019-04-26 20:21:14', NULL, NULL, 21, 4),
(300, '2019-04-26 20:21:17', NULL, NULL, 32, 4),
(301, '2019-04-26 20:21:19', NULL, NULL, 219, 4),
(302, '2019-04-26 20:21:37', NULL, NULL, 52, 4),
(303, '2019-04-26 20:21:44', NULL, NULL, 466, 4),
(304, '2019-04-26 20:21:46', NULL, NULL, 33, 4),
(305, '2019-04-26 20:21:49', NULL, NULL, 184, 4),
(306, '2019-04-26 20:21:54', NULL, NULL, 454, 4),
(307, '2019-04-26 20:24:21', NULL, NULL, 529, 4),
(308, '2019-04-26 20:24:34', NULL, NULL, 570, 4),
(309, '2019-04-26 20:24:38', NULL, NULL, 8, 4),
(310, '2019-04-26 20:26:41', NULL, NULL, 446, 4),
(311, '2019-04-26 20:31:36', NULL, NULL, 524, 4),
(312, '2019-04-26 20:31:36', NULL, NULL, 82, 4),
(313, '2019-04-27 06:52:58', NULL, NULL, 512, 5),
(314, '2019-04-27 06:53:10', NULL, NULL, 203, 5),
(315, '2019-04-27 06:57:34', NULL, NULL, 174, 5),
(316, '2019-04-27 06:57:41', NULL, NULL, 221, 5),
(317, '2019-04-27 06:57:58', NULL, NULL, NULL, 5),
(318, '2019-04-27 07:00:07', NULL, NULL, 377, 5),
(319, '2019-04-27 07:00:10', NULL, NULL, 531, 5),
(320, '2019-04-27 07:00:15', NULL, NULL, 491, 5),
(321, '2019-04-27 07:00:15', NULL, NULL, 245, 5),
(322, '2019-04-27 07:00:20', NULL, NULL, 178, 5),
(323, '2019-04-27 07:00:27', NULL, NULL, 216, 5),
(324, '2019-04-27 07:00:43', NULL, NULL, 343, 5),
(325, '2019-04-27 07:02:44', NULL, NULL, 355, 5),
(326, '2019-04-27 07:03:03', NULL, NULL, 586, 5),
(327, '2019-04-27 07:03:10', NULL, NULL, 175, 5),
(328, '2019-04-27 07:03:12', NULL, NULL, 104, 5),
(329, '2019-04-27 07:03:45', NULL, NULL, 75, 5),
(330, '2019-04-27 07:03:58', NULL, NULL, 639, 5),
(331, '2019-04-27 07:04:15', NULL, NULL, 542, 5),
(332, '2019-04-27 07:04:20', NULL, NULL, 50, 5),
(333, '2019-04-27 07:04:23', NULL, NULL, 612, 5),
(334, '2019-04-27 07:04:23', NULL, NULL, 473, 5),
(335, '2019-04-27 07:04:29', NULL, NULL, 407, 5),
(336, '2019-04-27 07:04:38', NULL, NULL, 165, 5),
(337, '2019-04-27 07:04:40', NULL, NULL, 200, 5),
(338, '2019-04-27 07:04:43', NULL, NULL, 10, 5),
(339, '2019-04-27 07:04:47', NULL, NULL, 409, 5),
(340, '2019-04-27 07:04:58', NULL, NULL, 463, 5),
(341, '2019-04-27 07:05:03', NULL, NULL, 481, 5),
(342, '2019-04-27 07:06:03', NULL, NULL, 192, 5),
(343, '2019-04-27 07:06:21', NULL, NULL, 236, 5),
(344, '2019-04-27 07:06:35', NULL, NULL, 483, 5),
(345, '2019-04-27 07:08:03', NULL, NULL, 226, 5),
(346, '2019-04-27 07:08:05', NULL, NULL, 114, 5),
(347, '2019-04-27 07:08:17', NULL, NULL, 630, 5),
(348, '2019-04-27 07:08:18', NULL, NULL, 334, 5),
(349, '2019-04-27 07:08:33', NULL, NULL, 296, 5),
(350, '2019-04-27 07:08:34', NULL, NULL, 291, 5),
(351, '2019-04-27 07:08:39', NULL, NULL, 151, 5),
(352, '2019-04-27 07:08:41', NULL, NULL, 243, 5),
(353, '2019-04-27 07:08:43', NULL, NULL, 354, 5),
(354, '2019-04-27 07:09:05', NULL, NULL, 575, 5),
(355, '2019-04-27 07:09:13', NULL, NULL, 112, 5),
(356, '2019-04-27 07:09:19', NULL, NULL, 157, 5),
(357, '2019-04-27 07:09:25', NULL, NULL, 73, 5),
(358, '2019-04-27 07:09:26', NULL, NULL, 4, 5),
(359, '2019-04-27 07:09:39', NULL, NULL, 400, 5),
(360, '2019-04-27 07:09:57', NULL, NULL, 160, 5),
(361, '2019-04-27 07:09:58', NULL, NULL, 391, 5),
(362, '2019-04-27 07:10:04', NULL, NULL, 617, 5),
(363, '2019-04-27 07:10:10', NULL, NULL, 8, 5),
(364, '2019-04-27 07:10:13', NULL, NULL, 437, 5),
(365, '2019-04-27 07:10:14', NULL, NULL, 568, 5),
(366, '2019-04-27 07:10:18', NULL, NULL, 393, 5),
(367, '2019-04-27 07:10:28', NULL, NULL, 211, 5),
(368, '2019-04-27 07:10:31', NULL, NULL, 189, 5),
(369, '2019-04-27 07:10:33', NULL, NULL, 40, 5),
(370, '2019-04-27 07:10:35', NULL, NULL, 522, 5),
(371, '2019-04-27 07:10:38', NULL, NULL, 532, 5),
(372, '2019-04-27 07:10:47', NULL, NULL, 48, 5),
(373, '2019-04-27 07:10:50', NULL, NULL, 576, 5),
(374, '2019-04-27 07:10:52', NULL, NULL, 340, 5),
(375, '2019-04-27 07:10:58', NULL, NULL, 169, 5),
(376, '2019-04-27 07:11:03', NULL, NULL, 523, 5),
(377, '2019-04-27 07:11:04', NULL, NULL, 379, 5),
(378, '2019-04-27 07:11:05', NULL, NULL, 553, 5),
(379, '2019-04-27 07:11:17', NULL, NULL, 116, 5),
(380, '2019-04-27 07:11:23', NULL, NULL, 333, 5),
(381, '2019-04-27 07:11:29', NULL, NULL, 260, 5),
(382, '2019-04-27 07:12:03', NULL, NULL, 365, 5),
(383, '2019-04-27 07:12:14', NULL, NULL, 609, 5),
(384, '2019-04-27 07:12:20', NULL, NULL, 569, 5),
(385, '2019-04-27 07:12:24', NULL, NULL, 307, 5),
(386, '2019-04-27 07:15:53', NULL, NULL, 632, 5),
(387, '2019-04-27 07:15:58', NULL, NULL, 118, 5),
(388, '2019-04-27 07:16:03', NULL, NULL, 579, 5),
(389, '2019-04-27 07:16:09', NULL, NULL, 563, 5),
(390, '2019-04-27 07:16:10', NULL, NULL, 572, 5),
(391, '2019-04-27 07:16:14', NULL, NULL, 636, 5),
(392, '2019-04-27 07:16:24', NULL, NULL, 256, 5),
(393, '2019-04-27 07:16:25', NULL, NULL, 238, 5),
(394, '2019-04-27 07:16:26', NULL, NULL, 80, 5),
(395, '2019-04-27 07:16:42', NULL, NULL, 412, 5),
(396, '2019-04-27 07:16:51', NULL, NULL, 167, 5),
(397, '2019-04-27 07:17:06', NULL, NULL, 471, 5),
(398, '2019-04-27 07:17:10', NULL, NULL, 552, 5),
(399, '2019-04-27 07:17:20', NULL, NULL, 193, 5),
(400, '2019-04-27 07:17:23', NULL, NULL, 497, 5),
(401, '2019-04-27 07:17:24', NULL, NULL, 581, 5),
(402, '2019-04-27 07:17:29', NULL, NULL, 438, 5),
(403, '2019-04-27 07:17:29', NULL, NULL, 290, 5),
(404, '2019-04-27 07:17:32', NULL, NULL, 106, 5),
(405, '2019-04-27 07:17:33', NULL, NULL, 489, 5),
(406, '2019-04-27 07:17:34', NULL, NULL, 450, 5),
(407, '2019-04-27 07:17:35', NULL, NULL, 371, 5),
(408, '2019-04-27 07:17:36', NULL, NULL, 360, 5),
(409, '2019-04-27 07:17:38', NULL, NULL, 67, 5),
(410, '2019-04-27 07:17:40', NULL, NULL, 338, 5),
(411, '2019-04-27 07:17:46', NULL, NULL, 11, 5),
(412, '2019-04-27 07:17:51', NULL, NULL, 20, 5),
(413, '2019-04-27 07:18:14', NULL, NULL, 468, 5),
(414, '2019-04-27 07:18:18', NULL, NULL, 375, 5),
(415, '2019-04-27 07:18:23', NULL, NULL, 37, 5),
(416, '2019-04-27 07:18:24', NULL, NULL, 429, 5),
(417, '2019-04-27 07:18:59', NULL, NULL, 405, 5),
(418, '2019-04-27 07:19:10', NULL, NULL, 578, 5),
(419, '2019-04-27 07:19:13', NULL, NULL, 154, 5),
(420, '2019-04-27 07:19:18', NULL, NULL, 316, 5),
(421, '2019-04-27 07:19:19', NULL, NULL, 600, 5),
(422, '2019-04-27 07:19:25', NULL, NULL, 262, 5),
(423, '2019-04-27 07:19:32', NULL, NULL, 156, 5),
(424, '2019-04-27 07:19:33', NULL, NULL, 162, 5),
(425, '2019-04-27 07:19:37', NULL, NULL, 633, 5),
(426, '2019-04-27 07:19:43', NULL, NULL, 232, 5),
(427, '2019-04-27 07:19:45', NULL, NULL, 466, 5),
(428, '2019-04-27 07:19:45', NULL, NULL, 369, 5),
(429, '2019-04-27 07:19:46', NULL, NULL, 294, 5),
(430, '2019-04-27 07:19:53', NULL, NULL, 454, 5),
(431, '2019-04-27 07:20:12', NULL, NULL, 349, 5),
(432, '2019-04-27 07:20:40', NULL, NULL, 310, 5),
(433, '2019-04-27 07:20:42', NULL, NULL, 549, 5),
(434, '2019-04-27 07:20:50', NULL, NULL, 479, 5),
(435, '2019-04-27 07:21:06', NULL, NULL, 17, 5),
(436, '2019-04-27 07:21:54', NULL, NULL, 68, 5),
(437, '2019-04-27 07:22:04', NULL, NULL, 474, 5),
(438, '2019-04-27 07:22:05', NULL, NULL, 136, 5),
(439, '2019-04-27 07:22:14', NULL, NULL, 230, 5),
(440, '2019-04-27 07:22:43', NULL, NULL, 205, 5),
(441, '2019-04-27 07:22:47', NULL, NULL, 528, 5),
(442, '2019-04-27 07:22:54', NULL, NULL, 25, 5),
(443, '2019-04-27 07:23:00', NULL, NULL, 218, 5),
(444, '2019-04-27 07:23:30', NULL, NULL, 476, 5),
(445, '2019-04-27 07:23:33', NULL, NULL, 433, 5),
(446, '2019-04-27 07:23:37', NULL, NULL, 448, 5),
(447, '2019-04-27 07:23:39', NULL, NULL, 58, 5),
(448, '2019-04-27 07:23:43', NULL, NULL, 123, 5),
(449, '2019-04-27 07:23:43', NULL, NULL, 434, 5),
(450, '2019-04-27 07:24:38', NULL, NULL, 619, 5),
(451, '2019-04-27 07:24:39', NULL, NULL, 490, 5),
(452, '2019-04-27 07:24:39', NULL, NULL, 207, 5),
(453, '2019-04-27 07:24:39', NULL, NULL, 227, 5),
(454, '2019-04-27 07:24:43', NULL, NULL, 394, 5),
(455, '2019-04-27 07:24:43', NULL, NULL, 635, 5),
(456, '2019-04-27 07:24:44', NULL, NULL, 89, 5),
(457, '2019-04-27 07:24:46', NULL, NULL, 159, 5),
(458, '2019-04-27 07:24:47', NULL, NULL, 57, 5),
(459, '2019-04-27 07:24:49', NULL, NULL, 259, 5),
(460, '2019-04-27 07:24:52', NULL, NULL, 607, 5),
(461, '2019-04-27 07:25:07', NULL, NULL, 345, 5),
(462, '2019-04-27 07:25:10', NULL, NULL, 605, 5),
(463, '2019-04-27 07:25:13', NULL, NULL, 55, 5),
(464, '2019-04-27 07:25:18', NULL, NULL, 602, 5),
(465, '2019-04-27 07:25:20', NULL, NULL, 548, 5),
(466, '2019-04-27 07:25:26', NULL, NULL, 432, 5),
(467, '2019-04-27 07:25:29', NULL, NULL, 348, 5),
(468, '2019-04-27 07:25:31', NULL, NULL, 140, 5),
(469, '2019-04-27 07:25:34', NULL, NULL, 188, 5),
(470, '2019-04-27 07:25:35', NULL, NULL, 15, 5),
(471, '2019-04-27 07:25:36', NULL, NULL, 300, 5),
(472, '2019-04-27 07:25:37', NULL, NULL, 556, 5),
(473, '2019-04-27 07:25:41', NULL, NULL, 278, 5),
(474, '2019-04-27 07:25:42', NULL, NULL, 29, 5),
(475, '2019-04-27 07:25:52', NULL, NULL, 5, 5),
(476, '2019-04-27 07:26:37', NULL, NULL, 70, 5),
(477, '2019-04-27 07:28:15', NULL, NULL, 540, 5),
(478, '2019-04-27 07:28:22', NULL, NULL, 275, 5),
(479, '2019-04-27 07:28:22', NULL, NULL, 286, 5),
(480, '2019-04-27 07:28:28', NULL, NULL, 79, 5),
(481, '2019-04-27 07:28:29', NULL, NULL, 16, 5),
(482, '2019-04-27 07:28:32', NULL, NULL, 517, 5),
(483, '2019-04-27 07:28:35', NULL, NULL, 62, 5),
(484, '2019-04-27 07:28:41', NULL, NULL, 356, 5),
(485, '2019-04-27 07:28:41', NULL, NULL, 420, 5),
(486, '2019-04-27 07:28:42', NULL, NULL, 214, 5),
(487, '2019-04-27 07:28:45', NULL, NULL, 608, 5),
(488, '2019-04-27 07:28:48', NULL, NULL, 76, 5),
(489, '2019-04-27 07:28:50', NULL, NULL, 370, 5),
(490, '2019-04-27 07:28:53', NULL, NULL, 138, 5),
(491, '2019-04-27 07:28:55', NULL, NULL, 492, 5),
(492, '2019-04-27 07:28:57', NULL, NULL, 319, 5),
(493, '2019-04-27 07:28:58', NULL, NULL, 541, 5),
(494, '2019-04-27 07:29:00', NULL, NULL, 515, 5),
(495, '2019-04-27 07:29:01', NULL, NULL, 177, 5),
(496, '2019-04-27 07:29:05', NULL, NULL, 424, 5),
(497, '2019-04-27 07:29:07', NULL, NULL, 613, 5),
(498, '2019-04-27 07:29:10', NULL, NULL, 82, 5),
(499, '2019-04-27 07:29:16', NULL, NULL, 270, 5),
(500, '2019-04-27 07:29:21', NULL, NULL, 518, 5),
(501, '2019-04-27 07:30:14', NULL, NULL, 381, 5),
(502, '2019-04-27 07:30:17', NULL, NULL, 573, 5),
(503, '2019-04-27 07:30:21', NULL, NULL, 71, 5),
(504, '2019-04-27 07:30:23', NULL, NULL, 570, 5),
(505, '2019-04-27 07:30:25', NULL, NULL, 458, 5),
(506, '2019-04-27 07:30:30', NULL, NULL, 378, 5),
(507, '2019-04-27 07:30:31', NULL, NULL, 621, 5),
(508, '2019-04-27 07:30:32', NULL, NULL, 614, 5),
(509, '2019-04-27 07:30:39', NULL, NULL, 12, 5),
(510, '2019-04-27 07:30:53', NULL, NULL, 93, 5),
(511, '2019-04-27 07:30:58', NULL, NULL, 84, 5),
(512, '2019-04-27 07:31:05', NULL, NULL, 383, 5),
(513, '2019-04-27 07:31:16', NULL, NULL, 252, 5),
(514, '2019-04-27 07:31:19', NULL, NULL, 315, 5),
(515, '2019-04-27 07:31:21', NULL, NULL, 311, 5),
(516, '2019-04-27 07:31:23', NULL, NULL, 337, 5),
(517, '2019-04-27 07:31:27', NULL, NULL, 502, 5),
(518, '2019-04-27 07:31:27', NULL, NULL, 601, 5),
(519, '2019-04-27 07:31:40', NULL, NULL, 404, 5),
(520, '2019-04-27 07:32:06', NULL, NULL, 265, 5),
(521, '2019-04-27 07:32:30', NULL, NULL, 426, 5),
(522, '2019-04-27 07:33:04', NULL, NULL, 134, 5),
(523, '2019-04-27 07:34:48', NULL, NULL, 303, 5),
(524, '2019-04-27 07:34:52', NULL, NULL, 352, 5),
(525, '2019-04-27 07:34:56', NULL, NULL, 201, 5),
(526, '2019-04-27 07:34:56', NULL, NULL, 45, 5),
(527, '2019-04-27 07:34:57', NULL, NULL, 42, 5),
(528, '2019-04-27 07:35:01', NULL, NULL, 610, 5),
(529, '2019-04-27 07:35:02', NULL, NULL, 83, 5),
(530, '2019-04-27 07:35:19', NULL, NULL, 163, 5),
(531, '2019-04-27 07:35:30', NULL, NULL, 397, 5),
(532, '2019-04-27 07:36:49', NULL, NULL, 148, 5),
(533, '2019-04-27 07:37:00', NULL, NULL, 507, 5),
(534, '2019-04-27 07:37:00', NULL, NULL, 295, 5),
(535, '2019-04-27 07:37:05', NULL, NULL, 626, 5),
(536, '2019-04-27 07:37:07', NULL, NULL, 455, 5),
(537, '2019-04-27 07:37:09', NULL, NULL, 59, 5),
(538, '2019-04-27 07:37:22', NULL, NULL, 580, 5),
(539, '2019-04-27 07:38:26', NULL, NULL, 622, 5),
(540, '2019-04-27 07:38:27', NULL, NULL, 398, 5),
(541, '2019-04-27 07:38:47', NULL, NULL, 318, 5),
(542, '2019-04-27 07:38:48', NULL, NULL, 85, 5),
(543, '2019-04-27 07:38:53', NULL, NULL, 187, 5),
(544, '2019-04-27 07:39:17', NULL, NULL, 535, 5),
(545, '2019-04-27 07:39:19', NULL, NULL, 373, 5),
(546, '2019-04-27 07:39:42', NULL, NULL, 452, 5),
(547, '2019-04-27 07:40:40', NULL, NULL, 628, 5),
(548, '2019-04-27 07:42:17', NULL, NULL, 627, 5),
(549, '2019-04-27 07:42:25', NULL, NULL, 634, 5),
(550, '2019-04-27 07:42:39', NULL, NULL, 418, 5),
(551, '2019-04-27 07:42:43', NULL, NULL, 36, 5),
(552, '2019-04-27 07:42:48', NULL, NULL, 494, 5),
(553, '2019-04-27 07:42:49', NULL, NULL, 388, 5),
(554, '2019-04-27 07:43:42', NULL, NULL, 196, 5),
(555, '2019-04-27 07:43:47', NULL, NULL, 423, 5),
(556, '2019-04-27 07:43:52', NULL, NULL, 289, 5),
(557, '2019-04-27 07:43:57', NULL, NULL, 427, 5),
(558, '2019-04-27 07:43:57', NULL, NULL, 482, 5),
(559, '2019-04-27 07:44:04', NULL, NULL, 421, 5),
(560, '2019-04-27 07:45:29', NULL, NULL, 623, 5),
(561, '2019-04-27 07:45:31', NULL, NULL, 181, 5),
(562, '2019-04-27 07:45:36', NULL, NULL, 451, 5),
(563, '2019-04-27 07:45:57', NULL, NULL, 52, 5),
(564, '2019-04-27 07:46:00', NULL, NULL, 304, 5),
(565, '2019-04-27 07:46:03', NULL, NULL, 624, 5),
(566, '2019-04-27 07:46:03', NULL, NULL, 565, 5),
(567, '2019-04-27 07:46:07', NULL, NULL, 298, 5),
(568, '2019-04-27 07:46:08', NULL, NULL, 558, 5),
(569, '2019-04-27 07:46:11', NULL, NULL, 529, 5),
(570, '2019-04-27 07:46:20', NULL, NULL, 493, 5),
(571, '2019-04-27 07:46:20', NULL, NULL, 399, 5),
(572, '2019-04-27 07:46:31', NULL, NULL, 524, 5),
(573, '2019-04-27 07:46:32', NULL, NULL, 96, 5),
(574, '2019-04-27 07:47:00', NULL, NULL, 166, 5),
(575, '2019-04-27 07:47:03', NULL, NULL, 173, 5),
(576, '2019-04-27 07:47:05', NULL, NULL, 382, 5),
(577, '2019-04-27 07:47:08', NULL, NULL, 63, 5),
(578, '2019-04-27 07:47:12', NULL, NULL, 599, 5),
(579, '2019-04-27 07:47:17', NULL, NULL, 137, 5),
(580, '2019-04-27 07:47:17', NULL, NULL, 484, 5),
(581, '2019-04-27 07:47:17', NULL, NULL, 591, 5),
(582, '2019-04-27 07:47:30', NULL, NULL, 268, 5),
(583, '2019-04-27 07:47:33', NULL, NULL, 336, 5),
(584, '2019-04-27 07:47:36', NULL, NULL, 596, 5),
(585, '2019-04-27 07:47:44', NULL, NULL, 191, 5),
(586, '2019-04-27 07:47:45', NULL, NULL, 269, 5),
(587, '2019-04-27 07:47:52', NULL, NULL, 395, 5),
(588, '2019-04-27 07:47:53', NULL, NULL, 292, 5),
(589, '2019-04-27 07:47:59', NULL, NULL, 53, 5),
(590, '2019-04-27 07:48:05', NULL, NULL, 250, 5),
(591, '2019-04-27 07:48:14', NULL, NULL, 179, 5),
(592, '2019-04-27 07:48:49', NULL, NULL, 172, 5),
(593, '2019-04-27 07:48:51', NULL, NULL, 90, 5),
(594, '2019-04-27 07:48:54', NULL, NULL, 514, 5),
(595, '2019-04-27 07:48:57', NULL, NULL, 254, 5),
(596, '2019-04-27 07:49:15', NULL, NULL, 538, 5),
(597, '2019-04-27 07:49:21', NULL, NULL, 551, 5),
(598, '2019-04-27 07:49:24', NULL, NULL, 526, 5),
(599, '2019-04-27 07:49:25', NULL, NULL, 31, 5),
(600, '2019-04-27 07:49:29', NULL, NULL, 465, 5),
(601, '2019-04-27 07:49:30', NULL, NULL, 145, 5),
(602, '2019-04-27 07:49:36', NULL, NULL, 287, 5),
(603, '2019-04-27 07:49:43', NULL, NULL, 477, 5),
(604, '2019-04-27 07:49:50', NULL, NULL, 564, 5),
(605, '2019-04-27 07:50:04', NULL, NULL, 590, 5),
(606, '2019-04-27 07:52:17', NULL, NULL, 508, 5),
(607, '2019-04-27 07:52:20', NULL, NULL, 503, 5),
(608, '2019-04-27 07:52:30', NULL, NULL, 449, 5),
(609, '2019-04-27 07:53:30', NULL, NULL, 508, 4),
(610, '2019-04-27 07:53:33', NULL, NULL, 324, 5),
(611, '2019-04-27 07:53:43', NULL, NULL, 197, 5),
(612, '2019-04-27 07:54:03', NULL, NULL, 247, 5),
(613, '2019-04-27 07:54:06', NULL, NULL, 14, 5),
(614, '2019-04-27 07:54:06', NULL, NULL, 446, 5),
(615, '2019-04-27 07:54:43', NULL, NULL, 49, 5),
(616, '2019-04-27 07:55:20', NULL, NULL, 244, 5),
(617, '2019-04-27 07:55:35', NULL, NULL, 456, 5),
(618, '2019-04-27 07:56:05', NULL, NULL, 282, 5),
(619, '2019-04-27 07:56:07', NULL, NULL, 234, 5),
(620, '2019-04-27 07:56:11', NULL, NULL, 297, 5),
(621, '2019-04-27 07:57:06', NULL, NULL, 603, 5),
(622, '2019-04-27 07:57:09', NULL, NULL, 457, 5),
(623, '2019-04-27 07:57:13', NULL, NULL, 65, 5),
(624, '2019-04-27 07:57:42', NULL, NULL, 615, 5),
(625, '2019-04-27 07:57:43', NULL, NULL, 335, 5),
(626, '2019-04-27 07:57:46', NULL, NULL, 92, 5),
(627, '2019-04-27 07:57:49', NULL, NULL, 126, 5),
(628, '2019-04-27 07:57:52', NULL, NULL, 54, 5),
(629, '2019-04-27 07:57:56', NULL, NULL, 77, 5),
(630, '2019-04-27 07:57:59', NULL, NULL, 592, 5),
(631, '2019-04-27 07:58:07', NULL, NULL, 219, 5),
(632, '2019-04-27 07:58:16', NULL, NULL, 500, 5),
(633, '2019-04-27 07:59:32', NULL, NULL, 501, 5),
(634, '2019-04-27 07:59:38', NULL, NULL, 387, 5),
(635, '2019-04-27 07:59:46', NULL, NULL, 344, 5),
(636, '2019-04-27 08:00:24', NULL, NULL, 536, 5),
(637, '2019-04-27 08:00:51', NULL, NULL, 182, 5),
(638, '2019-04-27 08:03:01', NULL, NULL, 339, 5),
(639, '2019-04-27 08:03:10', NULL, NULL, 101, 5),
(640, '2019-04-27 08:03:17', NULL, NULL, 416, 5),
(641, '2019-04-27 08:03:24', NULL, NULL, 133, 5),
(642, '2019-04-27 08:03:24', NULL, NULL, 530, 5),
(643, '2019-04-27 08:03:29', NULL, NULL, 620, 5),
(644, '2019-04-27 08:03:30', NULL, NULL, 246, 5),
(645, '2019-04-27 08:03:36', NULL, NULL, 99, 5),
(646, '2019-04-27 08:04:56', NULL, NULL, 347, 5),
(647, '2019-04-27 08:05:00', NULL, NULL, 158, 5),
(648, '2019-04-27 08:05:06', NULL, NULL, 121, 5),
(649, '2019-04-27 08:05:07', NULL, NULL, 237, 5),
(650, '2019-04-27 08:05:10', NULL, NULL, 66, 5),
(651, '2019-04-27 08:05:13', NULL, NULL, 461, 5),
(652, '2019-04-27 08:05:32', NULL, NULL, 414, 5),
(653, '2019-04-27 08:05:37', NULL, NULL, 283, 5),
(654, '2019-04-27 08:05:42', NULL, NULL, 322, 5),
(655, '2019-04-27 08:05:53', NULL, NULL, 129, 5),
(656, '2019-04-27 08:06:01', NULL, NULL, 366, 5),
(657, '2019-04-27 08:06:13', NULL, NULL, 478, 5),
(658, '2019-04-27 08:06:25', NULL, NULL, 155, 5),
(659, '2019-04-27 08:06:40', NULL, NULL, 631, 5),
(660, '2019-04-27 08:06:48', NULL, NULL, 643, 5),
(661, '2019-04-27 08:07:01', NULL, NULL, 171, 5),
(662, '2019-04-27 08:08:42', NULL, NULL, 561, 5),
(663, '2019-04-27 08:08:55', NULL, NULL, 56, 5),
(664, '2019-04-27 08:09:03', NULL, NULL, 325, 5),
(665, '2019-04-27 08:09:05', NULL, NULL, 327, 5),
(666, '2019-04-27 08:09:06', NULL, NULL, 153, 5),
(667, '2019-04-27 08:09:09', NULL, NULL, 313, 5),
(668, '2019-04-27 08:09:14', NULL, NULL, 125, 5),
(669, '2019-04-27 08:09:22', NULL, NULL, 625, 5),
(670, '2019-04-27 08:09:27', NULL, NULL, 103, 5),
(671, '2019-04-27 08:09:33', NULL, NULL, 431, 5),
(672, '2019-04-27 08:09:38', NULL, NULL, 95, 5),
(673, '2019-04-27 08:09:39', NULL, NULL, 584, 5),
(674, '2019-04-27 08:09:40', NULL, NULL, 87, 5),
(675, '2019-04-27 08:09:42', NULL, NULL, 194, 5),
(676, '2019-04-27 08:09:44', NULL, NULL, 629, 5),
(677, '2019-04-27 08:09:48', NULL, NULL, 248, 5),
(678, '2019-04-27 08:09:51', NULL, NULL, 521, 5),
(679, '2019-04-27 08:09:56', NULL, NULL, 309, 5),
(680, '2019-04-27 08:10:02', NULL, NULL, 584, 4),
(681, '2019-04-27 08:10:10', NULL, NULL, 534, 5),
(682, '2019-04-27 08:10:11', NULL, NULL, 306, 5),
(683, '2019-04-27 08:10:23', NULL, NULL, 18, 5),
(684, '2019-04-27 08:10:35', NULL, NULL, 444, 5),
(685, '2019-04-27 08:11:07', NULL, NULL, 440, 5),
(686, '2019-04-27 08:11:13', NULL, NULL, 241, 5),
(687, '2019-04-27 08:11:20', NULL, NULL, 560, 5),
(688, '2019-04-27 08:11:35', NULL, NULL, 72, 5),
(689, '2019-04-27 08:11:38', NULL, NULL, 111, 5),
(690, '2019-04-27 08:11:41', NULL, NULL, 513, 5),
(691, '2019-04-27 08:11:46', NULL, NULL, 516, 5),
(692, '2019-04-27 08:11:47', NULL, NULL, 362, 5),
(693, '2019-04-27 08:11:53', NULL, NULL, 415, 5),
(694, '2019-04-27 08:11:54', NULL, NULL, 32, 5),
(695, '2019-04-27 08:11:55', NULL, NULL, 299, 5),
(696, '2019-04-27 08:17:04', NULL, NULL, 144, 5),
(697, '2019-04-27 08:17:09', NULL, NULL, 9, 5),
(698, '2019-04-27 08:17:15', NULL, NULL, 439, 5),
(699, '2019-04-27 08:17:16', NULL, NULL, 202, 5),
(700, '2019-04-27 08:17:21', NULL, NULL, 606, 5),
(701, '2019-04-27 08:17:40', NULL, NULL, 611, 5),
(702, '2019-04-27 08:21:44', NULL, NULL, 293, 5),
(703, '2019-04-27 08:21:46', NULL, NULL, 183, 5),
(704, '2019-04-27 08:21:51', NULL, NULL, 127, 5),
(705, '2019-04-27 08:26:06', NULL, NULL, 302, 5),
(706, '2019-04-27 08:26:17', NULL, NULL, 604, 5),
(707, '2019-04-27 08:26:21', NULL, NULL, 44, 5),
(708, '2019-04-27 08:33:34', NULL, NULL, 199, 5),
(709, '2019-04-27 08:41:48', NULL, NULL, 164, 5),
(710, '2019-04-27 08:41:53', NULL, NULL, 223, 5),
(711, '2019-04-27 08:42:22', NULL, NULL, 78, 5),
(712, '2019-04-27 08:42:38', NULL, NULL, 562, 5),
(713, '2019-04-27 08:42:49', NULL, NULL, 499, 5),
(714, '2019-04-27 08:42:53', NULL, NULL, 358, 5),
(715, '2019-04-27 08:42:58', NULL, NULL, 638, 5),
(716, '2019-04-27 08:51:37', NULL, NULL, 245, 6),
(717, '2019-04-27 08:51:39', NULL, NULL, NULL, 6),
(718, '2019-04-27 08:51:41', NULL, NULL, 531, 6),
(719, '2019-04-27 08:51:45', NULL, NULL, 491, 6),
(720, '2019-04-27 08:51:49', NULL, NULL, 609, 6),
(721, '2019-04-27 08:51:50', NULL, NULL, 104, 6),
(722, '2019-04-27 08:51:52', NULL, NULL, 151, 6),
(723, '2019-04-27 08:51:55', NULL, NULL, 377, 6),
(724, '2019-04-27 08:51:57', NULL, NULL, 429, 6),
(725, '2019-04-27 08:52:00', NULL, NULL, 365, 6),
(726, '2019-04-27 08:52:00', NULL, NULL, 343, 6),
(727, '2019-04-27 08:52:01', NULL, NULL, 307, 6),
(728, '2019-04-27 08:52:04', NULL, NULL, 296, 6),
(729, '2019-04-27 08:52:04', NULL, NULL, 216, 6),
(730, '2019-04-27 08:52:09', NULL, NULL, 639, 6),
(731, '2019-04-27 08:52:19', NULL, NULL, 178, 6),
(732, '2019-04-27 08:52:28', NULL, NULL, 294, 6),
(733, '2019-04-27 08:52:36', NULL, NULL, 427, 6),
(734, '2019-04-27 08:52:36', NULL, NULL, 423, 6),
(735, '2019-04-27 08:52:38', NULL, NULL, 304, 6),
(736, '2019-04-27 08:52:42', NULL, NULL, 265, 6),
(737, '2019-04-27 08:52:45', NULL, NULL, 289, 6),
(738, '2019-04-27 08:52:46', NULL, NULL, 565, 6),
(739, '2019-04-27 08:52:51', NULL, NULL, 463, 6),
(740, '2019-04-27 08:52:52', NULL, NULL, 95, 6),
(741, '2019-04-27 08:52:52', NULL, NULL, 254, 6),
(742, '2019-04-27 08:52:57', NULL, NULL, 148, 6),
(743, '2019-04-27 08:53:01', NULL, NULL, 205, 6),
(744, '2019-04-27 08:53:06', NULL, NULL, 542, 6),
(745, '2019-04-27 08:53:07', NULL, NULL, 193, 6),
(746, '2019-04-27 08:53:12', NULL, NULL, 528, 6),
(747, '2019-04-27 08:53:12', NULL, NULL, 214, 6),
(748, '2019-04-27 08:53:16', NULL, NULL, 162, 6),
(749, '2019-04-27 08:53:24', NULL, NULL, 62, 6),
(750, '2019-04-27 08:53:24', NULL, NULL, 290, 6),
(751, '2019-04-27 08:53:27', NULL, NULL, 407, 6),
(752, '2019-04-27 08:53:51', NULL, NULL, 481, 6),
(753, '2019-04-27 08:53:54', NULL, NULL, 156, 6),
(754, '2019-04-27 08:53:56', NULL, NULL, 545, 6),
(755, '2019-04-27 08:54:01', NULL, NULL, 418, 6),
(756, '2019-04-27 08:54:04', NULL, NULL, 244, 6),
(757, '2019-04-27 08:54:28', NULL, NULL, 455, 6),
(758, '2019-04-27 08:54:36', NULL, NULL, 635, 6),
(759, '2019-04-27 08:54:37', NULL, NULL, 143, 6),
(760, '2019-04-27 08:54:51', NULL, NULL, 551, 6),
(761, '2019-04-27 08:54:53', NULL, NULL, 598, 6),
(762, '2019-04-27 08:54:55', NULL, NULL, 505, 6),
(763, '2019-04-27 08:54:59', NULL, NULL, 298, 6),
(764, '2019-04-27 08:54:59', NULL, NULL, 438, 6),
(765, '2019-04-27 08:55:03', NULL, NULL, 352, 6),
(766, '2019-04-27 08:55:03', NULL, NULL, 219, 6),
(767, '2019-04-27 08:55:05', NULL, NULL, 75, 6),
(768, '2019-04-27 08:55:07', NULL, NULL, 383, 6),
(769, '2019-04-27 08:55:11', NULL, NULL, 633, 6),
(770, '2019-04-27 08:55:13', NULL, NULL, 25, 6),
(771, '2019-04-27 08:55:14', NULL, NULL, 479, 6),
(772, '2019-04-27 08:55:16', NULL, NULL, 84, 6),
(773, '2019-04-27 08:55:17', NULL, NULL, 580, 6),
(774, '2019-04-27 08:55:19', NULL, NULL, 489, 6),
(775, '2019-04-27 08:55:24', NULL, NULL, 37, 6),
(776, '2019-04-27 08:55:25', NULL, NULL, 281, 6),
(777, '2019-04-27 08:55:25', NULL, NULL, 465, 6),
(778, '2019-04-27 08:55:25', NULL, NULL, 147, 6),
(779, '2019-04-27 08:55:26', NULL, NULL, 103, 6),
(780, '2019-04-27 08:55:29', NULL, NULL, 67, 6),
(781, '2019-04-27 08:55:30', NULL, NULL, 507, 6),
(782, '2019-04-27 08:55:31', NULL, NULL, 54, 6),
(783, '2019-04-27 08:55:31', NULL, NULL, 578, 6),
(784, '2019-04-27 08:55:33', NULL, NULL, 93, 6),
(785, '2019-04-27 08:55:37', NULL, NULL, 175, 6),
(786, '2019-04-27 08:55:37', NULL, NULL, 338, 6),
(787, '2019-04-27 08:55:38', NULL, NULL, 420, 6),
(788, '2019-04-27 08:55:40', NULL, NULL, 468, 6),
(789, '2019-04-27 08:55:41', NULL, NULL, 586, 6),
(790, '2019-04-27 08:55:41', NULL, NULL, 615, 6),
(791, '2019-04-27 08:55:42', NULL, NULL, 303, 6),
(792, '2019-04-27 08:55:44', NULL, NULL, 472, 6),
(793, '2019-04-27 08:55:47', NULL, NULL, 344, 6),
(794, '2019-04-27 08:55:48', NULL, NULL, 325, 6),
(795, '2019-04-27 08:55:49', NULL, NULL, 371, 6),
(796, '2019-04-27 08:55:50', NULL, NULL, 600, 6),
(797, '2019-04-27 08:55:50', NULL, NULL, 356, 6),
(798, '2019-04-27 08:55:51', NULL, NULL, 145, 6),
(799, '2019-04-27 08:55:51', NULL, NULL, 514, 6),
(800, '2019-04-27 08:55:52', NULL, NULL, 477, 6),
(801, '2019-04-27 08:55:53', NULL, NULL, 497, 6),
(802, '2019-04-27 08:55:54', NULL, NULL, 610, 6),
(803, '2019-04-27 08:55:56', NULL, NULL, 92, 6),
(804, '2019-04-27 08:55:56', NULL, NULL, 387, 6),
(805, '2019-04-27 08:56:00', NULL, NULL, 618, 6),
(806, '2019-04-27 08:56:00', NULL, NULL, 31, 6),
(807, '2019-04-27 08:56:03', NULL, NULL, 138, 6),
(808, '2019-04-27 08:56:04', NULL, NULL, 608, 6),
(809, '2019-04-27 08:56:05', NULL, NULL, 547, 6),
(810, '2019-04-27 08:56:06', NULL, NULL, 201, 6),
(811, '2019-04-27 08:56:07', NULL, NULL, 555, 6),
(812, '2019-04-27 08:56:08', NULL, NULL, 83, 6),
(813, '2019-04-27 08:56:09', NULL, NULL, 134, 6),
(814, '2019-04-27 08:56:09', NULL, NULL, 287, 6),
(815, '2019-04-27 08:56:10', NULL, NULL, 501, 6),
(816, '2019-04-27 08:56:12', NULL, NULL, 450, 6),
(817, '2019-04-27 08:56:14', NULL, NULL, 163, 6),
(818, '2019-04-27 08:56:15', NULL, NULL, 42, 6),
(819, '2019-04-27 08:56:16', NULL, NULL, 11, 6),
(820, '2019-04-27 08:56:17', NULL, NULL, 327, 6),
(821, '2019-04-27 08:56:17', NULL, NULL, 173, 6),
(822, '2019-04-27 08:56:17', NULL, NULL, 439, 6),
(823, '2019-04-27 08:56:18', NULL, NULL, 101, 6),
(824, '2019-04-27 08:56:18', NULL, NULL, 297, 6),
(825, '2019-04-27 08:56:18', NULL, NULL, 202, 6),
(826, '2019-04-27 08:56:23', NULL, NULL, 606, 6),
(827, '2019-04-27 08:56:23', NULL, NULL, 375, 6),
(828, '2019-04-27 08:56:23', NULL, NULL, 524, 6),
(829, '2019-04-27 08:56:23', NULL, NULL, 108, 6),
(830, '2019-04-27 08:56:24', NULL, NULL, 456, 6),
(831, '2019-04-27 08:56:24', NULL, NULL, 584, 6),
(832, '2019-04-27 08:56:25', NULL, NULL, 106, 6),
(833, '2019-04-27 08:56:26', NULL, NULL, 432, 6),
(834, '2019-04-27 08:56:26', NULL, NULL, 252, 6),
(835, '2019-04-27 08:56:28', NULL, NULL, 20, 6),
(836, '2019-04-27 08:56:29', NULL, NULL, 526, 6),
(837, '2019-04-27 08:56:29', NULL, NULL, 556, 6),
(838, '2019-04-27 08:56:30', NULL, NULL, 126, 6),
(839, '2019-04-27 08:56:31', NULL, NULL, 426, 6),
(840, '2019-04-27 08:56:32', NULL, NULL, 397, 6),
(841, '2019-04-27 08:56:32', NULL, NULL, 172, 6),
(842, '2019-04-27 08:56:34', NULL, NULL, 319, 6),
(843, '2019-04-27 08:56:34', NULL, NULL, 90, 6),
(844, '2019-04-27 08:56:34', NULL, NULL, 45, 6),
(845, '2019-04-27 08:56:35', NULL, NULL, 5, 6),
(846, '2019-04-27 08:56:37', NULL, NULL, 511, 6),
(847, '2019-04-27 08:56:38', NULL, NULL, 140, 6),
(848, '2019-04-27 08:56:41', NULL, NULL, 226, 6),
(849, '2019-04-27 08:56:42', NULL, NULL, 300, 6),
(850, '2019-04-27 08:56:46', NULL, NULL, 620, 6),
(851, '2019-04-27 08:56:49', NULL, NULL, 278, 6),
(852, '2019-04-27 08:56:52', NULL, NULL, 99, 6),
(853, '2019-04-27 08:57:02', NULL, NULL, 246, 6),
(854, '2019-04-27 08:57:05', NULL, NULL, 490, 6),
(855, '2019-04-27 08:57:09', NULL, NULL, 4, 6),
(856, '2019-04-27 08:57:10', NULL, NULL, 572, 6),
(857, '2019-04-27 08:57:12', NULL, NULL, 334, 6),
(858, '2019-04-27 08:57:13', NULL, NULL, 518, 6),
(859, '2019-04-27 08:57:16', NULL, NULL, 483, 6),
(860, '2019-04-27 08:57:17', NULL, NULL, 561, 6),
(861, '2019-04-27 08:57:21', NULL, NULL, 56, 6),
(862, '2019-04-27 08:57:21', NULL, NULL, 189, 6),
(863, '2019-04-27 08:57:24', NULL, NULL, 133, 6),
(864, '2019-04-27 08:57:28', NULL, NULL, 532, 6),
(865, '2019-04-27 08:57:31', NULL, NULL, 36, 6),
(866, '2019-04-27 08:57:31', NULL, NULL, 200, 6),
(867, '2019-04-27 08:57:31', NULL, NULL, 32, 6),
(868, '2019-04-27 08:57:35', NULL, NULL, 409, 6),
(869, '2019-04-27 08:57:35', NULL, NULL, 581, 6),
(870, '2019-04-27 08:57:36', NULL, NULL, 335, 6),
(871, '2019-04-27 08:57:44', NULL, NULL, 626, 6),
(872, '2019-04-27 08:57:45', NULL, NULL, 473, 6),
(873, '2019-04-27 08:57:52', NULL, NULL, 295, 6),
(874, '2019-04-27 08:57:52', NULL, NULL, 529, 6),
(875, '2019-04-27 08:57:53', NULL, NULL, 398, 6),
(876, '2019-04-27 08:58:01', NULL, NULL, 366, 6),
(877, '2019-04-27 08:58:03', NULL, NULL, 478, 6),
(878, '2019-04-27 08:58:07', NULL, NULL, 570, 6),
(879, '2019-04-27 08:58:07', NULL, NULL, 203, 6),
(880, '2019-04-27 08:58:11', NULL, NULL, 369, 6),
(881, '2019-04-27 08:58:11', NULL, NULL, 248, 6),
(882, '2019-04-27 08:58:13', NULL, NULL, 14, 6),
(883, '2019-04-27 08:58:14', NULL, NULL, 59, 6),
(884, '2019-04-27 08:58:14', NULL, NULL, 247, 6),
(885, '2019-04-27 08:58:16', NULL, NULL, 538, 6),
(886, '2019-04-27 08:58:16', NULL, NULL, 493, 6),
(887, '2019-04-27 08:58:16', NULL, NULL, 340, 6),
(888, '2019-04-27 08:58:18', NULL, NULL, 612, 6),
(889, '2019-04-27 08:58:19', NULL, NULL, 234, 6),
(890, '2019-04-27 08:58:20', NULL, NULL, 573, 6),
(891, '2019-04-27 08:58:21', NULL, NULL, 137, 6),
(892, '2019-04-27 08:58:21', NULL, NULL, 316, 6),
(893, '2019-04-27 08:58:23', NULL, NULL, 260, 6),
(894, '2019-04-27 08:58:25', NULL, NULL, 522, 6),
(895, '2019-04-27 08:58:29', NULL, NULL, 390, 6),
(896, '2019-04-27 08:58:29', NULL, NULL, 388, 6),
(897, '2019-04-27 08:58:30', NULL, NULL, 324, 6),
(898, '2019-04-27 08:58:31', NULL, NULL, 110, 6),
(899, '2019-04-27 08:58:32', NULL, NULL, 15, 6),
(900, '2019-04-27 08:58:34', NULL, NULL, 87, 6),
(901, '2019-04-27 08:58:35', NULL, NULL, 166, 6),
(902, '2019-04-27 08:58:35', NULL, NULL, 461, 6),
(903, '2019-04-27 08:58:35', NULL, NULL, 211, 6),
(904, '2019-04-27 08:58:37', NULL, NULL, 154, 6),
(905, '2019-04-27 08:58:37', NULL, NULL, 29, 6),
(906, '2019-04-27 08:58:38', NULL, NULL, 191, 6),
(907, '2019-04-27 08:58:38', NULL, NULL, 22, 6),
(908, '2019-04-27 08:58:39', NULL, NULL, 121, 6),
(909, '2019-04-27 08:58:43', NULL, NULL, 18, 6),
(910, '2019-04-27 08:58:44', NULL, NULL, 66, 6),
(911, '2019-04-27 08:58:47', NULL, NULL, 482, 6),
(912, '2019-04-27 08:58:50', NULL, NULL, 492, 6),
(913, '2019-04-27 08:58:55', NULL, NULL, 560, 6),
(914, '2019-04-27 08:58:55', NULL, NULL, 421, 6),
(915, '2019-04-27 08:58:57', NULL, NULL, 415, 6),
(916, '2019-04-27 08:59:01', NULL, NULL, 197, 6),
(917, '2019-04-27 08:59:03', NULL, NULL, 548, 6),
(918, '2019-04-27 08:59:06', NULL, NULL, 49, 6),
(919, '2019-04-27 08:59:06', NULL, NULL, 96, 6),
(920, '2019-04-27 08:59:06', NULL, NULL, 576, 6),
(921, '2019-04-27 08:59:09', NULL, NULL, 534, 6),
(922, '2019-04-27 08:59:09', NULL, NULL, 177, 6),
(923, '2019-04-27 08:59:11', NULL, NULL, 158, 6),
(924, '2019-04-27 08:59:13', NULL, NULL, 451, 6),
(925, '2019-04-27 08:59:17', NULL, NULL, 348, 6),
(926, '2019-04-27 08:59:18', NULL, NULL, 347, 6),
(927, '2019-04-27 08:59:18', NULL, NULL, 181, 6),
(928, '2019-04-27 08:59:19', NULL, NULL, 9, 6),
(929, '2019-04-27 08:59:21', NULL, NULL, 72, 6),
(930, '2019-04-27 08:59:24', NULL, NULL, 591, 6),
(931, '2019-04-27 08:59:31', NULL, NULL, 192, 6),
(932, '2019-04-27 08:59:32', NULL, NULL, 485, 6),
(933, '2019-04-27 08:59:33', NULL, NULL, 484, 6),
(934, '2019-04-27 08:59:36', NULL, NULL, 643, 6),
(935, '2019-04-27 08:59:37', NULL, NULL, 621, 6),
(936, '2019-04-27 08:59:39', NULL, NULL, 52, 6),
(937, '2019-04-27 08:59:40', NULL, NULL, 444, 6),
(938, '2019-04-27 08:59:41', NULL, NULL, 541, 6),
(939, '2019-04-27 08:59:42', NULL, NULL, 404, 6),
(940, '2019-04-27 08:59:46', NULL, NULL, 378, 6),
(941, '2019-04-27 08:59:47', NULL, NULL, 602, 6),
(942, '2019-04-27 08:59:48', NULL, NULL, 188, 6),
(943, '2019-04-27 08:59:53', NULL, NULL, 381, 6),
(944, '2019-04-27 08:59:55', NULL, NULL, 337, 6),
(945, '2019-04-27 08:59:56', NULL, NULL, 552, 6),
(946, '2019-04-27 08:59:58', NULL, NULL, 167, 6),
(947, '2019-04-27 08:59:58', NULL, NULL, 607, 6),
(948, '2019-04-27 09:00:00', NULL, NULL, 182, 6),
(949, '2019-04-27 09:00:01', NULL, NULL, 564, 6),
(950, '2019-04-27 09:00:02', NULL, NULL, 412, 6),
(951, '2019-04-27 09:00:02', NULL, NULL, 530, 6),
(952, '2019-04-27 09:00:06', NULL, NULL, 170, 6),
(953, '2019-04-27 09:00:06', NULL, NULL, 315, 6),
(954, '2019-04-27 09:00:11', NULL, NULL, 471, 6),
(955, '2019-04-27 09:00:12', NULL, NULL, 299, 6),
(956, '2019-04-27 09:00:12', NULL, NULL, 630, 6),
(957, '2019-04-27 09:00:12', NULL, NULL, 516, 6),
(958, '2019-04-27 09:00:15', NULL, NULL, 268, 6),
(959, '2019-04-27 09:00:15', NULL, NULL, 433, 6),
(960, '2019-04-27 09:00:16', NULL, NULL, 160, 6),
(961, '2019-04-27 09:00:18', NULL, NULL, 311, 6),
(962, '2019-04-27 09:00:20', NULL, NULL, 513, 6),
(963, '2019-04-27 09:00:21', NULL, NULL, 416, 6),
(964, '2019-04-27 09:00:26', NULL, NULL, 144, 6),
(965, '2019-04-27 09:00:26', NULL, NULL, 362, 6),
(966, '2019-04-27 09:00:30', NULL, NULL, 448, 6),
(967, '2019-04-27 09:00:31', NULL, NULL, 604, 6),
(968, '2019-04-27 09:00:35', NULL, NULL, 71, 6),
(969, '2019-04-27 09:00:36', NULL, NULL, 111, 6),
(970, '2019-04-27 09:00:36', NULL, NULL, 82, 6),
(971, '2019-04-27 09:00:36', NULL, NULL, 165, 6),
(972, '2019-04-27 09:00:37', NULL, NULL, 50, 6),
(973, '2019-04-27 09:00:41', NULL, NULL, 339, 6),
(974, '2019-04-27 09:00:41', NULL, NULL, 605, 6),
(975, '2019-04-27 09:00:42', NULL, NULL, 502, 6),
(976, '2019-04-27 09:00:43', NULL, NULL, 232, 6),
(977, '2019-04-27 09:00:44', NULL, NULL, 250, 6),
(978, '2019-04-27 09:00:45', NULL, NULL, 601, 6),
(979, '2019-04-27 09:00:45', NULL, NULL, 454, 6),
(980, '2019-04-27 09:00:46', NULL, NULL, 8, 6),
(981, '2019-04-27 09:00:46', NULL, NULL, 65, 6),
(982, '2019-04-27 09:00:50', NULL, NULL, 596, 6),
(983, '2019-04-27 09:00:52', NULL, NULL, 282, 6),
(984, '2019-04-27 09:00:52', NULL, NULL, 243, 6),
(985, '2019-04-27 09:00:55', NULL, NULL, 63, 6),
(986, '2019-04-27 09:00:56', NULL, NULL, 199, 6),
(987, '2019-04-27 09:00:57', NULL, NULL, 238, 6),
(988, '2019-04-27 09:00:57', NULL, NULL, 619, 6),
(989, '2019-04-27 09:01:01', NULL, NULL, 599, 6),
(990, '2019-04-27 09:01:03', NULL, NULL, 399, 6),
(991, '2019-04-27 09:01:05', NULL, NULL, 185, 6),
(992, '2019-04-27 09:01:08', NULL, NULL, 256, 6),
(993, '2019-04-27 09:01:08', NULL, NULL, 349, 6),
(994, '2019-04-27 09:01:09', NULL, NULL, 575, 6),
(995, '2019-04-27 09:01:11', NULL, NULL, 10, 6),
(996, '2019-04-27 09:01:13', NULL, NULL, 636, 6),
(997, '2019-04-27 09:01:14', NULL, NULL, 431, 6),
(998, '2019-04-27 09:01:15', NULL, NULL, 476, 6),
(999, '2019-04-27 09:01:17', NULL, NULL, 310, 6),
(1000, '2019-04-27 09:01:18', NULL, NULL, 391, 6),
(1001, '2019-04-27 09:01:18', NULL, NULL, 114, 6),
(1002, '2019-04-27 09:01:19', NULL, NULL, 336, 6),
(1003, '2019-04-27 09:01:22', NULL, NULL, 549, 6),
(1004, '2019-04-27 09:01:24', NULL, NULL, 508, 6),
(1005, '2019-04-27 09:01:25', NULL, NULL, 568, 6),
(1006, '2019-04-27 09:01:25', NULL, NULL, 405, 6),
(1007, '2019-04-27 09:01:27', NULL, NULL, 237, 6),
(1008, '2019-04-27 09:01:28', NULL, NULL, 434, 6),
(1009, '2019-04-27 09:01:30', NULL, NULL, 309, 6),
(1010, '2019-04-27 09:01:30', NULL, NULL, 617, 6),
(1011, '2019-04-27 09:01:34', NULL, NULL, 58, 6),
(1012, '2019-04-27 09:01:40', NULL, NULL, 184, 6),
(1013, '2019-04-27 09:01:40', NULL, NULL, 521, 6),
(1014, '2019-04-27 09:01:41', NULL, NULL, 40, 6),
(1015, '2019-04-27 09:01:44', NULL, NULL, 379, 6),
(1016, '2019-04-27 09:01:46', NULL, NULL, 629, 6),
(1017, '2019-04-27 09:01:46', NULL, NULL, 179, 6),
(1018, '2019-04-27 09:01:48', NULL, NULL, 393, 6),
(1019, '2019-04-27 09:01:49', NULL, NULL, 546, 6),
(1020, '2019-04-27 09:01:50', NULL, NULL, 536, 6),
(1021, '2019-04-27 09:01:52', NULL, NULL, 382, 6),
(1022, '2019-04-27 09:01:54', NULL, NULL, 194, 6),
(1023, '2019-04-27 09:01:55', NULL, NULL, 57, 6),
(1024, '2019-04-27 09:01:56', NULL, NULL, 221, 6),
(1025, '2019-04-27 09:01:58', NULL, NULL, 414, 6),
(1026, '2019-04-27 09:01:59', NULL, NULL, 487, 6),
(1027, '2019-04-27 09:02:00', NULL, NULL, 611, 6),
(1028, '2019-04-27 09:02:01', NULL, NULL, 293, 6),
(1029, '2019-04-27 09:02:05', NULL, NULL, 119, 6),
(1030, '2019-04-27 09:02:08', NULL, NULL, 553, 6),
(1031, '2019-04-27 09:02:08', NULL, NULL, 354, 6),
(1032, '2019-04-27 09:02:09', NULL, NULL, 410, 6),
(1033, '2019-04-27 09:02:11', NULL, NULL, 124, 6),
(1034, '2019-04-27 09:02:11', NULL, NULL, 333, 6),
(1035, '2019-04-27 09:02:13', NULL, NULL, 275, 6),
(1036, '2019-04-27 09:02:15', NULL, NULL, 370, 6),
(1037, '2019-04-27 09:02:16', NULL, NULL, 291, 6),
(1038, '2019-04-27 09:02:16', NULL, NULL, 360, 6),
(1039, '2019-04-27 09:02:18', NULL, NULL, 79, 6),
(1040, '2019-04-27 09:02:21', NULL, NULL, 286, 6),
(1041, '2019-04-27 09:02:22', NULL, NULL, 164, 6),
(1042, '2019-04-27 09:02:24', NULL, NULL, 540, 6),
(1043, '2019-04-27 09:02:25', NULL, NULL, 116, 6);
INSERT INTO `scan_member` (`id`, `created_at`, `updated_at`, `deleted_at`, `id_member`, `id_scan_type`) VALUES
(1044, '2019-04-27 09:02:27', NULL, NULL, 457, 6),
(1045, '2019-04-27 09:02:28', NULL, NULL, 632, 6),
(1046, '2019-04-27 09:02:30', NULL, NULL, 579, 6),
(1047, '2019-04-27 09:02:32', NULL, NULL, 624, 6),
(1048, '2019-04-27 09:02:32', NULL, NULL, 241, 6),
(1049, '2019-04-27 09:02:33', NULL, NULL, 563, 6),
(1050, '2019-04-27 09:02:33', NULL, NULL, 503, 6),
(1051, '2019-04-27 09:02:34', NULL, NULL, 640, 6),
(1052, '2019-04-27 09:02:37', NULL, NULL, 515, 6),
(1053, '2019-04-27 09:02:37', NULL, NULL, 269, 6),
(1054, '2019-04-27 09:02:39', NULL, NULL, 558, 6),
(1055, '2019-04-27 09:02:39', NULL, NULL, 394, 6),
(1056, '2019-04-27 09:02:42', NULL, NULL, 227, 6),
(1057, '2019-04-27 09:02:48', NULL, NULL, 139, 6),
(1058, '2019-04-27 09:02:57', NULL, NULL, 157, 6),
(1059, '2019-04-27 09:02:58', NULL, NULL, 76, 6),
(1060, '2019-04-27 09:02:59', NULL, NULL, 346, 6),
(1061, '2019-04-27 09:03:02', NULL, NULL, 73, 6),
(1062, '2019-04-27 09:03:04', NULL, NULL, 603, 6),
(1063, '2019-04-27 09:03:05', NULL, NULL, 7, 6),
(1064, '2019-04-27 09:03:07', NULL, NULL, 207, 6),
(1065, '2019-04-27 09:03:08', NULL, NULL, 422, 6),
(1066, '2019-04-27 09:03:09', NULL, NULL, 322, 6),
(1067, '2019-04-27 09:03:11', NULL, NULL, 283, 6),
(1068, '2019-04-27 09:03:12', NULL, NULL, 85, 6),
(1069, '2019-04-27 09:03:13', NULL, NULL, 569, 6),
(1070, '2019-04-27 09:03:15', NULL, NULL, 30, 6),
(1071, '2019-04-27 09:03:16', NULL, NULL, 55, 6),
(1072, '2019-04-27 09:03:27', NULL, NULL, 318, 6),
(1073, '2019-04-27 09:03:28', NULL, NULL, 230, 6),
(1074, '2019-04-27 09:03:28', NULL, NULL, 627, 6),
(1075, '2019-04-27 09:03:33', NULL, NULL, 112, 6),
(1076, '2019-04-27 09:03:35', NULL, NULL, 593, 6),
(1077, '2019-04-27 09:03:37', NULL, NULL, 443, 6),
(1078, '2019-04-27 09:03:38', NULL, NULL, 187, 6),
(1079, '2019-04-27 09:03:45', NULL, NULL, 357, 6),
(1080, '2019-04-27 09:03:51', NULL, NULL, 557, 6),
(1081, '2019-04-27 09:03:52', NULL, NULL, 129, 6),
(1082, '2019-04-27 09:03:54', NULL, NULL, 645, 6),
(1083, '2019-04-27 09:04:00', NULL, NULL, 523, 6),
(1084, '2019-04-27 09:04:05', NULL, NULL, 196, 6),
(1085, '2019-04-27 09:04:11', NULL, NULL, 313, 6),
(1086, '2019-04-27 09:04:16', NULL, NULL, 259, 6),
(1087, '2019-04-27 09:04:20', NULL, NULL, 628, 6),
(1088, '2019-04-27 09:04:20', NULL, NULL, 634, 6),
(1089, '2019-04-27 09:04:21', NULL, NULL, 625, 6),
(1090, '2019-04-27 09:04:22', NULL, NULL, 631, 6),
(1091, '2019-04-27 09:04:28', NULL, NULL, 437, 6),
(1092, '2019-04-27 09:04:28', NULL, NULL, 587, 6),
(1093, '2019-04-27 09:04:28', NULL, NULL, 159, 6),
(1094, '2019-04-27 09:04:41', NULL, NULL, 395, 6),
(1095, '2019-04-27 09:04:44', NULL, NULL, 153, 6),
(1096, '2019-04-27 09:04:47', NULL, NULL, 345, 6),
(1097, '2019-04-27 09:04:47', NULL, NULL, 125, 6),
(1098, '2019-04-27 09:04:48', NULL, NULL, 623, 6),
(1099, '2019-04-27 09:04:49', NULL, NULL, 613, 6),
(1100, '2019-04-27 09:04:54', NULL, NULL, 176, 6),
(1101, '2019-04-27 09:04:56', NULL, NULL, 614, 6),
(1102, '2019-04-27 09:04:59', NULL, NULL, 88, 6),
(1103, '2019-04-27 09:05:00', NULL, NULL, 592, 6),
(1104, '2019-04-27 09:05:01', NULL, NULL, 77, 6),
(1105, '2019-04-27 09:05:06', NULL, NULL, 462, 6),
(1106, '2019-04-27 09:05:09', NULL, NULL, 21, 6),
(1107, '2019-04-27 09:05:13', NULL, NULL, 326, 6),
(1108, '2019-04-27 09:05:13', NULL, NULL, 537, 6),
(1109, '2019-04-27 09:05:20', NULL, NULL, 131, 6),
(1110, '2019-04-27 09:05:24', NULL, NULL, 622, 6),
(1111, '2019-04-27 09:05:58', NULL, NULL, 512, 6),
(1112, '2019-04-27 09:07:05', NULL, NULL, 306, 6),
(1113, '2019-04-27 09:09:10', NULL, NULL, 270, 6),
(1114, '2019-04-27 09:09:20', NULL, NULL, 500, 6),
(1115, '2019-04-27 09:09:33', NULL, NULL, 136, 6),
(1116, '2019-04-27 09:09:45', NULL, NULL, 68, 6),
(1117, '2019-04-27 09:09:55', NULL, NULL, 474, 6),
(1118, '2019-04-27 09:15:22', NULL, NULL, 279, 6),
(1119, '2019-04-27 09:15:33', NULL, NULL, 128, 6),
(1120, '2019-04-27 09:15:35', NULL, NULL, 533, 6),
(1121, '2019-04-27 09:17:23', NULL, NULL, 498, 6),
(1122, '2019-04-27 09:17:32', NULL, NULL, 220, 6),
(1123, '2019-04-27 09:17:33', NULL, NULL, 23, 6),
(1124, '2019-04-27 09:17:38', NULL, NULL, 321, 6),
(1125, '2019-04-27 09:17:42', NULL, NULL, 389, 6),
(1126, '2019-04-27 09:17:46', NULL, NULL, 27, 6),
(1127, '2019-04-27 09:18:02', NULL, NULL, 527, 6),
(1128, '2019-04-27 09:18:14', NULL, NULL, 258, 6),
(1129, '2019-04-27 09:20:36', NULL, NULL, 239, 6),
(1130, '2019-04-27 09:20:57', NULL, NULL, 51, 6),
(1131, '2019-04-27 09:21:20', NULL, NULL, 449, 6),
(1132, '2019-04-27 09:21:38', NULL, NULL, 123, 6),
(1133, '2019-04-27 09:21:57', NULL, NULL, 169, 6),
(1134, '2019-04-27 09:22:11', NULL, NULL, 17, 6),
(1135, '2019-04-27 09:23:34', NULL, NULL, 486, 6),
(1136, '2019-04-27 09:23:43', NULL, NULL, 233, 6),
(1137, '2019-04-27 09:23:44', NULL, NULL, 69, 6),
(1138, '2019-04-27 09:23:51', NULL, NULL, 235, 6),
(1139, '2019-04-27 09:23:53', NULL, NULL, 308, 6),
(1140, '2019-04-27 09:23:57', NULL, NULL, 364, 6),
(1141, '2019-04-27 09:26:00', NULL, NULL, 171, 6),
(1142, '2019-04-27 09:26:01', NULL, NULL, 94, 6),
(1143, '2019-04-27 09:26:07', NULL, NULL, 127, 6),
(1144, '2019-04-27 09:26:09', NULL, NULL, 183, 6),
(1145, '2019-04-27 09:26:33', NULL, NULL, 128, 5),
(1146, '2019-04-27 09:27:24', NULL, NULL, 44, 6),
(1147, '2019-04-27 09:27:31', NULL, NULL, 302, 6),
(1148, '2019-04-27 09:27:34', NULL, NULL, 155, 6),
(1149, '2019-04-27 09:28:53', NULL, NULL, 279, 4),
(1150, '2019-04-27 09:28:59', NULL, NULL, 279, 5),
(1151, '2019-04-27 09:29:10', NULL, NULL, 128, 4),
(1152, '2019-04-27 09:33:29', NULL, NULL, 100, 6),
(1153, '2019-04-27 09:37:26', NULL, NULL, 218, 6),
(1154, '2019-04-27 09:37:31', NULL, NULL, 458, 6),
(1155, '2019-04-27 09:37:34', NULL, NULL, 509, 6),
(1156, '2019-04-27 09:37:41', NULL, NULL, 446, 6),
(1157, '2019-04-27 09:37:47', NULL, NULL, 571, 6),
(1158, '2019-04-27 09:38:14', NULL, NULL, 262, 6),
(1159, '2019-04-27 09:38:20', NULL, NULL, 466, 6),
(1160, '2019-04-27 09:38:24', NULL, NULL, 231, 6),
(1161, '2019-04-27 09:41:17', NULL, NULL, 6, 6),
(1162, '2019-04-27 09:41:26', NULL, NULL, 488, 6),
(1163, '2019-04-27 09:48:49', NULL, NULL, 223, 6),
(1164, '2019-04-27 09:48:52', NULL, NULL, 305, 6),
(1165, '2019-04-27 09:53:51', NULL, NULL, 637, 6),
(1166, '2019-04-27 09:53:56', NULL, NULL, 384, 6);

-- --------------------------------------------------------

--
-- Table structure for table `scan_type`
--

CREATE TABLE `scan_type` (
  `id` int(11) NOT NULL,
  `created_at` datetime DEFAULT NULL,
  `updated_at` datetime DEFAULT NULL,
  `deleted_at` datetime DEFAULT NULL,
  `name` varchar(255) DEFAULT NULL,
  `date` date DEFAULT NULL
) ENGINE=InnoDB DEFAULT CHARSET=utf8;

--
-- Dumping data for table `scan_type`
--

INSERT INTO `scan_type` (`id`, `created_at`, `updated_at`, `deleted_at`, `name`, `date`) VALUES
(1, '2019-02-24 23:31:07', '2019-04-17 20:31:56', '2019-04-18 11:53:30', 'Check In Gate - Day 1', '2019-04-26'),
(2, '2019-02-24 23:31:07', NULL, '2019-04-18 11:53:28', 'Check In Gate - Day 2', '2019-04-27'),
(3, '2019-02-24 23:31:07', NULL, '2019-04-18 11:53:25', 'Check In Gate - Day 3', '2019-04-28'),
(4, '2019-04-18 11:53:55', '2019-04-25 10:14:18', NULL, 'CI Kedatangan di Hotel', '2019-04-26'),
(5, '2019-04-18 11:54:23', '2019-04-25 10:14:02', NULL, 'CI CSR', '2019-04-27'),
(6, '2019-04-18 11:54:40', '2019-04-25 10:13:51', NULL, 'CI Outbound', '2019-04-27'),
(7, '2019-04-18 11:54:51', '2019-04-25 10:13:38', NULL, 'CI Dinner', '2019-04-27'),
(8, '2019-04-18 11:55:09', '2019-04-25 10:13:26', NULL, 'CI Splash Party', '2019-04-27'),
(9, '2019-04-18 11:55:24', '2019-04-25 10:13:10', NULL, 'CI Wanaku Resto / Lunch', '2019-04-28');

-- --------------------------------------------------------

--
-- Table structure for table `setting`
--

CREATE TABLE `setting` (
  `id` int(11) NOT NULL,
  `created_at` datetime DEFAULT NULL,
  `updated_at` datetime DEFAULT NULL,
  `deleted_at` datetime DEFAULT NULL,
  `type` varchar(255) DEFAULT NULL,
  `value` text
) ENGINE=InnoDB DEFAULT CHARSET=utf8;

--
-- Dumping data for table `setting`
--

INSERT INTO `setting` (`id`, `created_at`, `updated_at`, `deleted_at`, `type`, `value`) VALUES
(1, '2018-12-09 14:18:17', NULL, NULL, 'api-key', 'eventydemo'),
(2, '2018-12-09 14:18:17', NULL, NULL, 'profile_image', 'Yes'),
(3, '2018-12-09 14:18:17', NULL, NULL, 'profile_name', 'No'),
(4, '2018-12-09 14:18:17', NULL, NULL, 'profile_email', 'No'),
(5, '2018-12-09 14:18:17', NULL, NULL, 'profile_phone', 'Yes'),
(6, '2018-12-09 14:18:17', NULL, NULL, 'profile_company', 'Yes'),
(7, '2018-12-09 14:18:17', NULL, NULL, 'profile_departement', 'Yes'),
(8, '2018-12-09 14:18:17', NULL, NULL, 'profile_id_number', 'No'),
(9, '2018-12-09 14:18:17', NULL, NULL, 'event_date_start', '2019-04-26'),
(10, '2018-12-09 14:18:17', NULL, NULL, 'event_date_finish', '2019-04-28'),
(11, '2018-12-09 14:18:17', '2019-04-18 03:28:24', NULL, 'about_event_image', 'uploads/setting/a8a44e8030d4f8a49b9f35305a2c285e.png'),
(12, '2018-12-09 14:18:17', '2019-04-18 18:31:28', NULL, 'about_event_content', '<h2>Hi tiket family,</h2>\r\n\r\n<p>Pack your bags and buckle up as Bali awaits us for some fun and meaningful experience at Splash Party 2019. As a diverse team, coming together is the beginning. Keeping together is progress. And working together is the ultimate success. So turn on your beach vibes as we sail together in a dynamic voyage to become the most consumer centric OTA, integrating thousands of local business to grow Indonesian Tourism.<br></p>'),
(13, '2018-12-09 14:18:17', NULL, NULL, 'application_name', 'Splash Party'),
(14, '2018-12-09 14:18:17', NULL, NULL, 'application_date_start', '2019-04-26'),
(15, '2018-12-09 14:18:17', NULL, NULL, 'application_date_end', '	2019-04-28'),
(16, '2018-12-09 14:18:17', NULL, NULL, 'feedback_ratting', 'Please give me a rating'),
(17, '2018-12-09 14:18:17', NULL, NULL, 'feedback_description', 'How do you feel after attending the event?'),
(18, '2018-12-09 14:18:17', NULL, NULL, 'quiz_point', '10'),
(19, '2018-12-09 14:18:17', NULL, NULL, 'quiz_coundown', '30');

-- --------------------------------------------------------

--
-- Table structure for table `slider`
--

CREATE TABLE `slider` (
  `id` int(11) NOT NULL,
  `created_at` datetime DEFAULT NULL,
  `updated_at` datetime DEFAULT NULL,
  `deleted_at` datetime DEFAULT NULL,
  `image` varchar(255) COLLATE utf8mb4_unicode_ci DEFAULT NULL
) ENGINE=InnoDB DEFAULT CHARSET=utf8mb4 COLLATE=utf8mb4_unicode_ci;

--
-- Dumping data for table `slider`
--

INSERT INTO `slider` (`id`, `created_at`, `updated_at`, `deleted_at`, `image`) VALUES
(1, '2019-04-17 18:36:24', '2019-04-17 18:36:24', NULL, 'uploads/banner/648d75211009f172f4d2e1f29a6a8822.png'),
(2, '2019-04-17 18:36:36', '2019-04-17 18:36:36', NULL, 'uploads/banner/523a4ad8e2fc6e2bd4af7744a51685f3.png'),
(3, '2019-04-17 18:36:46', '2019-04-17 18:36:46', NULL, 'uploads/banner/d66243bc1d1f319944dd532484bac751.png'),
(4, '2019-04-17 18:36:57', '2019-04-17 18:36:57', NULL, 'uploads/banner/9a0f029a59abe74f39f16177ea462e53.png'),
(5, '2019-04-17 18:37:03', '2019-04-17 18:37:03', NULL, 'uploads/banner/a4ef12c982d6fffab3ade52b8c3d9b9d.png'),
(6, '2019-04-26 16:49:45', '2019-04-26 16:49:45', NULL, 'uploads/banner/11068e11d47d308752a9b5736ca56778.jpeg');

-- --------------------------------------------------------

--
-- Table structure for table `speaker`
--

CREATE TABLE `speaker` (
  `id` int(11) NOT NULL,
  `created_at` datetime DEFAULT NULL,
  `updated_at` datetime DEFAULT NULL,
  `deleted_at` datetime DEFAULT NULL,
  `image` varchar(255) DEFAULT NULL,
  `name` varchar(255) DEFAULT NULL,
  `title` varchar(255) DEFAULT NULL,
  `description` text
) ENGINE=InnoDB DEFAULT CHARSET=utf8;

--
-- Dumping data for table `speaker`
--

INSERT INTO `speaker` (`id`, `created_at`, `updated_at`, `deleted_at`, `image`, `name`, `title`, `description`) VALUES
(1, '2019-02-23 04:11:48', '2019-04-23 09:59:08', NULL, 'uploads/image_speaker/1-d464dbc2052080680525af83f243453b.png', 'Admin', 'Admin', 'With Eventy Apps, Now Event Organizer can reach Event goals Faster and Easier\r\n\r\nEvet planners are known for creating incredible experience. We make those experiences trackable, measurable and optimized.'),
(2, '2019-04-17 17:45:25', '2019-04-17 18:25:32', '2019-04-23 09:57:50', NULL, 'Ridho', NULL, NULL);

-- --------------------------------------------------------

--
-- Table structure for table `survey_answer`
--

CREATE TABLE `survey_answer` (
  `id` int(11) NOT NULL,
  `created_at` datetime DEFAULT NULL,
  `updated_at` datetime DEFAULT NULL,
  `deleted_at` datetime DEFAULT NULL,
  `id_member` int(11) DEFAULT NULL,
  `id_survey_question` int(11) DEFAULT NULL,
  `id_survey_option` int(11) DEFAULT NULL
) ENGINE=InnoDB DEFAULT CHARSET=utf8;

-- --------------------------------------------------------

--
-- Table structure for table `survey_option`
--

CREATE TABLE `survey_option` (
  `id` int(11) NOT NULL,
  `created_at` datetime DEFAULT NULL,
  `updated_at` datetime DEFAULT NULL,
  `deleted_at` datetime DEFAULT NULL,
  `id_survey_question` int(11) DEFAULT NULL,
  `value` varchar(255) DEFAULT NULL,
  `sort` int(11) DEFAULT NULL
) ENGINE=InnoDB DEFAULT CHARSET=utf8;

--
-- Dumping data for table `survey_option`
--

INSERT INTO `survey_option` (`id`, `created_at`, `updated_at`, `deleted_at`, `id_survey_question`, `value`, `sort`) VALUES
(1, '2019-04-18 02:56:59', '2019-04-18 03:11:41', NULL, 1, 'Answer 1.1', 1),
(2, '2019-04-18 02:56:59', '2019-04-18 03:11:41', NULL, 1, 'Answer 1.2', 2),
(3, '2019-04-18 02:56:59', '2019-04-18 03:11:41', NULL, 1, 'Answer 1.3', 3),
(4, '2019-04-18 02:56:59', '2019-04-18 03:11:41', NULL, 1, 'Answer 1.4', 4),
(5, '2019-04-18 02:56:59', '2019-04-18 03:14:13', NULL, 2, 'Answer 2.1', 1),
(6, '2019-04-18 02:56:59', '2019-04-18 03:14:13', NULL, 2, 'Answer 2.2', 2),
(7, '2019-04-18 02:56:59', '2019-04-18 03:14:13', NULL, 2, 'Answer 2.3', 3),
(8, '2019-04-18 02:56:59', '2019-04-18 03:14:13', NULL, 2, 'Answer 2.4', 4),
(9, '2019-04-18 03:08:12', '2019-04-18 03:14:13', NULL, 2, 'Answer 2.5', 5),
(10, '2019-04-18 12:09:05', '2019-04-24 16:29:02', NULL, 3, 'Fantastic', 1),
(11, '2019-04-18 12:09:16', '2019-04-24 16:29:27', NULL, 3, 'Awesome', 2),
(12, '2019-04-18 12:09:22', '2019-04-24 16:29:44', NULL, 3, 'Joyful', 3),
(13, '2019-04-18 12:09:28', '2019-04-24 16:30:06', NULL, 3, 'Exhausted', 4),
(14, '2019-04-18 12:09:35', '2019-04-24 16:30:18', NULL, 3, 'Bored', 5),
(15, '2019-04-18 12:10:36', '2019-04-24 16:30:41', NULL, 4, 'CSR', 1),
(16, '2019-04-18 12:10:42', '2019-04-24 16:30:54', NULL, 4, 'Team Building', 2),
(17, '2019-04-18 12:10:48', '2019-04-24 16:31:07', NULL, 4, 'Gala Dinner', 3),
(18, '2019-04-18 12:10:53', '2019-04-24 16:31:19', NULL, 4, 'Party', 4),
(19, '2019-04-18 12:10:59', '2019-04-24 16:31:38', NULL, 4, 'During the journey to Bali', 5),
(20, '2019-04-18 12:25:55', '2019-04-24 16:32:26', NULL, 5, 'Nope, everything\'s perfect', 1),
(21, '2019-04-18 12:26:01', '2019-04-24 16:32:38', NULL, 5, 'Just okay', 2),
(22, '2019-04-18 12:26:09', '2019-04-24 16:32:56', NULL, 5, 'Need improvement', 3),
(23, '2019-04-18 12:26:15', NULL, '2019-04-24 16:33:01', 5, 'Buruk', 4),
(24, '2019-04-18 12:26:22', NULL, '2019-04-24 16:33:06', 5, 'Sangat Buruk', 5),
(25, '2019-04-18 12:26:41', '2019-04-24 16:34:33', NULL, 6, 'Beach', 1),
(26, '2019-04-18 12:26:49', '2019-04-24 16:34:44', NULL, 6, 'Mountain', 2),
(27, '2019-04-18 12:26:55', '2019-04-24 16:34:53', NULL, 6, 'City', 3),
(28, '2019-04-18 12:27:01', NULL, '2019-04-24 16:34:58', 6, 'Buruk', 4),
(29, '2019-04-18 12:27:07', NULL, '2019-04-24 16:35:07', 6, 'Sangat Buruk', 5),
(30, '2019-04-24 16:35:38', NULL, NULL, 7, 'Nice', 1),
(31, '2019-04-24 16:35:52', NULL, NULL, 7, 'As sweet as honey', 2),
(32, '2019-04-24 16:36:04', NULL, NULL, 7, 'Horrible monster', 3);

-- --------------------------------------------------------

--
-- Table structure for table `survey_question`
--

CREATE TABLE `survey_question` (
  `id` int(11) NOT NULL,
  `created_at` datetime DEFAULT NULL,
  `updated_at` datetime DEFAULT NULL,
  `deleted_at` datetime DEFAULT NULL,
  `value` varchar(255) DEFAULT NULL,
  `sort` int(11) DEFAULT NULL,
  `open` varchar(3) DEFAULT 'No'
) ENGINE=InnoDB DEFAULT CHARSET=utf8;

--
-- Dumping data for table `survey_question`
--

INSERT INTO `survey_question` (`id`, `created_at`, `updated_at`, `deleted_at`, `value`, `sort`, `open`) VALUES
(1, '2019-04-09 11:00:39', '2019-04-18 03:05:13', '2019-04-18 12:03:08', 'Question 1', 1, 'Yes'),
(2, '2019-04-09 19:43:13', '2019-04-18 03:05:13', '2019-04-18 12:03:04', 'Question 2', 2, 'Yes'),
(3, '2019-04-18 12:04:21', '2019-04-24 16:15:34', NULL, 'How do you feel after you join this splash party? ( Apa yang kamu rasakan setelah ikut outting splash party ini? )', 1, 'No'),
(4, '2019-04-18 12:10:08', '2019-04-24 16:15:49', NULL, 'Which part of the event do you love the most and memorable for you? ( Moment apa yg paling berkesan dan memorable menurut anda diacara ini? )', 2, 'No'),
(5, '2019-04-18 12:11:35', '2019-04-24 16:16:04', NULL, 'Is there anything you like to share with us? ( Adakah yang mau kalian bagi kepada kami? )', 3, 'No'),
(6, '2019-04-18 12:25:12', '2019-04-24 16:16:16', NULL, 'Need your suggestion, where we should go for the next event, and why? ( Kira kira, apa yah yg keren buat outting selanjutnya, Kemana dan gimana? )', 4, 'No'),
(7, '2019-04-18 12:25:22', '2019-04-24 16:16:31', NULL, 'How nice and friendly the organizing committee was? ( Seberapa baik dan bersahabatkah para panitia?)', 5, 'No'),
(8, '2019-04-18 12:25:36', '2019-04-22 13:47:31', '2019-04-24 16:16:35', 'Mohon isikan saran serta kritik membangun, untuk kegiatan maupun pilihan lokasi untuk kegiatan seperti ini ke depannya?', 6, 'No');

-- --------------------------------------------------------

--
-- Table structure for table `voucher`
--

CREATE TABLE `voucher` (
  `id` int(11) NOT NULL,
  `created_at` datetime DEFAULT NULL,
  `updated_at` datetime DEFAULT NULL,
  `deleted_at` datetime DEFAULT NULL,
  `title` varchar(255) DEFAULT NULL,
  `image` varchar(255) DEFAULT NULL
) ENGINE=InnoDB DEFAULT CHARSET=utf8;

--
-- Dumping data for table `voucher`
--

INSERT INTO `voucher` (`id`, `created_at`, `updated_at`, `deleted_at`, `title`, `image`) VALUES
(1, '2019-04-15 03:12:15', NULL, NULL, 'Sample Voucher', 'uploads/default/coupon_souvenir.png');

-- --------------------------------------------------------

--
-- Table structure for table `voucher_member`
--

CREATE TABLE `voucher_member` (
  `id` int(11) NOT NULL,
  `created_at` datetime DEFAULT NULL,
  `updated_at` datetime DEFAULT NULL,
  `deleted_at` datetime DEFAULT NULL,
  `id_member` int(11) DEFAULT NULL,
  `id_voucher` int(11) DEFAULT NULL,
  `qrcode` varchar(100) DEFAULT NULL,
  `redeem` varchar(3) DEFAULT 'No',
  `datetime_redeem` datetime DEFAULT NULL
) ENGINE=InnoDB DEFAULT CHARSET=utf8;

--
-- Dumping data for table `voucher_member`
--

INSERT INTO `voucher_member` (`id`, `created_at`, `updated_at`, `deleted_at`, `id_member`, `id_voucher`, `qrcode`, `redeem`, `datetime_redeem`) VALUES
(1, '2019-04-15 03:12:15', NULL, NULL, 1, 1, 'EVTREDEEM', 'No', NULL);

-- --------------------------------------------------------

--
-- Table structure for table `zip_action`
--

CREATE TABLE `zip_action` (
  `id` int(11) NOT NULL,
  `created_at` datetime NOT NULL,
  `updated_at` datetime NOT NULL,
  `type` varchar(50) NOT NULL
) ENGINE=InnoDB DEFAULT CHARSET=utf8;

--
-- Dumping data for table `zip_action`
--

INSERT INTO `zip_action` (`id`, `created_at`, `updated_at`, `type`) VALUES
(0, '2019-04-27 00:18:39', '2019-04-27 15:44:10', 'export'),
(0, '2019-04-27 15:20:21', '2019-04-27 15:44:10', 'export'),
(0, '2019-04-26 16:49:45', '2019-04-27 15:44:10', 'export'),
(0, '2019-04-26 14:25:45', '2019-04-27 15:44:10', 'export'),
(0, '2019-04-27 12:26:08', '2019-04-27 15:44:10', 'export'),
(0, '2019-04-23 09:59:08', '2019-04-27 15:44:10', 'export'),
(0, '2019-04-21 22:59:36', '2019-04-27 15:44:10', 'export'),
(0, '2019-04-27 15:20:23', '2019-04-27 15:44:10', 'export'),
(0, '2019-04-26 16:49:45', '2019-04-27 15:44:10', 'export'),
(0, '2019-04-26 14:25:45', '2019-04-27 15:44:10', 'export'),
(0, '2019-04-27 12:26:08', '2019-04-27 15:44:10', 'export'),
(0, '2019-04-23 09:59:08', '2019-04-27 15:44:10', 'export'),
(0, '2019-04-21 22:59:36', '2019-04-27 15:44:10', 'export'),
(0, '2019-04-27 15:34:18', '2019-04-27 15:44:10', 'export'),
(0, '2019-04-27 00:18:39', '2019-04-27 15:44:10', 'export'),
(0, '2019-04-26 16:49:45', '2019-04-27 15:44:10', 'export'),
(0, '2019-04-26 14:25:45', '2019-04-27 15:44:10', 'export'),
(0, '2019-04-27 12:26:08', '2019-04-27 15:44:10', 'export'),
(0, '2019-04-23 09:59:08', '2019-04-27 15:44:10', 'export'),
(0, '2019-04-21 22:59:36', '2019-04-27 15:44:10', 'export'),
(0, '2019-04-27 15:42:07', '2019-04-27 15:44:10', 'export'),
(0, '2019-04-27 00:18:39', '2019-04-27 15:44:10', 'export'),
(0, '2019-04-26 16:49:45', '2019-04-26 16:49:45', 'slider'),
(0, '2019-04-26 14:25:45', '2019-04-26 14:25:45', 'document'),
(0, '2019-04-27 12:26:08', '2019-04-27 12:26:08', 'image_profile'),
(0, '2019-04-23 09:59:08', '2019-04-23 09:59:08', 'image_speaker'),
(0, '2019-04-21 22:59:36', '2019-04-21 22:59:36', 'maps'),
(0, '2019-04-27 15:44:13', '2019-04-27 15:44:13', 'setting');

--
-- Indexes for dumped tables
--

--
-- Indexes for table `agenda`
--
ALTER TABLE `agenda`
  ADD PRIMARY KEY (`id`);

--
-- Indexes for table `agenda_document`
--
ALTER TABLE `agenda_document`
  ADD PRIMARY KEY (`id`);

--
-- Indexes for table `agenda_speaker`
--
ALTER TABLE `agenda_speaker`
  ADD PRIMARY KEY (`id`);

--
-- Indexes for table `auth`
--
ALTER TABLE `auth`
  ADD PRIMARY KEY (`id`);

--
-- Indexes for table `cms_apicustom`
--
ALTER TABLE `cms_apicustom`
  ADD PRIMARY KEY (`id`);

--
-- Indexes for table `cms_apikey`
--
ALTER TABLE `cms_apikey`
  ADD PRIMARY KEY (`id`);

--
-- Indexes for table `cms_dashboard`
--
ALTER TABLE `cms_dashboard`
  ADD PRIMARY KEY (`id`);

--
-- Indexes for table `cms_email_queues`
--
ALTER TABLE `cms_email_queues`
  ADD PRIMARY KEY (`id`);

--
-- Indexes for table `cms_email_templates`
--
ALTER TABLE `cms_email_templates`
  ADD PRIMARY KEY (`id`);

--
-- Indexes for table `cms_logs`
--
ALTER TABLE `cms_logs`
  ADD PRIMARY KEY (`id`);

--
-- Indexes for table `cms_menus`
--
ALTER TABLE `cms_menus`
  ADD PRIMARY KEY (`id`);

--
-- Indexes for table `cms_menus_privileges`
--
ALTER TABLE `cms_menus_privileges`
  ADD PRIMARY KEY (`id`);

--
-- Indexes for table `cms_moduls`
--
ALTER TABLE `cms_moduls`
  ADD PRIMARY KEY (`id`);

--
-- Indexes for table `cms_notifications`
--
ALTER TABLE `cms_notifications`
  ADD PRIMARY KEY (`id`);

--
-- Indexes for table `cms_privileges`
--
ALTER TABLE `cms_privileges`
  ADD PRIMARY KEY (`id`);

--
-- Indexes for table `cms_privileges_roles`
--
ALTER TABLE `cms_privileges_roles`
  ADD PRIMARY KEY (`id`);

--
-- Indexes for table `cms_settings`
--
ALTER TABLE `cms_settings`
  ADD PRIMARY KEY (`id`);

--
-- Indexes for table `cms_statistics`
--
ALTER TABLE `cms_statistics`
  ADD PRIMARY KEY (`id`);

--
-- Indexes for table `cms_statistic_components`
--
ALTER TABLE `cms_statistic_components`
  ADD PRIMARY KEY (`id`);

--
-- Indexes for table `cms_users`
--
ALTER TABLE `cms_users`
  ADD PRIMARY KEY (`id`);

--
-- Indexes for table `committee`
--
ALTER TABLE `committee`
  ADD PRIMARY KEY (`id`);

--
-- Indexes for table `daily_backup`
--
ALTER TABLE `daily_backup`
  ADD PRIMARY KEY (`id`);

--
-- Indexes for table `document`
--
ALTER TABLE `document`
  ADD PRIMARY KEY (`id`);

--
-- Indexes for table `feedback`
--
ALTER TABLE `feedback`
  ADD PRIMARY KEY (`id`);

--
-- Indexes for table `gallery_date`
--
ALTER TABLE `gallery_date`
  ADD PRIMARY KEY (`id`);

--
-- Indexes for table `gallery_image`
--
ALTER TABLE `gallery_image`
  ADD PRIMARY KEY (`id`);

--
-- Indexes for table `gallery_panel`
--
ALTER TABLE `gallery_panel`
  ADD PRIMARY KEY (`id`);

--
-- Indexes for table `maps`
--
ALTER TABLE `maps`
  ADD PRIMARY KEY (`id`);

--
-- Indexes for table `member`
--
ALTER TABLE `member`
  ADD PRIMARY KEY (`id`);

--
-- Indexes for table `member_regid`
--
ALTER TABLE `member_regid`
  ADD PRIMARY KEY (`id`);

--
-- Indexes for table `message`
--
ALTER TABLE `message`
  ADD PRIMARY KEY (`id`),
  ADD KEY `type` (`type`),
  ADD KEY `is_read` (`is_read`),
  ADD KEY `id_member` (`id_member`),
  ADD KEY `id_member_2` (`id_member`,`type`),
  ADD KEY `id_member_3` (`id_member`,`type`,`is_read`);

--
-- Indexes for table `migrations`
--
ALTER TABLE `migrations`
  ADD PRIMARY KEY (`id`);

--
-- Indexes for table `module`
--
ALTER TABLE `module`
  ADD PRIMARY KEY (`id`),
  ADD KEY `deleted_at` (`deleted_at`,`status`,`admin_status`),
  ADD KEY `deleted_at_2` (`deleted_at`),
  ADD KEY `status` (`status`),
  ADD KEY `admin_status` (`admin_status`);

--
-- Indexes for table `notification`
--
ALTER TABLE `notification`
  ADD PRIMARY KEY (`id`),
  ADD KEY `id` (`id`);

--
-- Indexes for table `notification_member`
--
ALTER TABLE `notification_member`
  ADD PRIMARY KEY (`id`),
  ADD KEY `id_member` (`id_member`),
  ADD KEY `id_notification` (`id_notification`),
  ADD KEY `id_notification_2` (`id_notification`,`id_member`);

--
-- Indexes for table `qna`
--
ALTER TABLE `qna`
  ADD PRIMARY KEY (`id`);

--
-- Indexes for table `qna_detail`
--
ALTER TABLE `qna_detail`
  ADD PRIMARY KEY (`id`);

--
-- Indexes for table `quiz`
--
ALTER TABLE `quiz`
  ADD PRIMARY KEY (`id`);

--
-- Indexes for table `quiz_answer`
--
ALTER TABLE `quiz_answer`
  ADD PRIMARY KEY (`id`);

--
-- Indexes for table `quiz_answer_detail`
--
ALTER TABLE `quiz_answer_detail`
  ADD PRIMARY KEY (`id`);

--
-- Indexes for table `quiz_question`
--
ALTER TABLE `quiz_question`
  ADD PRIMARY KEY (`id`);

--
-- Indexes for table `scan_member`
--
ALTER TABLE `scan_member`
  ADD PRIMARY KEY (`id`);

--
-- Indexes for table `scan_type`
--
ALTER TABLE `scan_type`
  ADD PRIMARY KEY (`id`);

--
-- Indexes for table `setting`
--
ALTER TABLE `setting`
  ADD PRIMARY KEY (`id`);

--
-- Indexes for table `slider`
--
ALTER TABLE `slider`
  ADD PRIMARY KEY (`id`);

--
-- Indexes for table `speaker`
--
ALTER TABLE `speaker`
  ADD PRIMARY KEY (`id`);

--
-- Indexes for table `survey_answer`
--
ALTER TABLE `survey_answer`
  ADD PRIMARY KEY (`id`);

--
-- Indexes for table `survey_option`
--
ALTER TABLE `survey_option`
  ADD PRIMARY KEY (`id`);

--
-- Indexes for table `survey_question`
--
ALTER TABLE `survey_question`
  ADD PRIMARY KEY (`id`);

--
-- Indexes for table `voucher`
--
ALTER TABLE `voucher`
  ADD PRIMARY KEY (`id`);

--
-- Indexes for table `voucher_member`
--
ALTER TABLE `voucher_member`
  ADD PRIMARY KEY (`id`);

--
-- AUTO_INCREMENT for dumped tables
--

--
-- AUTO_INCREMENT for table `agenda`
--
ALTER TABLE `agenda`
  MODIFY `id` int(11) NOT NULL AUTO_INCREMENT, AUTO_INCREMENT=45;

--
-- AUTO_INCREMENT for table `agenda_document`
--
ALTER TABLE `agenda_document`
  MODIFY `id` int(11) NOT NULL AUTO_INCREMENT, AUTO_INCREMENT=10;

--
-- AUTO_INCREMENT for table `agenda_speaker`
--
ALTER TABLE `agenda_speaker`
  MODIFY `id` int(11) NOT NULL AUTO_INCREMENT, AUTO_INCREMENT=10;

--
-- AUTO_INCREMENT for table `auth`
--
ALTER TABLE `auth`
  MODIFY `id` int(11) NOT NULL AUTO_INCREMENT, AUTO_INCREMENT=10;

--
-- AUTO_INCREMENT for table `cms_apicustom`
--
ALTER TABLE `cms_apicustom`
  MODIFY `id` int(10) UNSIGNED NOT NULL AUTO_INCREMENT;

--
-- AUTO_INCREMENT for table `cms_apikey`
--
ALTER TABLE `cms_apikey`
  MODIFY `id` int(10) UNSIGNED NOT NULL AUTO_INCREMENT;

--
-- AUTO_INCREMENT for table `cms_dashboard`
--
ALTER TABLE `cms_dashboard`
  MODIFY `id` int(10) UNSIGNED NOT NULL AUTO_INCREMENT;

--
-- AUTO_INCREMENT for table `cms_email_queues`
--
ALTER TABLE `cms_email_queues`
  MODIFY `id` int(10) UNSIGNED NOT NULL AUTO_INCREMENT;

--
-- AUTO_INCREMENT for table `cms_email_templates`
--
ALTER TABLE `cms_email_templates`
  MODIFY `id` int(10) UNSIGNED NOT NULL AUTO_INCREMENT, AUTO_INCREMENT=4;

--
-- AUTO_INCREMENT for table `cms_logs`
--
ALTER TABLE `cms_logs`
  MODIFY `id` int(10) UNSIGNED NOT NULL AUTO_INCREMENT, AUTO_INCREMENT=3;

--
-- AUTO_INCREMENT for table `cms_menus`
--
ALTER TABLE `cms_menus`
  MODIFY `id` int(10) UNSIGNED NOT NULL AUTO_INCREMENT, AUTO_INCREMENT=44;

--
-- AUTO_INCREMENT for table `cms_menus_privileges`
--
ALTER TABLE `cms_menus_privileges`
  MODIFY `id` int(10) UNSIGNED NOT NULL AUTO_INCREMENT, AUTO_INCREMENT=148;

--
-- AUTO_INCREMENT for table `cms_moduls`
--
ALTER TABLE `cms_moduls`
  MODIFY `id` int(10) UNSIGNED NOT NULL AUTO_INCREMENT, AUTO_INCREMENT=49;

--
-- AUTO_INCREMENT for table `cms_notifications`
--
ALTER TABLE `cms_notifications`
  MODIFY `id` int(10) UNSIGNED NOT NULL AUTO_INCREMENT, AUTO_INCREMENT=13;

--
-- AUTO_INCREMENT for table `cms_privileges`
--
ALTER TABLE `cms_privileges`
  MODIFY `id` int(10) UNSIGNED NOT NULL AUTO_INCREMENT, AUTO_INCREMENT=3;

--
-- AUTO_INCREMENT for table `cms_privileges_roles`
--
ALTER TABLE `cms_privileges_roles`
  MODIFY `id` int(10) UNSIGNED NOT NULL AUTO_INCREMENT, AUTO_INCREMENT=125;

--
-- AUTO_INCREMENT for table `cms_settings`
--
ALTER TABLE `cms_settings`
  MODIFY `id` int(10) UNSIGNED NOT NULL AUTO_INCREMENT, AUTO_INCREMENT=17;

--
-- AUTO_INCREMENT for table `cms_statistics`
--
ALTER TABLE `cms_statistics`
  MODIFY `id` int(10) UNSIGNED NOT NULL AUTO_INCREMENT;

--
-- AUTO_INCREMENT for table `cms_statistic_components`
--
ALTER TABLE `cms_statistic_components`
  MODIFY `id` int(10) UNSIGNED NOT NULL AUTO_INCREMENT;

--
-- AUTO_INCREMENT for table `cms_users`
--
ALTER TABLE `cms_users`
  MODIFY `id` int(10) UNSIGNED NOT NULL AUTO_INCREMENT, AUTO_INCREMENT=3;

--
-- AUTO_INCREMENT for table `committee`
--
ALTER TABLE `committee`
  MODIFY `id` int(11) NOT NULL AUTO_INCREMENT, AUTO_INCREMENT=19;

--
-- AUTO_INCREMENT for table `daily_backup`
--
ALTER TABLE `daily_backup`
  MODIFY `id` int(11) NOT NULL AUTO_INCREMENT, AUTO_INCREMENT=3;

--
-- AUTO_INCREMENT for table `document`
--
ALTER TABLE `document`
  MODIFY `id` int(11) NOT NULL AUTO_INCREMENT, AUTO_INCREMENT=36;

--
-- AUTO_INCREMENT for table `feedback`
--
ALTER TABLE `feedback`
  MODIFY `id` int(11) NOT NULL AUTO_INCREMENT, AUTO_INCREMENT=2;

--
-- AUTO_INCREMENT for table `gallery_date`
--
ALTER TABLE `gallery_date`
  MODIFY `id` int(11) NOT NULL AUTO_INCREMENT, AUTO_INCREMENT=4;

--
-- AUTO_INCREMENT for table `gallery_image`
--
ALTER TABLE `gallery_image`
  MODIFY `id` int(11) NOT NULL AUTO_INCREMENT, AUTO_INCREMENT=43;

--
-- AUTO_INCREMENT for table `gallery_panel`
--
ALTER TABLE `gallery_panel`
  MODIFY `id` int(11) NOT NULL AUTO_INCREMENT, AUTO_INCREMENT=18;

--
-- AUTO_INCREMENT for table `maps`
--
ALTER TABLE `maps`
  MODIFY `id` int(11) NOT NULL AUTO_INCREMENT, AUTO_INCREMENT=5;

--
-- AUTO_INCREMENT for table `member`
--
ALTER TABLE `member`
  MODIFY `id` int(11) NOT NULL AUTO_INCREMENT, AUTO_INCREMENT=646;

--
-- AUTO_INCREMENT for table `member_regid`
--
ALTER TABLE `member_regid`
  MODIFY `id` int(11) NOT NULL AUTO_INCREMENT, AUTO_INCREMENT=363;

--
-- AUTO_INCREMENT for table `message`
--
ALTER TABLE `message`
  MODIFY `id` int(11) NOT NULL AUTO_INCREMENT, AUTO_INCREMENT=5;

--
-- AUTO_INCREMENT for table `migrations`
--
ALTER TABLE `migrations`
  MODIFY `id` int(10) UNSIGNED NOT NULL AUTO_INCREMENT;

--
-- AUTO_INCREMENT for table `module`
--
ALTER TABLE `module`
  MODIFY `id` int(11) NOT NULL AUTO_INCREMENT, AUTO_INCREMENT=115;

--
-- AUTO_INCREMENT for table `notification`
--
ALTER TABLE `notification`
  MODIFY `id` int(11) NOT NULL AUTO_INCREMENT, AUTO_INCREMENT=34;

--
-- AUTO_INCREMENT for table `notification_member`
--
ALTER TABLE `notification_member`
  MODIFY `id` int(11) NOT NULL AUTO_INCREMENT, AUTO_INCREMENT=2795;

--
-- AUTO_INCREMENT for table `qna`
--
ALTER TABLE `qna`
  MODIFY `id` int(11) NOT NULL AUTO_INCREMENT, AUTO_INCREMENT=26;

--
-- AUTO_INCREMENT for table `qna_detail`
--
ALTER TABLE `qna_detail`
  MODIFY `id` int(11) NOT NULL AUTO_INCREMENT, AUTO_INCREMENT=36;

--
-- AUTO_INCREMENT for table `quiz`
--
ALTER TABLE `quiz`
  MODIFY `id` int(11) NOT NULL AUTO_INCREMENT, AUTO_INCREMENT=4;

--
-- AUTO_INCREMENT for table `quiz_answer`
--
ALTER TABLE `quiz_answer`
  MODIFY `id` int(11) NOT NULL AUTO_INCREMENT, AUTO_INCREMENT=2;

--
-- AUTO_INCREMENT for table `quiz_answer_detail`
--
ALTER TABLE `quiz_answer_detail`
  MODIFY `id` int(11) NOT NULL AUTO_INCREMENT, AUTO_INCREMENT=6;

--
-- AUTO_INCREMENT for table `quiz_question`
--
ALTER TABLE `quiz_question`
  MODIFY `id` int(11) NOT NULL AUTO_INCREMENT, AUTO_INCREMENT=16;

--
-- AUTO_INCREMENT for table `scan_member`
--
ALTER TABLE `scan_member`
  MODIFY `id` int(11) NOT NULL AUTO_INCREMENT, AUTO_INCREMENT=1167;

--
-- AUTO_INCREMENT for table `scan_type`
--
ALTER TABLE `scan_type`
  MODIFY `id` int(11) NOT NULL AUTO_INCREMENT, AUTO_INCREMENT=10;

--
-- AUTO_INCREMENT for table `setting`
--
ALTER TABLE `setting`
  MODIFY `id` int(11) NOT NULL AUTO_INCREMENT, AUTO_INCREMENT=20;

--
-- AUTO_INCREMENT for table `slider`
--
ALTER TABLE `slider`
  MODIFY `id` int(11) NOT NULL AUTO_INCREMENT, AUTO_INCREMENT=7;

--
-- AUTO_INCREMENT for table `speaker`
--
ALTER TABLE `speaker`
  MODIFY `id` int(11) NOT NULL AUTO_INCREMENT, AUTO_INCREMENT=3;

--
-- AUTO_INCREMENT for table `survey_answer`
--
ALTER TABLE `survey_answer`
  MODIFY `id` int(11) NOT NULL AUTO_INCREMENT;

--
-- AUTO_INCREMENT for table `survey_option`
--
ALTER TABLE `survey_option`
  MODIFY `id` int(11) NOT NULL AUTO_INCREMENT, AUTO_INCREMENT=33;

--
-- AUTO_INCREMENT for table `survey_question`
--
ALTER TABLE `survey_question`
  MODIFY `id` int(11) NOT NULL AUTO_INCREMENT, AUTO_INCREMENT=9;

--
-- AUTO_INCREMENT for table `voucher`
--
ALTER TABLE `voucher`
  MODIFY `id` int(11) NOT NULL AUTO_INCREMENT, AUTO_INCREMENT=2;

--
-- AUTO_INCREMENT for table `voucher_member`
--
ALTER TABLE `voucher_member`
  MODIFY `id` int(11) NOT NULL AUTO_INCREMENT, AUTO_INCREMENT=2;
COMMIT;

/*!40101 SET CHARACTER_SET_CLIENT=@OLD_CHARACTER_SET_CLIENT */;
/*!40101 SET CHARACTER_SET_RESULTS=@OLD_CHARACTER_SET_RESULTS */;
/*!40101 SET COLLATION_CONNECTION=@OLD_COLLATION_CONNECTION */;
